ppm,upper_Ip_mean,upper_Ip_std,upper_Ep_mean,upper_Ep_std,upper_Area_mean,upper_FWHM_mean,upper_skewness,upper_kurtosis,lower_Ip_mean,lower_Ip_std,lower_Ep_mean,lower_Ep_std,lower_Area_mean,lower_FWHM_mean,lower_skewness,lower_kurtosis
0,27.155655783008605,0.15795968017328385,-0.608822875,0.04199622908201848,5.598865122272651,,-1.1975849747505622,-0.06142263456820024,53.30535132885096,0.3521834118286156,-0.864021375,0.03391523103982006,11.364738640084271,,0.16842308245860405,-0.8380061385519008
0,24.296650019119717,0.1784524119103675,-0.6338422499999999,0.011118821821015892,5.01841789263235,,-1.3156404688722352,0.34379474248443853,49.473773057801196,0.8462665030987572,-0.890292,0.0,10.269432767740264,,0.1212419163672625,-0.7998456268467442
0,23.866447148088007,0.31213964840254577,-0.54627425,0.049520307616547576,4.913674313729772,,-1.1908918809623454,-0.0426835127962229,50.18128844792115,0.11675742624054077,-0.890292,0.0,10.92801374898654,,0.23648981147646408,-0.7916552431914136
0,16.634478941923664,0.5920195641491919,-0.6300889999999999,0.07234025951709046,3.5479737272968888,,-1.673636790309156,1.531693453558694,40.95669544108041,0.1512470527034164,-0.890292,0.0,8.609665516907956,,0.35817824496115636,-0.5747523873802546
0,16.349823359406567,0.4223383174205191,-0.508745,0.003309834890141808,3.402280143306488,,-1.6287791422771583,1.3404919649204874,40.58648791301405,0.09407486295236593,-0.890292,0.0,8.639646561940461,,0.4001023281909934,-0.5716557991247186
0,15.74268782929741,0.26187846772162204,-0.590058,0.08267765180506759,3.3664847924604784,,-1.6605112024183728,1.4321796485422509,39.4742213893353,0.0812202578938685,-0.890292,0.0,8.289546045121284,,0.3658204038083325,-0.6007433636281871
0,16.362027493078067,0.5122954773536509,-0.6526064999999999,0.05787010903523509,3.415589585344585,,-1.6324833687972886,1.4721536358227123,38.84181590440113,0.552617337136836,-0.890292,0.0,8.021587544129417,,0.3207875258572209,-0.6201930087413494
0,15.90981480078011,0.3755866344002848,-0.5487759999999999,0.07013241370436352,3.367363200324765,,-1.6203353398044587,1.279118488070024,39.29641944129236,0.14274362332980678,-0.890292,0.0,8.295464729045229,,0.3839024549963058,-0.5964658903848147
0,16.56299462835497,0.3913710465594706,-0.508745,0.003309834890141808,3.3107776338408907,,-1.525278659833138,1.0301078770941419,39.53367275333241,0.16703719480032855,-0.890292,0.0,8.42809831945537,,0.4161682396237126,-0.581390865394379
0,17.008142672132028,0.334384374234303,-0.508745,0.003309834890141808,3.2617666821887967,,-1.436188573121548,0.8457307831599135,39.60906938647635,0.15040292902648641,-0.890292,0.0,8.467101120289932,,0.4300322675117895,-0.5699623990765409
0,17.532893269642855,0.30766495961616763,-0.508745,0.003309834890141808,3.2671428500251505,,-1.3420619717388624,0.6439447204490905,39.985021112729946,0.07660065637664015,-0.890292,0.0,8.587878692860642,,0.4407959111286394,-0.570015783766778
0,17.654932225960493,0.3766841445313157,-0.508745,0.003309834890141808,3.216153769331604,,-1.2838531613005628,0.5474250740714752,39.918500764912494,0.138604208950285,-0.890292,0.0,8.57581711091942,,0.4420152307095158,-0.5725460493876816
0,17.842681257030122,0.218602823378111,-0.508745,0.003309834890141808,3.3260387892322973,,-1.309785794752877,0.511883957278659,40.38792288396463,0.13674839903228697,-0.890292,0.0,8.64810282708373,,0.4123206366901801,-0.6056256980156758
0,17.591247019872835,0.2956506215414333,-0.508745,0.003309834890141808,3.212534210293513,,-1.286996060712043,0.5299840342870354,39.888338711737894,0.033861184734896195,-0.890292,0.0,8.532772462585095,,0.42326406080680967,-0.5905835151186216
0,17.64907518869949,0.2880382018978931,-0.508745,0.003309834890141808,3.174832603471822,,-1.2574403263926541,0.5005608491678698,39.81676312718252,0.05529913593782535,-0.890292,0.0,8.522519066844884,,0.4280457980642194,-0.5902299555711645
0,17.74737318727002,0.3334437476863749,-0.508745,0.003309834890141808,3.1562887885590483,,-1.225592902840714,0.45626232889364726,39.848055131439374,0.08567820641860122,-0.890292,0.0,8.539103726598162,,0.43059389733122605,-0.5914914597388002
0,17.880301708955614,0.32096982882512287,-0.508745,0.003309834890141808,3.1678081166661376,,-1.2152271186930583,0.4362586342338434,39.97728495170452,0.1103240561897071,-0.890292,0.0,8.565432019526842,,0.4299083877137401,-0.5938465656073295
0,18.0121784485074,0.30338313924636834,-0.508745,0.003309834890141808,3.184036472268155,,-1.2100258949965559,0.4251192619623076,40.121808688532624,0.08600921933891036,-0.890292,0.0,8.58904767671429,,0.4269135931334265,-0.5998830097124519
0,18.11904500539322,0.346965812927438,-0.508745,0.003309834890141808,3.1881656882382083,,-1.1960859447175465,0.4044295370656775,40.2426548109262,0.06945715048454613,-0.890292,0.0,8.623618826710977,,0.4282239035062877,-0.6033077910700506
0,18.26310276861472,0.36997418147365263,-0.508745,0.003309834890141808,3.1722759934622102,,-1.1583015331111959,0.358052796280914,40.33776766420452,0.08698788419483239,-0.890292,0.0,8.66633008858968,,0.43547471215247485,-0.6009643168047497
0,18.436657127958146,0.39180672772637576,-0.508745,0.003309834890141808,3.1518453266788744,,-1.1052874769575882,0.28925614204256295,40.47715565320164,0.08050474429045006,-0.890292,0.0,8.73203455086124,,0.44433262653871675,-0.5996654410867174
0,18.78479129597764,0.4353398709291526,-0.508745,0.003309834890141808,3.153525983524313,,-1.0352750018937913,0.18748395910660132,40.8033021768398,0.11467932840201218,-0.890292,0.0,8.850004521811034,,0.4554542686866172,-0.6004930799346122
0,19.421088332918472,0.498991402444716,-0.508745,0.003309834890141808,3.2147799407290845,,-0.9742130120452142,0.08333221764069071,41.49492688018576,0.2446743802043588,-0.890292,0.0,9.0511241685121,,0.4657631980415282,-0.6058084083866351
0,20.11236075174062,0.444414727430843,-0.508745,0.003309834890141808,3.3328848765526704,,-0.9593454732408013,0.012085628658900283,42.40788557009377,0.1671647681751612,-0.890292,0.0,9.257719235353994,,0.45656164421658196,-0.6235423127447759
0,20.647170072041853,0.3275471163970165,-0.508745,0.003309834890141808,3.814520007246456,,-1.1868997660372702,0.09130641999240396,44.13205730042836,0.17056613317830444,-0.890292,0.0,9.582564631573527,,0.35253555057190267,-0.7139194432849559
0,20.346593356615255,0.34805798165244256,-0.508745,0.003309834890141808,3.5748160312398136,,-1.103392423073772,0.06583965570005179,43.45822409031383,0.09608776599216165,-0.890292,0.0,9.464359824190739,,0.40436118854887904,-0.674484854954697
0,13.025415651821744,0.12488398475697114,-0.7126537500000001,0.0043331581078354334,1.9786154039299135,0.13135149999999993,-0.6215999300802897,0.9892233664820949,35.32143884806094,0.8672747595484807,-0.890292,0.0,7.098512163950009,,0.4252392814774939,-0.3102935178309079
0,10.690328357088703,0.3137206975242738,-0.720159,0.0,1.5147520190447419,0.10758312499999999,-0.5167594274810883,1.0381396358110178,31.455956368876244,1.097270022658477,-0.890292,0.0,6.541515829650108,,0.5289620434463569,-0.3102803681105531
0,9.92442843599834,0.45508334277192874,-0.720159,0.0,1.3995591957711697,0.10132824999999998,-0.560893359070247,1.1114149940854552,30.54152141012805,1.103507349577438,-0.890292,0.0,6.393003918981812,,0.5447682384631977,-0.32758664853139535
0,10.728298571275213,0.19545980266722998,-0.720159,0.0,1.489771926294107,0.10508112499999998,-0.4164091237383572,0.8590725695823297,31.609120836174228,1.0986805657934027,-0.890292,0.0,6.470564669317165,,0.5022794648982141,-0.31834463114914485
0,11.13578456903856,0.15293358912398455,-0.7114028750000001,0.003309504171227916,1.704603546327971,0.12634799999999996,-0.7432157276997673,1.2827654405617794,33.176980478296336,0.47946862930136375,-0.890292,0.0,6.616055867229411,,0.4035359201958006,-0.39125693734906425
0,11.99341882081525,0.04017171072598629,-0.710152,0.0,1.8892097118117315,0.1363553749999999,-0.8029712497123553,1.257645646641257,33.9325527302489,0.47422182046566247,-0.890292,0.0,6.710294600339074,,0.3650004913918976,-0.4246828931450318
0,12.24838535142943,0.03417089709569687,-0.710152,0.0,1.9968742844561862,0.1476139999999999,-0.9566978800683323,1.501270844833038,34.76933822235748,0.34798758512305755,-0.890292,0.0,6.843452057912726,,0.3407969871670768,-0.45005391014921947
0,12.3832648967036,0.044536354823109844,-0.706399,0.004845102166105487,2.0749894709274495,0.16012399999999993,-1.0849619336525795,1.709745732932702,35.39071670585767,0.2577120253139328,-0.890292,0.0,6.951427304123095,,0.3232855416742336,-0.4712786073070999
0,12.467626849215328,0.03528668962889692,-0.701395,0.003309834890141808,2.1398914987356896,0.17013199999999995,-1.2169616364471567,1.9329152412560364,35.91014945638977,0.20730945193619035,-0.890292,0.0,7.050943376241375,,0.31027465616072203,-0.4901478505470713
0,14.012627354135057,0.22186277521609032,-0.700144,0.0,2.3076949381425393,0.15637124999999993,-0.8910544493880321,1.1716467352911117,36.15638149700575,0.25255576972447663,-0.890292,0.0,7.053807366718214,,0.2696874371962807,-0.5100362160994947
0,12.537956185578961,0.19444950783566078,-0.708901,0.003309834890141808,2.066678798325275,0.14886499999999991,-0.9868999645065429,1.5200842575139735,34.95976269009738,0.44776228091370435,-0.890292,0.0,6.891574659379098,,0.3144893007169177,-0.5038662423391136
0,13.417247806682859,0.18461729318832917,-0.700144,0.0,2.1772231854274415,0.14886512499999993,-0.8347425806540809,1.126470866598186,35.68720977215456,0.33589837202702005,-0.890292,0.0,6.986114437398861,,0.27342485780825027,-0.5269943510390032
0,13.966144909185564,0.0480430944941111,-0.700144,0.0,2.280417400126103,0.14511299999999994,-0.8518651911509446,1.1026125165394651,36.408893841937214,0.22838087839829946,-0.890292,0.0,7.083697102896496,,0.2436580132286596,-0.5465645357456146
0,14.157353574801544,0.03655594486784398,-0.700144,0.0,2.3410755425201337,0.15512099999999995,-0.9167574924896063,1.1897100251485533,36.96975560245308,0.1822280381328074,-0.890292,0.0,7.171777051322556,,0.22401826800087032,-0.5606657874877081
0,14.375885373593027,0.07939182682411793,-0.700144,0.0,2.3990687671060753,0.16298442857142856,-0.9608960538243512,1.2411836784776873,37.43418301738363,0.11449673546481186,-0.890292,0.0,7.252088603954505,,0.21015335767915982,-0.5709430135190352
0,14.315535722289821,0.07290375226811287,-0.700144,0.0,2.425853481252597,0.17013299999999998,-1.0517062751993664,1.3962815024136659,37.696046851510616,0.08728460097387696,-0.890292,0.0,7.312459487591807,,0.2068867240938977,-0.5797338545085511
0,14.891858891427628,0.2235778636267463,-0.700144,0.0,2.5192847012338317,0.17013299999999998,-1.0196411772236504,1.2855438584059344,37.98641350824764,0.09175100961050917,-0.890292,0.0,7.385397786146081,,0.19946769581612783,-0.588397713171309
0,14.490664693659767,0.1106124853873667,-0.700144,0.0,2.4974452040757007,,-1.1426929552446365,1.5196799174140727,38.083576348290926,0.05543888697131092,-0.890292,0.0,7.419774741310415,,0.20367222870285914,-0.5932651444005446
0,14.731074466982275,0.16827223409577052,-0.700144,0.0,2.5481337073312336,,-1.1560694318171896,1.5175772133829812,38.36520097550052,0.059258794206588174,-0.890292,0.0,7.480550179832312,,0.19732527516946147,-0.6004023226393673
0,14.490623131597177,0.11469602963044051,-0.700144,0.0,2.536259388144683,,-1.2343880926038449,1.6643588676318068,38.46488983856419,0.049367558183117465,-0.890292,0.0,7.51194211242362,,0.19855619979218056,-0.6052501398251475
0,14.33556240096947,0.09174437280114672,-0.700144,0.0,2.538876452042124,,-1.307205216329999,1.7953924595310151,38.59380443542566,0.04356779741390278,-0.890292,0.0,7.5493120028988105,,0.1984487837621297,-0.6101489118408006
0,12.274840960822486,3.519825359376245,-0.6826302499999999,0.07177577493442686,2.0829959355119145,0.08006199999999997,-0.9171491983239435,1.0605253296552557,38.32855802761992,0.7619528708051556,-0.890292,0.0,7.55825425556796,,0.2477211924313697,-0.5503942796808804
0,7.590400247564963,0.07916923341097393,-0.7701979999999999,0.0,0.7437617218816162,,0.5974290989492568,-0.9283061750085007,33.510225342221304,0.31849282052255906,-0.890292,0.0,7.042380237661814,,0.6380729027399987,-0.19912703426875183
0,7.4937104975829945,0.053360008078879265,-0.7701979999999999,0.0,0.7375354421293201,,0.6030137971977224,-0.9071604579114114,32.11753446379417,0.12349262972545323,-0.890292,0.0,6.823523341439783,,0.6491302505945857,-0.22765673334017517
2,8.996064705618688,0.24512745737291292,-0.508745,0.003309834890141808,1.5972340503137055,,-1.5609941051461345,2.219616092802537,27.849441757070693,0.2211213654080022,-0.881535,0.003309834890141808,5.174414659906113,,0.019157028012502183,-0.6610107251356014
2,8.461386944548163,0.1297060011232068,-0.508745,0.003309834890141808,1.4797249405953894,,-1.64411647511661,2.6233291961444762,30.430174231511533,0.07261754041809673,-0.8702759999999999,0.0,5.302860978519832,,-0.2337553467156649,-0.5286180277801915
2,8.213467773214287,0.07312340452491935,-0.508745,0.003309834890141808,1.4280679609121034,,-1.6059738284666203,2.5871339001517684,27.924797566982313,0.10612017322727496,-0.879033,0.003309834890141808,5.029143081563028,,-0.10436077575407199,-0.5989269576825315
2,8.001794164240621,0.11345850864352675,-0.508745,0.003309834890141808,1.3790888591127641,,-1.588493848597238,2.5575052874256645,27.70286162151875,0.07555654131324141,-0.8715269999999999,0.003309834890141808,5.0247693339821495,,-0.10736605748995776,-0.6052382116833197
2,8.038590845788242,0.17874896042140073,-0.508745,0.003309834890141808,1.388360293470577,,-1.5863436008642195,2.5438413526213055,27.79559980363004,0.1953524368575674,-0.8715269999999999,0.003309834890141808,5.014272485356406,,-0.12350146669745368,-0.5945728584552116
2,8.259631434429114,0.14873447190759806,-0.508745,0.003309834890141808,1.4181281586195056,,-1.53375833138035,2.370832793284751,28.8097800529852,0.10210541663883273,-0.8702759999999999,0.0,5.142491060165641,,-0.1604419717295283,-0.5850190841002516
2,9.096988027258838,2.2429651475518844,-0.508745,0.003309834890141808,1.5124918853617115,,-1.3550240866943677,1.9088818106195506,27.530036731800138,2.241109526595538,-0.877782,0.006619669780283616,5.15426108190681,,-0.01668119425239145,-0.6607298671398486
2,7.965187366071426,0.10810749978065927,-0.508745,0.003309834890141808,1.358891934019307,,-1.5451574620905064,2.472441967818149,28.092178478350455,0.14257350295617577,-0.8702759999999999,0.0,5.073447794971683,,-0.11935908905335849,-0.6017985345847872
2,13.075256572943719,0.27232492158250327,-0.508745,0.003309834890141808,2.6664944409178286,,-1.4640250114995186,0.7338386734874287,29.509469583806784,0.7045410625523322,-0.840252625,0.015823404958616692,5.776642176517923,,-0.06373345447052231,-0.9405449643540194
2,13.075256572943719,0.27232492158250327,-0.508745,0.003309834890141808,2.6664944409178286,,-1.4640250114995186,0.7338386734874287,29.509469583806784,0.7045410625523322,-0.840252625,0.015823404958616692,5.776642176517923,,-0.06373345447052231,-0.9405449643540194
2,10.59821170641684,1.9972303447780748,-0.508745,0.003309834890141808,2.028861916626038,,-1.507135774993392,1.5161882617016313,29.04635406024078,1.3201705225951783,-0.8490095,0.02148613572166942,5.483837872079228,,-0.10115878697696239,-0.8106342209540514
2,8.467182285272365,0.1275986334770295,-0.508745,0.003309834890141808,1.4547726519974895,,-1.481575306168872,2.174343621464945,27.19717202532466,0.18346216097854456,-0.880284,0.0,5.035848269863955,,-0.01634774427589945,-0.6422467841545374
2,8.382583835624093,0.13340051805063488,-0.508745,0.003309834890141808,1.4983081031095322,,-1.7575973480870446,2.919170967685945,29.882225328598473,0.15067516174552367,-0.8702759999999999,0.0,5.318478590692751,,-0.18586986130024463,-0.5722520379239886
2,8.32884590753968,0.1060147985233146,-0.508745,0.003309834890141808,1.4912762594171316,,-1.7629107683211251,2.9721604110841398,29.439959974905285,0.1155774729297531,-0.880284,0.0,5.185862030527225,,-0.16463364793843532,-0.5407904809353892
2,8.265604014118868,0.08463666339034549,-0.508745,0.003309834890141808,1.413033844695911,,-1.5626914013859545,2.5222879765211954,30.035371939181985,0.30314861496795714,-0.874029,0.004845102166105487,5.300152820222127,,-0.18037161650202288,-0.5434669755012005
2,8.09979349866522,0.17111526362089105,-0.508745,0.003309834890141808,1.3849372586654285,,-1.5481985515523191,2.5031067151204827,29.20549554249187,0.10505281741539929,-0.881535,0.003309834890141808,5.180434047812591,,-0.09782736439042201,-0.5500944501993905
2,8.003901400284093,0.16243528502537244,-0.508745,0.003309834890141808,1.3651341983599066,,-1.552628853692346,2.531652622225553,29.156806704450744,0.545199088539204,-0.880284,0.0,5.144505780714233,,-0.1341921064815647,-0.5423789725857397
2,8.295871740692638,0.14561310469183902,-0.508745,0.003309834890141808,1.4457665972006755,,-1.5952322699469312,2.507892139957428,29.062504300987545,0.2063096841997759,-0.880284,0.0,5.160013663054497,,-0.12231902879552747,-0.5623676005526985
2,8.008058317604622,0.09665671130134716,-0.508745,0.003309834890141808,1.3799189232048823,,-1.587326507300773,2.570500390612222,28.67163328328371,0.17859990698897737,-0.880284,0.0,5.110640025625858,,-0.12813106548448266,-0.5698322549677781
2,8.11416878424874,0.07922057173438111,-0.508745,0.003309834890141808,1.4045173922152934,,-1.5912942714004346,2.5428015476689247,28.79080519362823,0.2306814602897702,-0.879033,0.003309834890141808,5.140908845167934,,-0.14652243558690983,-0.5817183447236156
2,8.162289044715006,0.15925374892359961,-0.508745,0.003309834890141808,1.2422819428496643,,-0.8170485819116794,0.6875233352063967,27.725874710502328,0.7088215347486132,-0.890292,0.0,5.172203499207379,,0.2146974219415357,-0.5558343255759983
2,8.162289044715006,0.15925374892359961,-0.508745,0.003309834890141808,1.2422819428496643,,-0.8170485819116794,0.6875233352063967,27.725874710502328,0.7088215347486132,-0.890292,0.0,5.172203499207379,,0.2146974219415357,-0.5558343255759983
2,8.507182402344876,0.1200333489751209,-0.508745,0.003309834890141808,1.4553913251276676,,-1.4535934286643972,2.095951577108087,27.737070280384188,0.16540217913411595,-0.87528,0.0050040000000000084,5.090503898356769,,-0.06449585772713401,-0.627892964394231
2,8.167687884474205,0.09769364517048931,-0.508745,0.003309834890141808,1.2399556510201926,,-0.7805531167197813,0.5698500669924971,27.092912754225274,0.6865214091566766,-0.890292,0.0,5.150326017208707,,0.19978217381128843,-0.5919758912441806
2,7.9848573526154425,0.1090525992082697,-0.508745,0.003309834890141808,1.1985757637401342,,-0.7702783587162609,0.6036229997258202,27.481226060705243,0.36958170811251045,-0.880284,0.0,5.187385229328079,,0.14808742179145307,-0.5721137639024161
2,7.835109384758296,0.11988132315210928,-0.508745,0.003309834890141808,1.1508506430699637,,-0.6982745645006494,0.512625184189786,27.761229349968424,0.25879863019809857,-0.880284,0.0,5.2102957082709995,,0.13143307883847374,-0.5528918030919835
2,7.7532539126984075,0.1293193467285789,-0.508745,0.003309834890141808,1.1304614607426877,,-0.6831992095223827,0.512884228400207,28.027270182729062,0.3164283929323361,-0.880284,0.0,5.211553001765899,,0.10079664086346019,-0.5419431988975605
2,7.950284482814749,0.14842348080030757,-0.508745,0.003309834890141808,1.1558951979959562,,-0.6602990625486787,0.4335760826482411,28.72668609035442,0.33829230098920593,-0.880284,0.0,5.291166762412233,,0.07076739752416115,-0.5328860114747893
2,7.8355876215638505,0.10513153801909617,-0.508745,0.003309834890141808,1.1645931338748428,,-0.7732339488806268,0.656142917583629,29.12420193773898,0.2527376653363692,-0.880284,0.0,5.302940038649862,,0.028977476085026446,-0.5240682383055855
2,7.7020681902326835,0.13333475096186803,-0.508745,0.003309834890141808,1.125624107730931,,-0.7163298691105195,0.574498988435657,29.176490151866865,0.25793998614130337,-0.880284,0.0,5.295031446693132,,0.02060295921078724,-0.5113186985703587
2,7.724378340440115,0.1335969756578077,-0.508745,0.003309834890141808,1.1124337095514196,,-0.6631097789653959,0.48784780331720523,29.59907108156564,0.1753796249115756,-0.880284,0.0,5.356832435247829,,0.013929997638119586,-0.501766717927496
2,7.966391903481244,0.15286656773252136,-0.508745,0.003309834890141808,1.2149792641850556,,-0.85596648487164,0.8153305008346661,29.460633041495285,0.2987041016668778,-0.880284,0.0,5.411817960468783,,0.04471036952135535,-0.5692666288941046
2,7.528399626244586,0.11754611081470773,-0.508745,0.003309834890141808,1.0992465095558566,,-0.7278055424449396,0.6661199951776384,29.358166167252875,0.1547511555419457,-0.880284,0.0,5.356374976504135,,0.029978169359704106,-0.5308715308016306
2,8.416197984677126,0.16895434731977751,-0.508745,0.003309834890141808,1.4457225798137452,,-1.4932058185910404,2.2076532552024,28.02707879747924,0.1668793131441973,-0.8715269999999999,0.003309834890141808,5.103363213563346,,-0.09479769925543982,-0.6131400972916885
2,7.449450036810067,0.12635690511682196,-0.508745,0.003309834890141808,1.0956891136816083,,-0.7785112765366351,0.7737206311792724,29.70989625761181,0.24887114085084283,-0.880284,0.0,5.341196236328266,,-0.019343213457031442,-0.509393271994045
2,7.451346733901514,0.11306674964752868,-0.508745,0.003309834890141808,1.0875240230160095,,-0.7390744193935463,0.6776428256503464,29.99363162210496,0.19712551423391006,-0.880284,0.0,5.362098223668067,,-0.03752034717830503,-0.5012819491273445
2,7.222612581146289,0.11824089160024522,-0.508745,0.003309834890141808,1.0447251217714353,,-0.7363728365936498,0.7351603343148829,30.008121989646444,0.20588295332111367,-0.880284,0.0,5.3346611938695965,,-0.055432335620591675,-0.4848946612320211
2,7.2517451740349905,0.12724650603846419,-0.508745,0.003309834890141808,1.0394309549410852,,-0.6940780445392731,0.6409858642883481,30.239346712026496,0.21483713688806164,-0.880284,0.0,5.36199144087114,,-0.06299261623396182,-0.480626841198348
2,7.3062831215864055,0.1093649124879858,-0.508745,0.003309834890141808,1.0439585332789196,,-0.6704449072085706,0.5713950663684662,30.508204306195868,0.1697568414688257,-0.880284,0.0,5.389573462454608,,-0.07607270149741609,-0.4776598680459421
2,6.9512470318993484,0.12187309022512932,-0.508745,0.003309834890141808,0.9622815941494347,,-0.6149771240168671,0.5847356386187621,30.55852825129869,0.0880727130913664,-0.880284,0.0,5.385582333955066,,-0.07582607634227584,-0.45114991390700776
2,7.083765917604617,0.11270433796336084,-0.508745,0.003309834890141808,0.9926854826632547,,-0.625939586795865,0.5502646270298401,30.46541174897185,0.0958213472137929,-0.880284,0.0,5.383014506126422,,-0.07088376043531319,-0.4661248063023726
2,6.987826839515689,0.15418594772498254,-0.508745,0.003309834890141808,0.9671717651437934,,-0.6161747218713687,0.5835525819573858,30.80387268363093,0.14085378192185483,-0.880284,0.0,5.409230737702454,,-0.08636915267829937,-0.4433254866719698
2,7.078688627836401,0.14896534092406347,-0.508745,0.003309834890141808,0.9806053712568159,,-0.6163806894446686,0.5656284655882071,31.14195754264066,0.10810889452607689,-0.880284,0.0,5.451935599583937,,-0.09597472865749163,-0.4391000268393837
2,6.976287506502523,0.12046399024615,-0.508745,0.003309834890141808,1.0089105921998904,,-0.800797518028237,0.9828500580411571,30.729412542627138,0.19163027270874064,-0.880284,0.0,5.378161849434725,,-0.10719484199007837,-0.45880443657102266
2,8.461048265597938,0.1744438099669073,-0.508745,0.003309834890141808,1.4547298558966046,,-1.503427815501875,2.2348613964118016,28.625009328309872,0.21999510791843652,-0.8715269999999999,0.003309834890141808,5.149501486002256,,-0.12978190288200503,-0.5869389973376076
2,6.935609652412522,0.12442372032521913,-0.508745,0.003309834890141808,0.970624289543385,,-0.6566173143978009,0.6876577442118046,30.98006329512083,0.11201177269840863,-0.880284,0.0,5.441349481482474,,-0.0943732538017469,-0.46613018043714205
2,8.35478003052399,0.12642280457753863,-0.508745,0.003309834890141808,1.4474920642777063,,-1.5873387893246242,2.4728855796511775,29.25569249860659,0.0710287179458504,-0.8702759999999999,0.0,5.200918337023068,,-0.17099721470080098,-0.5634798407748185
2,8.458213134235205,0.10437720747501614,-0.508745,0.003309834890141808,1.4625058574739354,,-1.5456623115655819,2.3414479682763396,29.155881110682706,0.11328247634125914,-0.8702759999999999,0.0,5.1952858551472865,,-0.1622199473920251,-0.5713015054060027
2,8.1558193789412,0.13072691385662433,-0.508745,0.003309834890141808,1.415340738786624,,-1.6390825223850807,2.675012560333256,29.42613174834505,0.09520658986662078,-0.8702759999999999,0.0,5.2005999159266825,,-0.18372600609062129,-0.5455277512201249
2,8.416175029441735,0.19408159399254074,-0.508745,0.003309834890141808,1.467195672472089,,-1.6342089972334048,2.6141330377310883,29.99615231975558,0.22682028410123864,-0.8702759999999999,0.0,5.259562113649329,,-0.2128277880169903,-0.5382411854182079
4,12.326850142049935,0.27943986526408365,-0.700144,0.0,2.4878628512995555,,-1.7896401601350345,2.2930749772829766,32.36391125850918,0.19443134874421736,-0.857766,0.006619669780283569,5.94830184105075,,-0.22065274463100248,-0.6121030025884924
4,14.283486598917712,0.22681558146275407,-0.691387,0.003309834890141808,2.855824995675163,,-1.6288751907859462,1.7270412669404809,36.52267444012891,0.2333489393934425,-0.8402529999999999,0.0,6.345684115607522,,-0.3700338091222738,-0.724973486528526
4,14.276228888523594,0.06281078499172402,-0.691387,0.003309834890141808,2.8662556721653307,,-1.6368309727932964,1.7096608628562708,36.872448193795044,0.13664811131797794,-0.8402529999999999,0.0,6.35913676976527,,-0.37656029711379924,-0.7166802004495396
4,14.380382141919155,0.12250655504759388,-0.690136,0.0,2.8889003426303814,,-1.6381768200781246,1.7066096608558112,37.1340021887265,0.14608404415242676,-0.8352489999999999,0.005003999999999953,6.391556809357446,,-0.38254644757120204,-0.7201270787384626
4,14.345612641012773,0.14764650409829133,-0.690136,0.0,2.8652828996456874,,-1.6256104415789996,1.6986579417892669,37.491113640656515,0.17729534234767613,-0.8377509999999999,0.004333591120537291,6.409478967760451,,-0.39551625336705865,-0.7151613619209978
4,14.531853917216775,0.17700867172649942,-0.690136,0.0,2.9098589407922906,,-1.625781414707919,1.6925130673512765,37.79856920741788,0.21380403766109854,-0.8352489999999999,0.005003999999999953,6.43476782631374,,-0.4039395981241465,-0.715617594558307
4,14.14783437592439,0.2068790545165823,-0.69514,0.0050040000000000084,2.7975203935181883,,-1.6172278610822701,1.7589699748121719,34.72030304080083,0.07116192375492007,-0.847758375,0.006619244574298132,6.244335975462112,,-0.32657790430203915,-0.7569482166446049
4,13.949424246221103,0.25618321214582174,-0.696391,0.004845102166105487,2.7662003575454372,,-1.6129361819973087,1.7592049368147933,34.640965655474346,0.3174601665263331,-0.8402529999999999,0.0,6.188768328547036,,-0.3180715638620445,-0.7371941532181282
4,13.913425837508985,0.1694546545563013,-0.697642,0.004333591120537338,2.7662666021482316,,-1.6246098243898406,1.768786966703566,35.1801239432449,0.22943076202806578,-0.8402529999999999,0.0,6.2317197912402476,,-0.3336590776798264,-0.7457910013749579
4,13.930009229775397,0.0974364202334477,-0.698893,0.003309834890141808,2.7716068509613385,,-1.6330605591098437,1.8023569503145864,35.614432110055866,0.12578620381898892,-0.8402529999999999,0.0,6.239860889163779,,-0.35199542958586705,-0.7415005847763316
4,14.401921713225974,0.1510565948319605,-0.698893,0.003309834890141808,2.8488319917186615,,-1.5987791637360829,1.74107611492831,35.964784033202505,0.2617549771073297,-0.8402529999999999,0.0,6.297858781515334,,-0.35549781270934383,-0.741596823884149
4,12.545263548457761,0.19191732812770346,-0.700144,0.0,2.5477170358212424,,-1.79286373062472,2.237569462004501,32.74011148216538,0.5236358685081913,-0.860268,0.010007999999999975,5.971288538415333,,-0.24521350761518992,-0.6169734793991813
4,14.349060422104941,0.09990295981504341,-0.697642,0.004333591120537338,2.8378454525398595,,-1.6036945544735677,1.742847282042207,36.39825191408725,0.13609558376267458,-0.8402529999999999,0.0,6.332207183960939,,-0.3679469239680424,-0.7417580562495126
4,14.62429049581075,0.20320716539968975,-0.69514,0.0050040000000000084,2.87249706466019,,-1.5581835783017453,1.6448453378936083,36.789414236187724,0.20903515073172516,-0.8402529999999999,0.0,6.376384568512695,,-0.3778882005224627,-0.748172433610378
4,14.979389572420597,0.12511654862140523,-0.697642,0.004333591120537338,2.933399252236545,,-1.5399639410644876,1.613243451382543,36.93781772573497,0.20785838624045527,-0.8402529999999999,0.0,6.400318134770814,,-0.38108603016511433,-0.7505707100578993
4,15.029432160218217,0.14277846122035584,-0.696391,0.004845102166105487,2.926006400278702,,-1.5278954173454022,1.6397712834957203,37.14701549981056,0.2988403165824418,-0.8402529999999999,0.0,6.434067152859241,,-0.3893291135667267,-0.7545096375911604
4,15.971887670341772,0.2894262366118995,-0.696391,0.004845102166105487,3.1136446219811544,,-1.4997367473577141,1.583926079224129,38.1009984073322,0.518111518258133,-0.8427547499999999,0.004333158107835482,6.71754184230656,,-0.3748323175670346,-0.7588169145569381
4,14.593945499959377,0.16648056898277114,-0.700144,0.0,2.8506058045894234,,-1.5667748983861545,1.7656005252038383,36.97351516884916,0.11364631642222674,-0.8402529999999999,0.0,6.4475310614179495,,-0.36969634907237775,-0.7493935779597856
4,14.991562082467496,0.17130420944017422,-0.700144,0.0,2.9139514680267102,,-1.5391423211277773,1.7145983879976445,37.33413782789046,0.08659547227541015,-0.8402529999999999,0.0,6.51734908663516,,-0.37254844403435433,-0.7400941376195631
4,14.782728941968756,0.31148440325854837,-0.700144,0.0,2.8574488482552725,,-1.5269168371972721,1.7103403612365518,36.88382668349111,0.17009789525316119,-0.8402529999999999,0.0,6.415989021463552,,-0.378994808229288,-0.7438521007787329
4,12.558934616991309,0.5115402781991004,-0.69514,0.0050040000000000084,2.5774891517854037,,-1.7805501427537136,2.186526326219461,32.58995125454993,0.75895953477856,-0.859017,0.013646798855409257,6.084361325459042,,-0.20211699857018972,-0.679674534520176
4,10.779007341468224,0.30884183696665973,-0.696391,0.004845102166105487,2.2848416560566607,,-1.903893375035271,2.4327307300673873,29.55100526157554,0.3652735195963435,-0.85026,0.0,5.729437043643987,,-0.08763031034531539,-0.6895385111371716
4,12.244626077205055,0.13966839925828958,-0.700144,0.0,2.4869610014003114,,-1.7788573640039678,2.152567616664313,32.54390092032373,0.14697760951924846,-0.8452565,0.00500350000000005,5.940274672949056,,-0.24311767307384602,-0.6670500069679374
4,10.326920922032803,0.13473480323908565,-0.698893,0.003309834890141808,2.22999158026008,,-1.913389406781437,2.361428634251034,28.715835208216056,0.07248500154848052,-0.8427547499999999,0.004333158107835482,5.623745132256492,,-0.055022998585609266,-0.7079943186996561
4,10.2904464766955,0.1871392692599922,-0.697642,0.004333591120537338,2.2288503050527932,,-1.9274182292449478,2.416323223713718,28.971891433008622,0.06867391710316312,-0.8415038749999999,0.003309504171227953,5.632519077877834,,-0.07302369162823982,-0.7143060091082349
4,10.454433422235722,0.12801718728440573,-0.697642,0.004333591120537338,2.2414943073925424,,-1.9053316517665384,2.3489645701851383,29.20744430977178,0.08317860883974147,-0.8402529999999999,0.0,5.642967598707697,,-0.09984544810677398,-0.7369751579647892
4,10.70140380340455,0.08281046549901186,-0.692638,0.004333591120537338,2.2925654367876493,,-1.8901816839239702,2.2919111048647527,29.946403914312732,0.2276373044486116,-0.8402529999999999,0.0,5.717133484237397,,-0.13612076447985616,-0.7554995969104362
4,10.892633261580055,0.12351841168364401,-0.692638,0.004333591120537338,2.355231419640999,,-1.8981464316238537,2.300115872863616,30.755761550333652,0.1894622693519175,-0.8402529999999999,0.0,5.795167441098987,,-0.15987421983200464,-0.7476661458705074
4,11.057281787549572,0.08575908024620726,-0.690136,0.0,2.4029514135881533,,-1.880224008832987,2.1930038181356952,31.322277139926005,0.22364758159595288,-0.8402529999999999,0.0,5.8612994525332365,,-0.1721662368541338,-0.7492484214642707
4,12.33285414154939,0.18487477261493931,-0.691387,0.003309834890141808,2.6009707432921436,,-1.8006657424515886,2.0008389922957166,32.70842022876529,0.1404570439612785,-0.8402529999999999,0.0,6.053042520171028,,-0.21998144870191003,-0.7757271918754938
4,12.20786144673518,0.22965072355990396,-0.690136,0.0,2.620200402121919,,-1.8173594491581624,1.96459171772335,32.88566697603261,0.1462945951408208,-0.8390019999999999,0.0033098348901417717,6.071984476042969,,-0.20944258608671537,-0.7711946656672439
4,12.334899618492933,0.14659218691364787,-0.690136,0.0,2.6481504308604635,,-1.8114245500482213,1.938009070848224,33.459197015480655,0.09780806092090724,-0.8327469999999999,0.004333591120537291,6.137359150285174,,-0.22296831529109318,-0.7826265496980137
4,12.393936996996722,0.14324516500301446,-0.690136,0.0,2.637233053856758,,-1.8022768215901717,1.950275189838783,33.87216794118412,0.0769069970317688,-0.833998,0.004845102166105433,6.163030041828282,,-0.2487304735431792,-0.7839361441694922
4,12.304573013528106,0.08522562175912353,-0.700144,0.0,2.4968548687760808,,-1.7663534928005857,2.1059159250913684,32.95452937941915,0.24453953086527772,-0.8402529999999999,0.0,5.9550274914693055,,-0.255313241661077,-0.6907013440142529
4,12.529861159943152,0.18411470287451615,-0.690136,0.0,2.6690164151705713,,-1.810087212981982,2.0017397207822403,34.23745352383202,0.06776157538199211,-0.8377509999999999,0.004333591120537291,6.185369989450707,,-0.2727185482973171,-0.7738159968815969
4,12.834562984825904,0.22448589247084294,-0.690136,0.0,2.7335692095702218,,-1.8242665386124135,2.063388968378793,35.22624986042564,0.11438949963225467,-0.8402529999999999,0.0,6.28536912940098,,-0.2913512311092742,-0.7400507396708927
4,12.404768398962808,0.18927787334964508,-0.690136,0.0,2.6707663068423204,,-1.834312705575683,2.0443525445110358,34.40768179452106,0.10048560222923981,-0.8339979999999999,0.004845102166105433,6.211472302557161,,-0.26370696258741955,-0.7637083373930782
4,13.830484518073558,0.26462371612295954,-0.690136,0.0,2.9017949942231462,,-1.7684331529160653,1.9433847503067763,35.98941675448228,0.18926590206812163,-0.8390019999999999,0.0033098348901417717,6.485058249956905,,-0.29129578779335863,-0.7736330836192399
4,13.13193152926133,0.2612853205930972,-0.691387,0.003309834890141808,2.786460286895853,,-1.8096535123583508,2.0285994102581792,35.43037905167293,0.13852054069250067,-0.8364999999999999,0.004845102166105433,6.374705913427739,,-0.2806592341223336,-0.7733282833276736
4,14.419053056561111,0.28083836166462733,-0.690136,0.0,2.9945404443293246,,-1.7227792390025054,1.8595367505563762,36.28608052155479,0.2502978202744511,-0.8402529999999999,0.0,6.544746495477273,,-0.3040004705268344,-0.7857851428914946
4,13.439395603079873,0.20801789939996734,-0.690136,0.0,2.841384728489769,,-1.7989111077793032,2.014239900552342,35.70823476042112,0.07147883278830024,-0.8390019999999999,0.0033098348901417717,6.447220911631433,,-0.2812491440204517,-0.7752162077732131
4,13.586222152187014,0.20905911989870277,-0.690136,0.0,2.8640977934998837,,-1.7880499873092772,1.9736928957394233,36.10411804477809,0.09820692828528482,-0.8390019999999999,0.0033098348901417717,6.453581014085232,,-0.29998178768282896,-0.7737036607225087
4,13.539853190796324,0.20426983828708986,-0.690136,0.0,2.8675019103816592,,-1.788370181850771,1.9451724760009936,36.02664276989082,0.08783947736533615,-0.831496,0.0033098348901417717,6.44108157339506,,-0.29409665790765194,-0.7903125045486323
4,14.454484065643001,0.2987608382159163,-0.690136,0.0,2.9785834063890757,,-1.6996330089856668,1.8200915780838747,36.193819023205215,0.2341277033266632,-0.8402529999999999,0.0,6.517098178608604,,-0.3105567137773245,-0.807944226388383
4,12.5188716320346,0.106704577000218,-0.69514,0.0050040000000000084,2.567064668242203,,-1.7922739971106547,2.229678801018026,33.521771344489515,0.38725948430434176,-0.860268,0.010007999999999975,6.057164500314906,,-0.2723760166370878,-0.603802576188893
4,14.128476715074818,0.22752248782915263,-0.690136,0.0,2.9269249683325915,,-1.7315991720328046,1.9098410461594522,35.879653765945115,0.1515897526295445,-0.8402529999999999,0.0,6.459457500595057,,-0.3045453255013155,-0.7927030441638121
4,12.653878792518906,0.15909103347343392,-0.696391,0.004845102166105487,2.5924811786233053,,-1.7753734697594123,2.106193999572163,33.735624782039096,0.14793392034478095,-0.8427547499999999,0.004333158107835482,6.123559564933111,,-0.27187916766102715,-0.699939750854005
4,12.77556604861108,0.23652167776434302,-0.696391,0.004845102166105487,2.599225681197134,,-1.7431751605163428,2.001750766941622,34.238896067113046,0.37962262104469463,-0.8402529999999999,0.0,6.118010028689932,,-0.29531027437772617,-0.7166540356729993
4,14.036508013744555,0.24703320369781226,-0.692638,0.004333591120537338,2.8112432086001284,,-1.663734280773725,1.8566249291046404,35.61892575721947,0.2744708883061966,-0.8402529999999999,0.0,6.3152904749232555,,-0.3306550658959639,-0.7253699348371239
4,14.279521116874061,0.18747474909076667,-0.690136,0.0,2.8453723330265284,,-1.627924742237892,1.738549151270219,35.97228225086124,0.30323656540085275,-0.8402529999999999,0.0,6.326719834326369,,-0.34269317369280006,-0.736902415259333
6,7.900296859379477,0.4842552475984167,-0.6726219999999999,0.004333591120537338,1.3366107436769434,0.18139099999999997,-1.2274656171428966,2.1217831522661754,32.84168209091809,0.340533150715146,-0.880284,0.0,6.166006901705277,,0.004436269504971964,-0.6736560227559817
6,7.313776041702708,0.19568713784111003,-0.677626,0.004333591120537338,1.246689767547743,0.1801402857142857,-1.5704066225725863,3.4668772261348275,36.686373892397164,0.26559232293712015,-0.879033,0.003309834890141808,6.527666392270952,,-0.13767819152108945,-0.5171082448072504
6,7.116035527182505,0.14395702552585612,-0.6701199999999999,0.0,1.146806606646464,0.16888199999999998,-1.366908686495834,2.9805481087086276,37.32341903596229,0.5577418593954017,-0.8715269999999999,0.003309834890141808,6.57047879539734,,-0.18857244414905694,-0.4728096159921744
6,6.780497635822479,0.21098490982438423,-0.6701199999999999,0.0,1.0943313976153854,0.17138374999999997,-1.3452928509563171,2.86325614281692,35.5538761915945,0.7582744329027632,-0.876531,0.004845102166105487,6.316394949042251,,-0.15501878575764758,-0.5063257141801549
6,7.169459268163749,0.21861394528596226,-0.6701199999999999,0.0,1.132350255889739,0.17013299999999998,-1.2079098468091558,2.4243263590376847,36.70002731418198,0.7494925024405994,-0.8715269999999999,0.003309834890141808,6.46348875045282,,-0.19165777462399364,-0.47976091559879586
6,6.908237715927099,0.13490257205215456,-0.677626,0.004333591120537338,1.141085656245826,0.1701328571428571,-1.5123335226446497,3.452941454436595,37.29416047825124,0.76994534162431,-0.879033,0.003309834890141808,6.526791253824327,,-0.18611221690933874,-0.47875120370456087
6,7.211133387391742,0.19725595167334883,-0.6701199999999999,0.0,1.1166149420272027,0.15136799999999995,-1.2326051175321153,2.675319417225388,38.97619861084955,0.7274358243488853,-0.8702759999999999,0.0,6.715714933989075,,-0.25314806280252544,-0.41627263972154527
6,7.212426237725438,0.28390332242824373,-0.6701199999999999,0.0,1.1131211830300596,0.15512099999999995,-1.1898236340790715,2.474212445238286,38.4440960803481,0.9602822538531453,-0.8727779999999999,0.004333591120537338,6.6164436480354105,,-0.2594247821107693,-0.42218612208965756
6,7.098070668501979,0.18045475899040425,-0.508745,0.003309834890141808,1.422778818188526,,-2.5996643587373836,6.29072796379417,38.93103454821427,1.5224497373435566,-0.882786,0.004333591120537338,6.116653665714864,,-0.4110834397554652,0.0176575686136623
6,6.673269713722042,0.12239980977063153,-0.508745,0.003309834890141808,1.3661166079166318,,-2.7199035251273727,6.933036201401909,39.74772108089824,1.0650024082090173,-0.880284,0.0,6.174645676004593,,-0.4807877500259819,0.043555628041904326
6,6.61747205348124,0.13392304954680154,-0.508745,0.003309834890141808,1.3964753623686443,,-2.704323433243018,6.847212763461792,41.18976938668827,1.097061831314856,-0.880284,0.0,6.271172770856633,,-0.5623266958464364,0.0981726297482241
6,7.1866266094155495,0.21693508032177145,-0.678877,0.003309834890141808,1.145506047906073,0.17013199999999995,-1.050504503127157,1.7626457674063851,31.46345794087751,0.5076563732627408,-0.880284,0.0,5.935252988399728,,0.02830566630576968,-0.6386846209882204
6,12.82674662454001,0.4615169518423619,-0.606321,0.004845102166105487,2.8833540568027667,,-1.825301091497439,1.9112284344693535,36.91130170523087,1.3431861288911289,-0.857766,0.006619669780283569,6.467618930172522,,-0.35824984246629016,-0.6650310266368739
6,14.323451702714614,0.4440877580500185,-0.610074,0.0,3.1672388222504324,,-1.7854692920084316,1.77243203807021,40.22903942287603,0.6223032787017535,-0.85026,0.0,6.832925416536799,,-0.43693718067517967,-0.6715336615479022
6,16.080444249332572,0.45283168600994445,-0.600066,0.0,3.479749678239048,,-1.6420299365747957,1.2529485727928718,42.21461188388342,0.5303086033453837,-0.8402529999999999,0.0,7.116248761199619,,-0.44504862632807274,-0.7331816516008554
6,6.42716230941558,0.11258686945658278,-0.508745,0.003309834890141808,1.2217197703756895,,-2.552110420275403,6.358380735910004,37.87941336643665,1.7801499133044387,-0.880284,0.0,6.040572872441215,,-0.38802128505308764,-0.12333723443191563
6,6.078027684938674,0.1292137335484579,-0.508745,0.003309834890141808,1.2025061607927974,,-2.6979290922862407,7.099341410036892,41.69258406635099,0.6831507343797768,-0.880284,0.0,6.331321157618047,,-0.5694078632147404,0.09203513827399196
6,7.603490127065296,0.11758280956844733,-0.508745,0.003309834890141808,1.4156076801211408,,-2.2521054053193694,4.947426816594216,37.27743291530932,1.4829981204387752,-0.882786,0.004333591120537338,5.974390196459787,,-0.3660501003018589,-0.13149744509933364
6,7.6091032673656205,0.13391477729085385,-0.508745,0.003309834890141808,1.4970327824201775,,-2.40225139120829,5.423563284185781,39.822828720319244,0.6314284321028681,-0.880284,0.0,6.243176943513491,,-0.4963163458375328,-0.058557400636823465
6,7.517261547330444,0.14301830441427654,-0.508745,0.003309834890141808,1.5408927318408878,,-2.416062486932778,5.46888740645732,41.350094882927465,0.7021217206123507,-0.880284,0.0,6.358794021046084,,-0.575637895583907,0.0031133496737185684
6,7.683478055636698,0.11567741638608635,-0.6188303749999999,0.04515647428923535,1.599890038182419,,-2.3995506464182883,5.442415545838623,43.59388122706075,0.6258113455929538,-0.880284,0.0,6.542227079969109,,-0.6626071360282977,0.10217673101731167
6,7.581546970400404,0.09260626929188397,-0.6138263749999999,0.04302686141510179,1.5908742033463792,,-2.477396193413747,5.780579393906004,44.24192044303749,0.6650131902142653,-0.879033,0.003309834890141808,6.574701643133871,,-0.6972246101941264,0.12395546986333655
6,7.617701639024133,0.04494724703496811,-0.6701199999999999,0.0,1.21809948680026,0.17013199999999995,-1.0633823955079975,1.783371405979358,32.59087671729796,0.25924546734023807,-0.880284,0.0,6.088808124615679,,-0.010825259280123248,-0.6255554332836157
6,8.78144586408276,0.33405022138138357,-0.6275872499999999,0.0043331581078354334,1.7996154685623789,,-2.2879647833223657,4.994397678292683,48.697296035908145,0.24642860973480965,-0.874029,0.004845102166105487,7.057626476484204,,-0.7834343256847295,0.21414780149525647
6,12.411421179675644,13.23953244300262,-0.5237566250000001,0.040323148298891234,1.8743449495777715,,-2.1517752436164193,5.311763143746841,43.124887953611974,2.386948054878067,-0.87528,0.0050040000000000084,6.763644121533774,,-0.5302539904589435,-0.06224723880655736
6,7.263882424621211,0.09520505716804734,-0.508745,0.003309834890141808,1.4509143851444364,,-2.425346746214024,5.407598499062541,37.633178706939916,1.6389223673766473,-0.880284,0.0,6.078662043375031,,-0.4205302917026642,-0.23004450792740505
6,7.190677475189396,0.0922939605167403,-0.508745,0.003309834890141808,1.459946275334736,,-2.4852363431932765,5.646391732982426,39.088697672758826,1.6653227809865385,-0.880284,0.0,6.209888320175343,,-0.4691717924379931,-0.16460836172642346
6,7.0770111738861825,0.10688739071085732,-0.508745,0.003309834890141808,1.4240778956224407,,-2.486352292246836,5.720961512896304,38.39862356336578,1.4535922455825034,-0.879033,0.003309834890141808,6.134772367886585,,-0.46770701809538345,-0.19547562797302442
6,6.885815723967354,0.10464896698762301,-0.508745,0.003309834890141808,1.4392310481749901,,-2.6134422819781973,6.265635489448399,40.358618982512596,1.2607063937532914,-0.8715269999999999,0.003309834890141808,6.285933702132727,,-0.5636288259344586,-0.12036555481855804
6,6.599826289272174,0.06647380059502075,-0.5362665,0.04849858437882492,1.4428460091438642,,-2.7261999918494046,6.845098298343068,42.70533910001801,1.0695693341168766,-0.8702759999999999,0.0,6.432895320799531,,-0.6669335589439329,-0.005902815759330382
6,6.354438738483047,0.15511923638044714,-0.508745,0.003309834890141808,1.3590807632795514,,-2.7684447919959974,7.097777139327537,41.679426786602605,1.3778554007190418,-0.8702759999999999,0.0,6.369761707567999,,-0.6186450204213539,-0.05516266205320103
6,6.465853810457219,0.112066080546856,-0.623834625,0.004844618043187197,1.4016765098427304,,-2.779025339282191,7.308399291866674,45.467225154617566,0.5799116386351382,-0.8702759999999999,0.0,6.648596432458273,,-0.7506465795195222,0.13953019710050696
6,6.829732687360179,0.06023486139842108,-0.6275872499999999,0.0043331581078354334,1.421082494793402,,-2.7153999465353245,7.223800661689993,48.29995260991157,0.3975263282113567,-0.8702759999999999,0.0,6.811318048530405,,-0.862165979839491,0.2982666568043501
6,7.593253444705951,0.051440975917733445,-0.6701199999999999,0.0,1.203434468999467,0.17013199999999995,-1.0457437701556487,1.7473097232704116,32.88282151627433,0.27554979890928716,-0.877782,0.004333591120537338,6.117877008457364,,-0.02667609905206586,-0.6077965294194191
6,7.3960615743776685,0.16530599493001838,-0.6288381249999999,0.003309504171227916,1.4975092946154565,,-2.5996061286213386,6.788504991180318,50.61339298466808,0.38664619033602976,-0.8702759999999999,0.0,7.019875659597146,,-0.9112169782389616,0.3813860006336495
6,5.821021223710314,0.17098015782477216,-0.5362663750000001,0.07336072559949483,1.2228457622492697,,-2.898022499898384,7.977717264823601,41.36506085365257,1.7920824379047395,-0.880284,0.0,6.369573230685141,,-0.5827644473493323,-0.0539730044103966
6,7.2004201475739205,0.10269409648529909,-0.6288381249999999,0.003309504171227916,1.448857189986703,,-2.644956645833905,7.140015941612044,51.853699201668434,0.4432081714148394,-0.8715269999999999,0.003309834890141808,7.0680489679439695,,-0.9656940101424973,0.4700406837294217
6,5.808920472993294,0.08152779589077612,-0.648854125,0.04705697754169274,1.253314409718043,,-2.897722717990468,8.179649313397883,45.977801700622265,0.49658250225651945,-0.87528,0.0050040000000000084,6.652351558138484,,-0.7888245519709183,0.226362316961084
6,6.402766759307326,0.12187959542495169,-0.620082,0.0,1.3161773086959654,,-2.779732691158836,7.780412546935227,48.99262454942277,0.5295910416495081,-0.8727779999999999,0.004333591120537338,6.86032887297959,,-0.8890467896985529,0.3651398548376833
6,6.632318785822479,0.04400423144534867,-0.626336375,0.004844618043187197,1.3374291237409996,,-2.7286101006428307,7.679990372644978,51.325229201853325,0.3993943961789297,-0.87528,0.0050040000000000084,7.001024075029375,,-0.966188313435624,0.4791597872086477
6,7.8378360916035,0.1486979939573638,-0.630089,0.0,1.5288834269454883,,-2.4811110378434957,6.518182090091273,53.80179860647092,0.32890716418733756,-0.8702759999999999,0.0,7.253535214764644,,-0.9934078872688825,0.5206130074633817
6,7.114943222095928,0.12596872654268887,-0.6275872499999999,0.0043331581078354334,1.3770856012607622,,-2.5677059948289305,7.120140260704663,53.30611010303476,0.34184422215906124,-0.8702759999999999,0.0,7.182763345225206,,-1.0004398492323396,0.5487318194897122
6,7.556551196942603,0.06110637363356684,-0.6250855,0.005003499999999994,1.4242437415684146,,-2.4389771811669103,6.658739605893454,55.296820479622056,0.28886933864237985,-0.8715269999999999,0.003309834890141808,7.341977996530668,,-1.0443675337310396,0.6310156491354524
6,7.140466588171865,0.10614849555726637,-0.626336375,0.004844618043187197,1.3705442343091154,,-2.545174806240161,7.117694906867064,55.35772531001077,0.38061723017446186,-0.880284,0.0,7.2740929620571695,,-1.0681178810865135,0.6666492494715597
6,7.970913122600977,0.0968282246779971,-0.6701199999999999,0.0,1.269531579241018,0.16888112499999997,-1.0368785045086981,1.6783599404337646,33.60004257436417,0.3328949857874047,-0.874029,0.004845102166105487,6.217088616146334,,-0.04866679910879952,-0.6033092481537167
6,7.864811904207252,0.09633731128975108,-0.508745,0.003309834890141808,1.518654982182515,,-2.203381860909678,4.483600904316522,37.86504001663958,1.4829986714655214,-0.876531,0.004845102166105487,5.99872335780976,,-0.4720928133987819,-0.14879465735504316
6,8.066915952056242,0.0789144927214261,-0.6701199999999999,0.0,1.290468275200956,0.16012499999999996,-1.0547077083087055,1.7435548025425631,34.17075693344605,0.20769632237635421,-0.8715269999999999,0.003309834890141808,6.290423736221257,,-0.06164684007555872,-0.5895954148982406
6,7.61639365980336,0.3121637384658463,-0.6726219999999999,0.004333591120537338,1.3049657608009935,0.18889649999999997,-1.390585976986317,2.6871628456005547,34.56072973256673,0.05935806394619129,-0.880284,0.0,6.296565253382328,,-0.07385907280390966,-0.5773445905123447
6,6.915682504283879,0.025461701536061705,-0.6701199999999999,0.0,1.1693058382436985,0.18014024999999997,-1.3499661595450907,2.6022237185533066,33.112645626176935,0.43999163496935284,-0.880284,0.0,6.0868960642489345,,-0.047024474542674194,-0.6032722299351074
6,6.820872477200545,0.11278076335292593,-0.6701199999999999,0.0,1.0840679095853945,0.16012499999999996,-1.12599564838732,2.0447551188773843,33.41880115994316,0.47221414109528964,-0.876531,0.004845102166105487,6.0988331015077595,,-0.08077298774613872,-0.5662358345042107
8,35.45279022456698,2.9634844146505026,-0.6738729999999999,0.004845102166105487,6.205926418888964,0.18014033333333332,-1.214418051161803,1.7643121992564814,105.50841220128063,9.266316172985597,-0.8627699999999999,0.004333591120537338,20.81669653132893,,-0.09840387369116427,-1.3068678986574995
8,18.99647999200931,0.3375800036175537,-0.681379,0.003309834890141808,2.888565057160754,0.15011599999999992,-0.4730496599570252,-0.03955100401812328,60.29944630395017,0.15427050192677239,-0.8702759999999999,0.0,10.862835219367629,,-0.05429065497195691,-0.9657675938545028
8,17.606008461291424,0.21017931729062492,-0.690136,0.0,2.6732044858179043,0.1476139999999999,-0.49723675993666183,0.07571404284388811,58.467192334442565,0.08059419902604202,-0.8702759999999999,0.0,10.643558316723588,,-0.03365709766301028,-0.9851793842546224
8,17.68182634356054,0.13674574917157248,-0.690136,0.0,2.7057583902945392,0.14886499999999991,-0.5288228792153296,0.15900265658940488,57.824380639447995,0.24923265132180789,-0.8702759999999999,0.0,10.632073810514573,,-0.016253938664823744,-1.0237725998931064
8,17.05136879970232,0.11270912380335342,-0.690136,0.0,2.6043934579457435,0.14886499999999991,-0.5378980787183787,0.19122866993667104,56.61682392693898,0.14181150126478426,-0.8702759999999999,0.0,10.46276733651644,,-0.002789174716030955,-1.0356540573639041
8,20.016810603634507,1.3365485561750676,-0.691387,0.003309834890141808,2.6327215437877034,0.1413592499999999,-0.00091019733812292,-1.1378550497552367,46.768436270932504,1.683752403506872,-0.874029,0.004845102166105487,8.951025665338152,,0.01621448868323455,-1.1434345148515912
8,20.016810603634507,1.3365485561750676,-0.691387,0.003309834890141808,2.6327215437877034,0.1413592499999999,-0.00091019733812292,-1.1378550497552367,46.768436270932504,1.683752403506872,-0.874029,0.004845102166105487,8.951025665338152,,0.01621448868323455,-1.1434345148515912
8,21.86706447441371,1.744913427021198,-0.686383,0.004845102166105487,2.934314141755862,0.14761424999999992,-0.06256897374113571,-1.149165872834865,48.83848162821065,1.451853571115107,-0.880284,0.0,9.22245364306611,,-0.026986256447863382,-1.2040154492382986
8,20.311093978679594,0.985098225080013,-0.687634,0.006619669780283616,2.745489011047133,0.15011612499999993,-0.07716818283426305,-1.2138346882792228,47.57212466952106,1.5340261682579337,-0.880284,0.0,8.938054969909512,,-0.04469857203884811,-1.214932813857578
8,18.520091975008956,0.06467546599804118,-0.68263,0.004333591120537338,2.6915339298762726,0.15762199999999993,-0.2556074445433192,-0.9920947238646391,49.02052981255407,1.028662102707033,-0.87528,0.0050040000000000084,9.546320510612212,,-0.012465301502262402,-1.2878362050403003
8,18.530467446590837,0.14119692420763727,-0.680128,0.0,2.7365130936508675,0.16012399999999993,-0.3245068078307557,-0.7950002210871144,51.43277742700212,0.881001621950818,-0.8702759999999999,0.0,10.007840402809913,,-0.014148030679280634,-1.2945073513102439
8,25.776060646428487,2.6177383315164326,-0.693889,0.004845102166105487,3.992779516222209,0.16387724999999995,-0.6300838433153375,0.4312999270413727,65.25602163875354,4.139948240655415,-0.8202375,0.04065182653645467,13.700415494765139,,0.13226626199304925,-1.2576250058049554
8,18.731194362418766,0.11442353649420904,-0.680128,0.0,2.7818359463774187,0.15887299999999993,-0.3513218470354212,-0.6779778722488119,53.25459310609211,0.684207179980379,-0.8702759999999999,0.0,10.248371301009303,,-0.021744119210371716,-1.2887601129680726
8,18.936583772591927,0.11738790197433314,-0.680128,0.0,2.7993154934479856,0.15762199999999993,-0.3285038252107773,-0.6915310763737228,53.9846465748827,0.5624343688903314,-0.8702759999999999,0.0,10.28064252349191,,-0.035025669330593964,-1.2761169283070435
8,18.653605905916237,0.14871954558528225,-0.680128,0.0,2.776353825985971,0.15762199999999993,-0.3471411894904658,-0.611978517358869,54.3036655572871,0.448203806159034,-0.8702759999999999,0.0,10.346752016457762,,-0.03453739331096731,-1.2668111925036658
8,18.44808687652411,0.11870690472160238,-0.68263,0.004333591120537338,2.7531233764588317,0.15637099999999993,-0.34960168451221674,-0.5752684325609642,54.520895860376015,0.39314654506761154,-0.8702759999999999,0.0,10.349552457272384,,-0.03806936333039746,-1.2556978251340816
8,18.26417144491336,0.2101702547130123,-0.690136,0.0,2.7204414074013386,0.15011599999999992,-0.3486104761149779,-0.5260250599092164,55.07469466281561,0.560266246139267,-0.8702759999999999,0.0,10.36108432245681,,-0.041745116304433616,-1.235743939107109
8,18.802168752371877,0.11189842647365639,-0.690136,0.0,2.7829083146680915,0.15011599999999992,-0.3322276294313048,-0.5334641979554379,56.29007101056091,0.40399885077639286,-0.8702759999999999,0.0,10.438095144765992,,-0.050137191511194064,-1.2201367877929525
8,18.34886275235383,0.09353836975444206,-0.690136,0.0,2.688179288399151,0.15011599999999992,-0.311518790228563,-0.5536276377360204,55.99650924967527,0.17903869476411613,-0.8702759999999999,0.0,10.338514724770361,,-0.054128431826772766,-1.1977779759841087
8,17.796812311859604,0.13314660475559653,-0.690136,0.0,2.597793265390594,0.15011599999999992,-0.30673748718452987,-0.5439995929234971,55.341140923115006,0.09395120691283546,-0.8702759999999999,0.0,10.222982447504108,,-0.05658126374211481,-1.1838099045313175
8,17.33208162272721,0.13585693109567845,-0.700144,0.0,2.514516152869834,0.15011599999999992,-0.2995095921433647,-0.5444439276294532,54.400568041468176,0.06320385650691387,-0.8702759999999999,0.0,10.075341837746377,,-0.05410155344538409,-1.1736867789479666
8,16.77929353554287,0.0606223038872894,-0.700144,0.0,2.4118608211437493,0.14886499999999991,-0.29552790341987145,-0.5167597689667374,53.72100488979972,0.1727321314949685,-0.8702759999999999,0.0,9.95510273405339,,-0.050369620733550745,-1.1569462979073348
8,27.46240382267306,1.753950665696458,-0.687634,0.004333591120537338,4.55533989524288,0.17638687499999994,-0.9152475554646973,1.1133391697536958,76.19965129193716,2.0176618563409616,-0.8452569999999999,0.04503499999999999,16.047780967185236,,0.0732638182093429,-1.3285021536531532
8,19.99349465550138,1.015871388547044,-0.691387,0.003309834890141808,2.786566556912872,0.14636312499999993,-0.18069929601344153,-0.6625377827037364,57.41618948423516,2.072535531763665,-0.8702759999999999,0.0,10.228535463093436,,-0.11871053065076759,-1.1147100911735512
8,21.052629897095898,1.0674312053755528,-0.698893,0.003309834890141808,2.6794946035990126,0.13885724999999993,0.07745050722491312,-1.2580619577685772,51.59345870296259,1.3798610771918023,-0.8715269999999999,0.003309834890141808,8.911554113855171,,-0.1966018801153014,-1.0019335244552667
8,19.13601838735564,0.0501222970906225,-0.700144,0.0,2.6689690670906234,0.14886499999999991,-0.13072982878179001,-1.0500328190970203,53.60435755202465,0.874406290234053,-0.8702759999999999,0.0,9.609155340385232,,-0.12312816676566019,-1.1779519227366357
8,19.073053232368267,0.07810110682765926,-0.693889,0.004845102166105487,2.6808184359513523,0.15011599999999992,-0.17345688541297175,-0.9002248383919588,55.22852267751165,0.44129183259974014,-0.8702759999999999,0.0,9.946621263023417,,-0.11541956194010744,-1.1953127408666928
8,18.538381566071376,0.10681909951963066,-0.69514,0.0050040000000000084,2.6141631302542394,0.15011599999999992,-0.19416817604264308,-0.8331355323668119,55.47511431736104,0.34574080467945983,-0.8702759999999999,0.0,9.993448790074396,,-0.11880386441252533,-1.18020907979315
8,18.11348911869584,0.2526477139760543,-0.697642,0.004333591120537338,2.550630743932923,0.15011599999999992,-0.18779163686247308,-0.8541337240464753,54.9749155009424,0.07603167218084064,-0.8702759999999999,0.0,9.89148289764957,,-0.12838002487117314,-1.160112638772044
8,17.236054425559118,0.16884120547566298,-0.700144,0.0,2.425608840261161,0.15011599999999992,-0.1950244674314216,-0.8329193237876705,53.94415672273621,0.07533199889405316,-0.8702759999999999,0.0,9.744100384124366,,-0.1308858138859983,-1.1354704735156962
8,16.702331066125495,0.09166824052950008,-0.700144,0.0,2.3315295343339564,0.1401079999999999,-0.1864392730558166,-0.8118925844676093,53.37280997465724,0.1621705165636031,-0.8702759999999999,0.0,9.625174592498551,,-0.13618023600214912,-1.1083069758130022
8,16.556518187427805,0.10546086716951494,-0.700144,0.0,2.304358398992683,0.1401079999999999,-0.1848609039054156,-0.8033995575023176,53.38045636308165,0.11587849681598178,-0.8702759999999999,0.0,9.593409873688039,,-0.14282968285760803,-1.0966157806026717
8,16.988847666495268,0.18864105844074558,-0.700144,0.0,2.3376196318285007,0.1401079999999999,-0.1704760974580499,-0.7702643461903333,54.28502483509645,0.5416853535469925,-0.8702759999999999,0.0,9.661126415125299,,-0.13446748501363295,-1.0945705914428947
8,20.967643242135587,1.234553859202342,-0.700144,0.0,2.8604304271738963,0.1326027499999999,-0.14206972244734944,-0.6303921260380336,60.673872052362874,1.6333457265720421,-0.8702759999999999,0.0,10.678388650430811,,-0.13329931374415516,-0.7795435105149355
8,17.35763877250176,0.08674973401054223,-0.700144,0.0,2.3873747862132952,0.1401079999999999,-0.17774293497342553,-0.7337449042280894,55.20507292805728,0.2622491531616248,-0.8702759999999999,0.0,9.764230893489993,,-0.13523217861465472,-1.0892352981902036
8,18.283397388041084,0.6211151477810154,-0.700144,0.0,2.4148418954133177,0.13885712499999991,-0.0410779882318081,-0.9786250865048529,54.53785407610024,0.26616869719055397,-0.8702759999999999,0.0,9.392465539725517,,-0.19141130258722996,-0.9935678656980077
8,16.74992067397182,0.16957587425136397,-0.700144,0.0,2.291715916204857,0.1401079999999999,-0.1356452692495517,-0.8803891438292961,53.639586259406514,0.05762359925146458,-0.8702759999999999,0.0,9.448390223764541,,-0.15904051656782528,-1.048556550703926
8,16.12679464020559,0.09689893766692921,-0.700144,0.0,2.1961038402507578,0.1401079999999999,-0.13284012364926037,-0.8624305792132847,52.97006457677213,0.08118572182127397,-0.8702759999999999,0.0,9.347895269407397,,-0.1556414503419192,-1.028645154433048
8,16.536033331782065,0.06396893313896232,-0.700144,0.0,2.2286173323233873,0.1401079999999999,-0.11913026579410804,-0.8476651098195431,53.42760775642581,0.34432752192444926,-0.8702759999999999,0.0,9.387412404174496,,-0.1626397765929877,-1.0333902748488057
8,17.057310156105657,0.05875851211527717,-0.700144,0.0,2.2797116665041366,0.1401079999999999,-0.11330667712711887,-0.7955544717911027,54.50512568412691,0.27622746381062024,-0.8702759999999999,0.0,9.509457194555022,,-0.16663182491806533,-1.0331251670227695
8,16.8881105613185,0.12143795380770532,-0.700144,0.0,2.2549487758300963,0.1401079999999999,-0.11259196802275932,-0.796858905115195,54.671161116508785,0.15357252113593833,-0.8702759999999999,0.0,9.47305307064941,,-0.1752007858428705,-1.0013714226030483
8,16.347829730393173,0.1371204198233808,-0.700144,0.0,2.1842082240575293,0.1401079999999999,-0.11162133333929469,-0.8131167879508635,53.973095854946735,0.07985407641011674,-0.8702759999999999,0.0,9.361254309387848,,-0.17406022341708938,-0.979964914050447
8,16.05715876168827,0.20921659394489378,-0.700144,0.0,2.1398518688425696,0.1401079999999999,-0.10414888981184955,-0.8357696602845603,53.25403658827558,0.0931691887298178,-0.8702759999999999,0.0,9.240281953595723,,-0.17712596050006707,-0.9624736648594888
8,16.975559179743826,0.4284483285123467,-0.700144,0.0,2.1448094864168006,0.13385362499999992,0.03406244386432145,-1.0065319668861896,52.25125273487096,0.34940794372331047,-0.8702759999999999,0.0,8.849890808488382,,-0.2350739836334192,-0.8658013734137792
8,18.790674055140634,0.21775515006421867,-0.710152,0.0,2.6357935212241754,0.1376062499999999,-0.2193841859871109,-0.5637638871445435,61.2079748078102,0.580127125058054,-0.8702759999999999,0.0,10.587717123716759,,-0.15894554275513145,-0.7087429333132521
8,20.94265090758472,1.1779566735004572,-0.700144,0.0,2.4360151485837997,0.12759874999999993,0.2206172015955981,-1.168621051491447,51.49292680516771,0.6993259015406867,-0.877782,0.004333591120537338,8.46772548193702,,-0.31984106989740346,-0.7627851623635789
8,18.329597988464943,0.11037356397744684,-0.710152,0.0,2.667821608438251,0.1401079999999999,-0.3157567168723804,-0.38609681552958125,61.841895452002106,0.6458891070611005,-0.8702759999999999,0.0,10.709411273782859,,-0.1500210658150697,-0.7364570170943265
8,18.88664094861104,0.07953851087800741,-0.692638,0.004333591120537338,2.868995068875722,0.1451119999999999,-0.42089047722489636,-0.19079848591814802,63.02359614236106,0.4782987254970623,-0.8702759999999999,0.0,10.964496284901358,,-0.13184509168805794,-0.8103153592308272
8,18.252359596843366,0.10419374578409397,-0.690136,0.0,2.804631236788094,0.1476139999999999,-0.501336224910368,0.04373479110533901,61.697034123791425,0.23581218784273186,-0.8702759999999999,0.0,10.900771509304516,,-0.09020278973469356,-0.8888805781673101
8,18.759299543786007,0.19837821285844348,-0.686383,0.004845102166105487,2.8782377370167493,0.15011599999999992,-0.466257051717738,-0.0808915006757906,62.46277215533904,0.15128600372271894,-0.8702759999999999,0.0,10.991474897713683,,-0.10204083840334108,-0.868681240392493
10,7.389065708973664,0.6664100758365836,-0.508745,0.003309834890141808,1.443246315383425,,-2.871074767785757,8.165867405901416,38.711010704978335,2.251008847510747,-0.8715269999999999,0.003309834890141808,6.864428996996729,,-0.1962462365943532,-0.5666635296318018
10,8.958319147921143,0.051006554907642956,-0.730167,0.0,1.7282553381120407,,-2.0471532172086047,4.705814615766558,47.524824873511875,0.3209774396603225,-0.880284,0.0,6.800772389165726,,-0.7540004888181542,0.4313748618598221
10,9.226015065367925,0.056059671233617936,-0.730167,0.0,1.7874929589818243,,-2.052947262216715,4.689620842699278,48.20211202044548,0.2125926854586589,-0.880284,0.0,6.878796239983887,,-0.7610986363259481,0.4553240225659603
10,9.357741929301913,0.05865046284436405,-0.730167,0.0,1.816315157756526,,-2.064792366177647,4.723353826685421,48.67258649448047,0.1819864559096464,-0.880284,0.0,6.951701445628601,,-0.7587796656793372,0.4524249658912248
10,9.503781848935748,0.045511260729334695,-0.730167,0.0,1.8429815490822903,,-2.084209738706961,4.797019982401039,49.156204663212435,0.24106431948715415,-0.880284,0.0,6.99395085842357,,-0.7696994919323574,0.479248688309519
10,9.85453368568268,0.047481733961286514,-0.730167,0.0,1.918674754702666,,-2.059959894032537,4.661801165431321,50.71774136438939,0.23765818991222581,-0.880284,0.0,7.0721259932676634,,-0.8376218036582824,0.5649743144702716
10,9.962284794408328,0.05409698329921272,-0.730167,0.0,1.9177232307453567,,-2.0373127489336076,4.611062384367511,51.21730485744944,0.04982702780875497,-0.880284,0.0,7.120611799950968,,-0.847298526212753,0.5844745164765671
10,9.883591731637763,0.06203903263312297,-0.730167,0.0,1.8772473828071359,,-2.044841167627216,4.700452158256271,50.778819363063626,0.012245994164416798,-0.880284,0.0,7.106578284523524,,-0.825854499482342,0.5600712874846221
10,6.3850217476010025,0.3940868209729075,-0.552529,0.07666732385442966,1.3051855552227356,,-2.507374858196303,6.252618613974798,35.53353538070886,1.491993322593725,-0.885288,0.0050040000000000084,5.989666278351699,,-0.16002211746401973,-0.25118477473031114
10,7.47441695414412,0.3033003890441712,-0.508745,0.003309834890141808,1.423122707759163,,-2.3814993113447436,5.412358068820096,33.74890150646193,1.4126619131220002,-0.890292,0.0,5.9384883937869155,,-0.008260242954139956,-0.3657789684601136
10,7.994467745377882,0.24515540624557586,-0.508745,0.003309834890141808,1.571664701671211,,-2.4325368891403443,5.516449688595976,36.49748010148807,0.7385455659049909,-0.885288,0.0050040000000000084,6.148528972358228,,-0.18283564087864707,-0.19605756800376428
10,7.887869299319085,0.24823483492001172,-0.508745,0.003309834890141808,1.5749309158920637,,-2.8065598740583515,7.649624118604767,41.12095699954904,1.3228266526288845,-0.8702759999999999,0.0,6.893836186737484,,-0.311006526881969,-0.34894720557315434
10,8.419227366057893,0.26496831173634044,-0.508745,0.003309834890141808,1.6929365079730312,,-2.3946358232097547,5.236795285908862,38.293314772488266,0.8664535941317197,-0.884037,0.004845102166105487,6.2668860181212995,,-0.2858680009757509,-0.09419534193315932
10,8.73241400148358,0.18481386971523864,-0.508745,0.003309834890141808,1.7826155137998843,,-2.3649551544683045,5.065529597531625,40.7156201085227,0.8138761453955571,-0.881535,0.003309834890141808,6.433204581254183,,-0.4094144085224795,0.03645360423672028
10,8.726389227696604,0.14225600387412518,-0.508745,0.003309834890141808,1.7794399127768201,,-2.3725315120204598,5.151597061841754,42.67596877752973,0.46752529293445816,-0.880284,0.0,6.583337953392306,,-0.4923156682700074,0.13386044323418755
10,8.701791702547796,0.14880951631626202,-0.508745,0.003309834890141808,1.772862468476317,,-2.3913455748199812,5.253582830011249,43.91229379319533,0.29730157581436806,-0.880284,0.0,6.677746227629654,,-0.5451672374638187,0.182345534280631
10,8.497196292013882,0.18951582607881257,-0.54377225,0.06147615728221386,1.7980365543546744,,-2.4572389859217676,5.431654674424761,44.195925748106035,0.6551501543553077,-0.880284,0.0,6.6353524295776225,,-0.6023763908861867,0.18981773406330577
10,8.658482364299243,0.1703839960086211,-0.5262586250000001,0.04692401859639019,1.8170017463284078,,-2.4192840216004345,5.3138599725543,46.60710814794819,0.4678031178942319,-0.880284,0.0,6.814347165481838,,-0.6935546463276068,0.3141291353595157
10,8.82223827331346,0.153821298147339,-0.631340375,0.049646531195385375,1.8409846913743952,,-2.406055127004813,5.314215887930899,48.51733312996479,0.3915472676770387,-0.880284,0.0,6.978263188972933,,-0.7510563170986575,0.397988752100978
10,9.054488706651302,0.06749347173740436,-0.631340375,0.049646531195385375,1.8899543141037287,,-2.405217201558764,5.299312573387557,50.2824495350288,0.25680402618185233,-0.880284,0.0,7.0994824246879045,,-0.8182897986607336,0.48078808408008805
10,9.263429855632179,0.07519512228777239,-0.6501049999999999,0.0,1.9200986963804805,,-2.3863945425806365,5.263717400733149,51.700698658896975,0.2801021753080264,-0.880284,0.0,7.217664920388684,,-0.8581436159745865,0.5421773163108856
10,9.52375288780209,0.05774787244880239,-0.6501049999999999,0.0,1.9575594370066638,,-2.3567499990476355,5.174660553970189,53.09820421800141,0.24105222985768343,-0.880284,0.0,7.322911761475855,,-0.9004549689532282,0.6062572051242878
10,8.073462821793829,0.16396269361818858,-0.508745,0.003309834890141808,1.6721662495902399,,-2.7713953775889975,7.432737341515893,43.205072796266194,0.711573728683796,-0.8702759999999999,0.0,6.985050944295833,,-0.40395695412309607,-0.195246545889586
10,9.813263023124062,0.03894225958048657,-0.6501049999999999,0.0,2.029787692412711,,-2.35419816976897,5.125602499029273,54.898422223060926,0.24137570205779027,-0.880284,0.0,7.394973274808509,,-0.9730855602375685,0.6882076370720946
10,10.21283641620667,0.05581409990293459,-0.6501049999999999,0.0,2.0628419050112123,,-2.2733387210682396,4.897308448595449,56.715218842388154,0.17373944637045657,-0.880284,0.0,7.527654859366516,,-1.0203346908233815,0.7841977375506467
10,10.41409070980335,0.052094926496459824,-0.6501049999999999,0.0,2.120623173358668,,-2.246990507177736,4.774244515009784,58.176110292866134,0.23700858675471054,-0.880284,0.0,7.587983322677014,,-1.0722117802563962,0.8500323545556501
10,11.063721490963164,0.08133012504934657,-0.6501049999999999,0.0,2.203138989099725,,-2.186901108448118,4.604596963369809,61.15858592765596,0.43854542953990877,-0.8702759999999999,0.0,7.877145627788483,,-1.1200307218995271,0.9355099070637599
10,11.31888745137532,0.05469785895533918,-0.6526069999999999,0.004333591120537338,2.2276471989920257,,-2.119134351790179,4.4306225377119475,62.90224155858125,0.22197734257241522,-0.8702759999999999,0.0,8.00769266106854,,-1.1509376371944653,0.9992072098989826
10,11.629751718777012,0.045256992040722394,-0.6501049999999999,0.0,2.2747762988339266,,-2.064029993584589,4.249361663575426,64.57499616179646,0.12480394387845355,-0.8702759999999999,0.0,8.100508358710137,,-1.1947008026305372,1.078942402111815
10,10.806784239556237,0.12007134537263321,-0.6701204999999999,0.0346678629388949,2.217018087963263,,-2.194173642735011,4.6153817057471205,61.63914803993502,0.5858539045415407,-0.880284,0.0,7.833297142108064,,-1.1473816929419458,0.9661669896095315
10,11.394987407336721,0.5453911785410066,-0.6338421249999999,0.006965026264083601,2.38830300250169,,-2.2905547983484187,4.755852885504945,62.32213247949583,0.43529585902217843,-0.880284,0.0,8.133923656705981,,-1.071272961399066,0.782443109312996
10,10.965046052791266,0.11697309852331599,-0.6476029999999999,0.004333591120537338,2.18352710569863,,-2.0757243654013537,4.286408341996326,63.989264891738785,0.3314496730180528,-0.880284,0.0,7.935455555893296,,-1.2156403846149497,1.1056559990628072
10,11.634811411805511,0.058789418055825854,-0.6501049999999999,0.0,2.227374444631425,,-1.8832962506170294,3.689126181401636,66.71652152237547,0.15544398818310237,-0.880284,0.0,8.098200437293356,,-1.2800219075940098,1.241317299377842
10,7.253002362477421,0.5942105080175869,-0.69639075,0.0199764452965862,1.3285895861639532,0.16262599999999994,-2.029160000484353,5.1483147171273576,41.723829791134534,1.4932656031775189,-0.881535,0.003309834890141808,6.7177353992181565,,-0.36863595155781487,-0.17276403943792468
10,12.181587249134154,0.07718931998630126,-0.6563599999999999,0.004845102166105487,2.302734230840673,,-1.7942220720157227,3.4078871566345335,67.88469055726904,0.5186033533797757,-0.880284,0.0,8.266487891302347,,-1.2805497502447873,1.2445390807686318
10,12.542199296726142,0.05432019444321179,-0.660113,0.0,2.359187839844343,0.20015499999999997,-1.7760528389167611,3.3670316623329,69.2452966257169,0.32100277043713055,-0.8702759999999999,0.0,8.423127412772015,,-1.2811111457842568,1.2355424219315976
10,12.634878858495624,0.06399229292332488,-0.660113,0.0,2.3664966258122977,0.20015499999999997,-1.754457236568172,3.316323605811935,69.9795775405257,0.21855824784001257,-0.8702759999999999,0.0,8.496984988627341,,-1.2844102003661244,1.2396358485660395
10,12.692737649549015,0.06416703764110424,-0.660113,0.0,2.3802872234782657,0.2041582,-1.7500112126082636,3.3060143761391267,70.51697538396459,0.1870182138074655,-0.8702759999999999,0.0,8.553715144664753,,-1.2874171421329432,1.2423866365577756
10,12.74415222605515,0.05707453651025983,-0.660113,0.0,2.3818248231721393,0.20766099999999998,-1.7102301798453878,3.1852738242719294,70.84132955622738,0.3827461010931595,-0.8702759999999999,0.0,8.592468562147593,,-1.2842899732006456,1.2367365064340317
10,12.707320382404355,0.07794966675416277,-0.660113,0.0,2.3841570925533144,0.208912,-1.7309506117224007,3.2572858396395694,71.5513219001713,0.19814189052872377,-0.8702759999999999,0.0,8.640969130809161,,-1.2986082933527916,1.2607602263083557
10,12.75246983299959,0.06408366809460843,-0.660113,0.0,2.400810121017275,0.208912,-1.750707086862735,3.3350357320300974,71.93950926463734,0.35968240669099255,-0.8702759999999999,0.0,8.707378444894594,,-1.2881408558549294,1.2370094103581752
10,12.581613843659765,0.05037867685314328,-0.660113,0.0,2.3574879295913704,0.20515899999999998,-1.7120262159204966,3.212252104979359,72.54416960101003,0.1289526120331517,-0.8702759999999999,0.0,8.659612634048505,,-1.3348029133726986,1.3327123122871654
10,12.52536854196424,0.04653752099238626,-0.660113,0.0,2.3243185796792165,0.201406125,-1.6759771171477866,3.1121721066163546,73.3531844540358,0.21775815464151024,-0.877782,0.004333591120537338,8.649578288433327,,-1.3657828218230916,1.3946884728394933
10,12.920984605799017,0.06272992364173073,-0.660113,0.0,2.3539905539694637,0.193900625,-1.5853705077690852,2.8480634004607848,73.70422029220771,0.3628656281186873,-0.8702759999999999,0.0,8.74651714965663,,-1.3368814828146864,1.3340607482675169
10,6.8058181120039345,0.1013821805385619,-0.730167,0.0,1.3305903703829074,,-2.4718471299891576,6.689216574207775,42.815811029969296,0.6167288231750149,-0.880284,0.0,6.667542399598005,,-0.48055994778358235,0.020122547509966393
10,12.951395391756805,0.1044584996263602,-0.660113,0.0,2.3626517321443563,0.19014799999999998,-1.5663952444481208,2.793256202772949,73.62270040286788,0.3148483993080121,-0.8702759999999999,0.0,8.798142773842386,,-1.3110273056404371,1.2739734990761789
10,7.271280523340515,0.04694120852896157,-0.730167,0.0,1.3903713962220452,0.18514399999999998,-2.218426473529036,5.667595282473575,42.42599903393305,1.2325296956482459,-0.880284,0.0,6.539707380605519,,-0.5114672152370181,0.017359687482695618
10,7.552820641211184,0.09943905029264885,-0.730167,0.0,1.4701564533248197,,-2.335224280808278,6.016574528044092,44.17347791000628,0.6357591380171733,-0.880284,0.0,6.631132597534771,,-0.5995596161412596,0.17814431691605365
10,7.805645722731752,0.04142385855123502,-0.730167,0.0,1.449987760788442,0.18156971428571425,-1.9516043738135231,4.619849473984363,43.019802202448545,1.383358283060381,-0.880284,0.0,6.495868836665371,,-0.5739443695785361,0.11041024242891861
10,8.241567500153284,0.13402776614519338,-0.730167,0.0,1.5956594111797298,,-2.2119713560379135,5.434436569810827,45.74483754086849,0.706524273894459,-0.880284,0.0,6.729252695367542,,-0.6649619618614458,0.26351241745564613
20,9.279094962423311,1.0626343188221936,-0.6701199999999999,0.0,1.597023919257715,0.16412719999999995,-1.977453265902302,4.913741699456953,50.58249115554197,3.173839560803099,-0.885288,0.0050040000000000084,6.764924264761616,,-0.9041793834421865,0.9119659335749639
20,13.140784826312185,0.7554596353910943,-0.6701199999999999,0.0,1.9205757260395457,0.1413589999999999,-1.1236675085560361,2.3165802711730343,72.575438557986,3.490820518070266,-0.880284,0.0,8.328215242776196,,-1.4255861007876554,1.7021120149307047
20,13.668209025270526,0.08670404317239862,-0.677626,0.004333591120537338,1.8857018121299638,0.13385362499999992,-0.8698234763251436,1.5100317453779604,76.8116628133432,0.2668382249936428,-0.880284,0.0,8.692465936009471,,-1.477677714876213,1.736389885034232
20,13.298077326857817,0.09380389128830494,-0.675124,0.0050040000000000084,1.9340719532538833,0.1401079999999999,-1.0745360496375724,2.062680193151353,73.10416802313303,0.8075094622411924,-0.8702759999999999,0.0,8.706204280788306,,-1.3284400123075093,1.368622230933007
20,13.236471944480462,0.12322065530841772,-0.677626,0.004333591120537338,1.9210760058238578,0.1451119999999999,-1.1142192672291387,2.212405657466061,73.40314635887441,0.48455976538769846,-0.8702759999999999,0.0,8.892244621349274,,-1.275174810655714,1.249825785500716
20,13.067624038564166,0.16391648899014583,-0.678877,0.003309834890141808,1.9252860481012943,0.14886499999999991,-1.1890608254975796,2.426546224839602,72.57534030765235,0.2993740564752837,-0.8702759999999999,0.0,8.975670711716335,,-1.214981446616311,1.1002756652122927
20,8.43789992659628,0.26145264438088145,-0.677626,0.004333591120537338,1.4481459711458027,0.16512799999999994,-2.011497977917263,5.166883605705309,50.40548467854432,2.393932690457108,-0.880284,0.0,6.982846606438336,,-0.8586112263165506,0.5819283670813464
20,9.252169118713883,0.15551671726423627,-0.6701199999999999,0.0,1.503126394713682,0.16012399999999993,-1.7827733944507913,4.375546219357032,56.119432230559994,1.906440290542539,-0.880284,0.0,7.399747793818183,,-1.032655935367451,0.8592167978460017
20,10.224338777768718,0.05411997845383976,-0.6701199999999999,0.0,1.580553499128767,0.15637099999999993,-1.5377587283862528,3.549328227073054,64.26944422426035,1.75889961406761,-0.8702759999999999,0.0,7.978194249211196,,-1.227271833332562,1.1860156159419255
20,10.822562111994909,0.04729566045948535,-0.6701199999999999,0.0,1.623104373381513,0.15511999999999992,-1.3992891528748932,3.0839852817884537,68.9804678078823,1.2323311841374411,-0.8702759999999999,0.0,8.411465774055555,,-1.2652470313022972,1.24350217649073
20,11.280181079518353,0.0685639805241251,-0.6713709999999999,0.003309834890141808,1.6857210240347302,0.15511999999999992,-1.3925823065252958,3.082909241575302,71.89395533641765,0.9059145333549851,-0.8702759999999999,0.0,8.782204596153715,,-1.2568483042598437,1.218584650727467
20,9.754467364511147,0.7499993718478514,-0.678877,0.003309834890141808,1.426193001093627,0.1413589999999999,-1.2862916385444068,2.993226174233512,55.46903258075396,1.8628905754284817,-0.889041,0.003309834890141808,6.767256408163372,,-1.1911555812191184,1.5200057108773324
20,11.40883210881129,0.07198981697785493,-0.675124,0.0050040000000000084,1.6994921375347665,0.15511999999999992,-1.3798259956891747,3.0438287504323753,72.79684614413772,0.6945502223352619,-0.8702759999999999,0.0,9.00300657352041,,-1.2203491798641495,1.1344236416308453
20,11.465501625640297,0.056080103663679305,-0.678877,0.003309834890141808,1.7077526565775663,0.15386899999999992,-1.3777045780795714,3.025562044369425,73.10892960473474,0.4934969672041817,-0.8702759999999999,0.0,9.197325989883547,,-1.1714800007834105,1.0220094290804864
20,10.547889290223623,0.11214493529920341,-0.680128,0.0,1.612685854031875,0.15386899999999992,-1.4226905460539387,3.1374562761446345,61.86318940683617,1.8524166093374603,-0.8702759999999999,0.0,8.255926352048409,,-1.005806317685067,0.6583071450287339
20,8.546822553733728,0.15355521208736383,-0.680128,0.0,1.3402533456539143,0.15386899999999992,-1.7156805068834462,4.259604946477253,53.18243907431449,2.5800817320482965,-0.879033,0.003309834890141808,7.314988237522936,,-0.9153170907085659,0.6078115807651547
20,8.96147363353171,0.1683729120970052,-0.680128,0.0,1.3778662809415558,0.15637099999999993,-1.6580358549316758,4.048210246902211,59.08653411516046,2.357829490772055,-0.8702759999999999,0.0,7.805643179751049,,-1.0299577013813868,0.7877266624756508
20,9.971649149963895,0.22739693291358914,-0.680128,0.0,1.476946632070557,0.15011599999999992,-1.4589428944513592,3.3692464802384032,65.84824913322953,1.4889026600513202,-0.8702759999999999,0.0,8.43964442964263,,-1.1162098708536017,0.9590665047730808
20,10.68659700776512,0.1290390425282483,-0.678877,0.003309834890141808,1.5945641169443283,0.15887299999999993,-1.4316052666786918,3.238424622956781,69.08034331922343,1.1182571695184933,-0.8702759999999999,0.0,8.815981672451937,,-1.1301815227028742,0.9486530681733663
20,11.220906581286036,0.8847123639389765,-0.6713709999999999,0.003309834890141808,1.859689686863135,0.16441314285714279,-1.8442592344594178,4.640432354615338,62.98073498978618,5.614459823165428,-0.8715269999999999,0.003309834890141808,8.218939483298325,,-1.0560958289950624,0.7339980554479071
20,9.915820599530992,0.16783522305112583,-0.680128,0.0,1.4706917758786395,0.16012399999999993,-1.42229155227242,3.23504491482373,63.521584746221066,1.8370392274682772,-0.8702759999999999,0.0,8.219539685910558,,-1.087025910587247,0.8901061177488752
20,10.604035108035687,0.17212313418338715,-0.677626,0.004333591120537338,1.564355564355615,0.15887299999999993,-1.3578913382362219,2.9987583543834164,67.94416804972936,1.1914452064593204,-0.8702759999999999,0.0,8.685125266267924,,-1.1234647687268802,0.9533934265402022
20,12.028733765128926,0.25646349664367873,-0.6701199999999999,0.0,1.7299540502699484,0.1401079999999999,-1.0736229666622537,2.258745036504674,57.80292456337929,0.5091250728461432,-0.880284,0.0,7.217729328622754,,-1.1791302786832274,1.2840015780332483
20,7.998813324756462,0.4248532324713263,-0.6701199999999999,0.0,1.328346551685609,0.15726457142857136,-1.9305979960479938,4.868705032940051,52.13184013880317,2.891505113574003,-0.880284,0.0,6.837116000401883,,-1.0154612478496718,1.0362890819423454
20,9.663312064912487,0.3369840781528495,-0.6701199999999999,0.0,1.3677571139981557,0.1401079999999999,-1.2413383533085365,2.780654648575748,61.431390511819004,1.483481044073702,-0.880284,0.0,7.477413579744865,,-1.254680187408188,1.4659210287377034
20,11.298836481376235,0.335837247739121,-0.6701199999999999,0.0,1.5024463169776916,0.1401079999999999,-0.8499061663504273,1.6347106585517823,67.2099430711715,1.2236275426067282,-0.880284,0.0,7.854272663765359,,-1.375833139771357,1.7072676629384962
20,12.766379528219666,0.1743682516090181,-0.6701199999999999,0.0,1.6901031905876955,0.1401079999999999,-0.7454814195671889,1.2942173340635552,76.37199958235472,0.670371235661619,-0.880284,0.0,8.454865285367237,,-1.528535898657008,1.8857815211966138
20,13.543155411742392,0.07912263579893268,-0.6726219999999999,0.004333591120537338,1.729551374103091,0.1401079999999999,-0.5553435433864148,0.831377040975871,79.1441602617288,0.2504006536073115,-0.876531,0.004845102166105487,8.670670848627065,,-1.5589609380636893,1.9450497249599412
20,11.701350544516563,0.5394657642828449,-0.6701199999999999,0.0,1.5967319718695316,0.1438609999999999,-0.7555952770180316,1.0868560389659971,71.91882981601725,2.1973007727802023,-0.880284,0.0,8.07336702087277,,-1.478201579122619,1.792923960401862
20,11.386736141441169,0.5901516263496299,-0.6701199999999999,0.0,1.5667831890424258,0.1451119999999999,-0.7355718825894326,0.9140260452169678,71.09805175815292,2.2100860337075505,-0.880284,0.0,7.952623839085261,,-1.4853952971821793,1.7970082025486493
20,10.910553283098817,0.6601208959292236,-0.6701199999999999,0.0,1.5300129324682152,0.15762199999999993,-0.7663318762885164,0.86392035614137,68.07627500460401,2.3572273656484772,-0.880284,0.0,7.689607757379012,,-1.4579653382135325,1.7962768332210812
20,12.201456603201628,0.38480468492081643,-0.6701199999999999,0.0,1.6345880908532997,0.15386899999999992,-0.5208021367057232,0.1474092378197343,75.17377017155474,1.0582831482366093,-0.880284,0.0,8.135666113499951,,-1.5696818645513932,1.9482042617958155
20,16.855200295436468,7.021972355866531,-0.6325915,0.022237812398030493,3.2984364408819125,0.17346799999999996,-1.5132386200053212,1.919279824849389,52.356492608017646,1.8740557203377055,-0.8640213749999999,0.021775616558076506,7.187854598800131,,-0.9408302808739545,0.3851656805080125
20,12.295646724296494,0.13768251839052084,-0.6701199999999999,0.0,1.8485468522025235,0.1438609999999999,-1.25191972664341,2.7405118230472647,55.98603856591356,0.21785476291673214,-0.880284,0.0,7.3112516828972245,,-1.046553660959657,0.9732629683977532
20,11.020319965476158,0.3383247854682104,-0.6701199999999999,0.0,1.4702585880608279,0.15386899999999992,-0.6526531452888995,0.7596896871408472,65.02155322051765,1.2146668611649896,-0.880284,0.0,7.4726128674502945,,-1.4249077172625553,1.8622355683608087
20,12.459879731258987,0.27119476973544265,-0.6701199999999999,0.0,1.56993045842662,0.1413589999999999,-0.4121294729115476,0.20172428985783253,69.74746325238536,0.9321371088763315,-0.880284,0.0,7.76751766810011,,-1.5116164841931807,2.0447651089788184
20,13.99266980031562,0.30414866017183967,-0.6701199999999999,0.0,1.7422669757828926,0.1401079999999999,-0.35702971437625225,0.15190765752119617,75.8841586511679,2.416554628487352,-0.880284,0.0,8.236528944989193,,-1.570502453759968,2.094685555662244
20,15.128938605357106,0.09451104029027219,-0.6726219999999999,0.004333591120537338,1.8415428626429748,0.1401079999999999,-0.26716974385029335,0.00395110061452314,83.2797449925909,0.25427908205070454,-0.880284,0.0,8.800468910974354,,-1.6316323344597286,2.120146561412298
20,15.761199824080048,0.13080081050734813,-0.680128,0.0,1.8644007783686738,0.1326027499999999,-0.17094626039520272,-0.17221367958543604,84.69584431530029,0.2790830032124838,-0.880284,0.0,9.027727107980175,,-1.6158985464246673,2.077308674306701
20,16.16377945726908,0.07519349227961013,-0.680128,0.0,1.8907469325993773,0.1301009999999999,-0.1343408015542776,-0.2370042105672333,85.5325434961894,0.27316712539992044,-0.880284,0.0,9.208303236529904,,-1.59679182143745,2.0239839819206944
20,16.346431362995993,0.02744415350136907,-0.680128,0.0,1.937787339329998,0.1301009999999999,-0.16659007226540745,-0.15697822543150936,86.49120060669186,0.25889052606205776,-0.880284,0.0,9.43493420209522,,-1.571975039234963,1.9524610043316062
20,16.13419442697507,0.10187796523877758,-0.680128,0.0,1.9671476642223014,0.1401079999999999,-0.25340360605741763,0.02878860777175113,87.4016214216178,0.19349994654290328,-0.8702759999999999,0.0,9.660978237166953,,-1.5298204476093242,1.833609669495678
20,15.839686015620455,0.06884856245607843,-0.680128,0.0,1.9475734336052781,0.1401079999999999,-0.2846581920250404,0.06458457326625894,86.41264687500436,0.1749430557811221,-0.8702759999999999,0.0,9.721699528711893,,-1.479756859144155,1.7226285710351088
20,15.51444292493683,0.08719450329968892,-0.680128,0.0,1.9447112548198486,0.1401079999999999,-0.3557358000272709,0.19700006131890774,84.35090170685415,0.0653025215680394,-0.8702759999999999,0.0,9.75126654254801,,-1.404165704529173,1.5548380334653473
20,11.812938523493822,0.13639588636646927,-0.6701199999999999,0.0,1.8067972952459117,0.1438609999999999,-1.390170039878876,3.164474871369431,54.47523037691194,0.07388735050620944,-0.880284,0.0,7.336642749122239,,-0.9554090815283662,0.8011480437698524
20,14.994914519390294,0.33342818277726044,-0.6701199999999999,0.0,1.940564779011595,0.1401079999999999,-0.4893064884049506,0.4712136747028266,83.4872360918379,3.792266915585307,-0.8627701249999999,0.019858678621936923,10.116523565738898,,-1.2582373409174918,1.150687253057339
20,11.00988839074671,0.0976462436064971,-0.6701199999999999,0.0,1.7020706477249488,0.1463629999999999,-1.4965793008767418,3.5014337337857953,53.078420381885756,0.1391848099189084,-0.880284,0.0,7.2662362443702735,,-0.9036721723867448,0.7187460791064759
20,10.633452988604756,0.07000755079654947,-0.6701199999999999,0.0,1.6619534191623653,0.15011599999999992,-1.5596244738523057,3.6874552901985487,52.66348134090003,0.4277726699735581,-0.880284,0.0,7.2297911979905916,,-0.8969565833983401,0.702030029153645
20,10.72602793580443,0.08699129384605495,-0.6701199999999999,0.0,1.6694075401848345,0.15011599999999992,-1.539119944914537,3.624493822773272,53.47428997695252,0.4442343240743621,-0.880284,0.0,7.2998382255114915,,-0.9162838204983922,0.7307115541240209
20,12.223842555523948,0.12106500812654891,-0.6701199999999999,0.0,1.9823640474820536,0.15178399999999992,-1.5832352258581661,3.6048162190664916,64.75267002630318,1.7985039090260664,-0.880284,0.0,7.785935067689867,,-1.2847420782680832,1.4564198011776113
40,7.138987479342503,1.055745497946719,-0.691387,0.003309834890141808,1.3697883480350947,,-2.366468554361677,6.0445687643444,33.579814200112715,1.6643144929978544,-0.889041,0.003309834890141808,6.432243553777697,,0.057733029218681155,-0.7225879729448408
40,7.046558486764941,0.11857929460452662,-0.68263,0.004333591120537338,1.4404505361212956,,-2.4800189561741126,6.057320766621157,31.889541061575564,0.11965243637539678,-0.880284,0.0,6.150638147356255,,0.0389269415104685,-0.7224133133342872
40,7.074700844200908,0.14809021317192594,-0.680128,0.0,1.46284788617888,,-2.5169627145894076,6.122751219364172,30.68553829867422,0.16511687441472653,-0.890292,0.0,6.0417712312197285,,0.11396726410950453,-0.7523661029421587
40,7.074700844200908,0.14809021317192594,-0.680128,0.0,1.46284788617888,,-2.5169627145894076,6.122751219364172,30.68553829867422,0.16511687441472653,-0.890292,0.0,6.0417712312197285,,0.11396726410950453,-0.7523661029421587
40,7.15480182697508,0.22967605150219025,-0.680128,0.0,1.5015046651708022,,-2.513486632175783,5.971965552057409,30.600744552466615,0.08224082739284373,-0.890292,0.0,6.0615831434824905,,0.12182769096645149,-0.7673487785226083
40,6.54566985865347,0.06366748051709728,-0.680128,0.0,1.3666090934822845,,-2.527356052265171,6.12079585458889,29.741314225744034,0.2606722615098542,-0.88779,0.004333591120537338,5.913503295439832,,0.13607710068599937,-0.7496852622671911
40,6.883516788852784,0.31561338400520716,-0.681379,0.003309834890141808,1.4273509517465035,,-2.4627245532192155,5.786998709446479,31.90670509016503,0.44440572245216386,-0.890292,0.0,6.236628238381796,,0.09675309868155349,-0.7566397403857854
40,15.793883637756998,1.3631099756992289,-0.6538579999999999,0.00696527321790037,3.4104352268107485,,-1.8283671524095455,2.1420996568342434,32.52536223326116,0.49617897162570457,-0.890292,0.0,6.630204240073034,,0.06656759233728832,-0.9612044462952464
40,6.554464156349175,0.053053091528902925,-0.68263,0.004333591120537338,1.3138772951142559,,-2.179873318619007,4.5622273543804654,33.87318393713923,0.16586133169048387,-0.882786,0.004333591120537338,6.435836037314029,,0.04022630766135463,-0.6557130553892241
40,6.281936302254658,0.09032539407071655,-0.680128,0.0,1.2724862936754313,,-2.3203624630430175,5.214236822030841,32.4537348444354,0.06097540840504711,-0.890292,0.0,6.266407148063836,,0.09461811588793381,-0.6845748710767652
40,6.084224491828973,0.060664284866646226,-0.680128,0.0,1.2456307860219586,,-2.3815077157820372,5.460688140365997,31.61773644345687,0.03660427850284535,-0.890292,0.0,6.173972943517384,,0.1355759374255739,-0.698330558453669
40,6.57135706280661,0.7258686338520081,-0.690136,0.0,1.3077462556890476,,-2.515701019125201,6.487497486011563,33.21113271926856,1.5025980421582847,-0.885288,0.0050040000000000084,6.339173293530948,,0.042590163645980034,-0.7299341149949727
40,6.339346993655274,0.409221654619696,-0.685132,0.0050040000000000084,1.2924697042206748,,-2.3904163844270196,5.521657071272589,31.646633236728874,0.4331313668266844,-0.890292,0.0,6.197729850683168,,0.1217817439845211,-0.7328300482258084
40,5.644139682909422,0.07030886920141881,-0.680128,0.0,1.1527551333806518,,-2.4138783336813567,5.634589647533424,29.618104186147168,0.21622174734699856,-0.890292,0.0,5.891338712443093,,0.17933592373558288,-0.730974153185004
40,5.648089264425478,0.13805970138359058,-0.680128,0.0,1.1607639333056805,,-2.3950169426366488,5.47688729239878,29.54248037484216,0.06835545105313715,-0.890292,0.0,5.87239810682219,,0.17867995555940341,-0.7244483779080435
40,5.4639397687274265,0.03687667701451493,-0.680128,0.0,1.1200531853982272,,-2.354939569614241,5.303160074568835,29.404886797001247,0.1628848856638639,-0.890292,0.0,5.828682565356907,,0.17509301843804453,-0.7129639628074167
40,8.38056835678207,1.8254108922446324,-0.665116375,0.013238914352558341,1.7242362676161973,,-2.038172882923486,3.7057949522932736,34.89562725675954,2.828787654179576,-0.890292,0.0,6.8144585351676525,,0.09341073640686821,-0.7697176727017978
40,6.853861844092684,0.5874544213505167,-0.690136,0.0,1.3481861172942553,,-2.2242342337815852,4.908685214256186,33.79571943359035,1.053116146431392,-0.882786,0.004333591120537338,6.464126606984031,,0.041189262763790646,-0.7059966963626819
40,5.609474117234822,0.03258799849044254,-0.688885,0.003309834890141808,1.1151470345193213,,-2.282587805999181,5.17957427376858,30.387750117757925,0.3412957303057631,-0.880284,0.0,5.940681176122334,,0.12621390029709473,-0.6902299381936006
40,5.714349868262957,0.027035172209755813,-0.680128,0.0,1.1429112207382706,,-2.279014588687248,5.081904490500792,30.40290638883927,0.3093564258446238,-0.880284,0.0,5.961737383852263,,0.13050254889381896,-0.6958151039098841
40,6.035633661300476,0.17822790165777413,-0.680128,0.0,1.2113477158229444,,-2.274533289343075,5.004624417223454,30.856872117086024,0.025716598269342486,-0.890292,0.0,6.070373493326945,,0.13069518613962905,-0.7145739823968196
40,6.726965059650041,0.398952892478211,-0.690136,0.0,1.3151840782534252,,-2.1579556143165175,4.616280604761438,33.64581318700846,0.674104021694372,-0.881535,0.003309834890141808,6.422481981915258,,0.029168540721255257,-0.7007276950486838
40,6.617804453341422,0.5774833368014635,-0.690136,0.0,1.2747294475718067,,-2.388869694324426,6.09214357939468,34.14394892169912,0.9751054135978581,-0.882786,0.004333591120537338,6.403780362477665,,-0.01715394170593945,-0.7082748111156822
40,6.133709811093045,0.2668851695856811,-0.680128,0.0,1.2373195937688686,,-2.2652181332811487,4.907894052795985,31.240794299476896,0.27125737562030744,-0.890292,0.0,6.130682348895203,,0.118506629316433,-0.7208237646785569
40,6.02032960604254,0.09177587354940459,-0.680128,0.0,1.1830739488506554,,-2.18330820269217,4.7198446940828935,31.078719482246562,0.20236860737832857,-0.880284,0.0,6.0644828975257115,,0.10089309063074582,-0.7044244949609274
40,6.133709811093045,0.2668851695856811,-0.680128,0.0,1.2373195937688686,,-2.2652181332811487,4.907894052795985,31.240794299476896,0.27125737562030744,-0.890292,0.0,6.130682348895203,,0.118506629316433,-0.7208237646785569
40,7.351447440047767,0.4933893655786041,-0.690136,0.0,1.375650585946604,,-1.9878720530695493,4.217650151167031,36.720757155533,1.0709404613987283,-0.880284,0.0,6.70650149281632,,-0.08507321733662455,-0.6253739644967891
40,6.419867866053362,0.042245565136678244,-0.687634,0.004333591120537338,1.215156622600895,,-2.041594024581978,4.395187544135437,33.18861396001532,0.27812557674776145,-0.880284,0.0,6.270978591393659,,0.01668852260460534,-0.6513995469395282
40,6.180990587409783,0.04818780396269513,-0.688885,0.003309834890141808,1.1643908104543852,,-2.0029670900681267,4.247554395217796,32.460231287968966,0.15090992624082716,-0.880284,0.0,6.183042146684267,,0.03718981068565373,-0.646324227263611
40,6.001638511724357,0.048424796368869566,-0.687634,0.004333591120537338,1.1326167910510718,,-2.0097801570231,4.260391395148362,31.759995776091255,0.19640443758691015,-0.880284,0.0,6.100015704318299,,0.06369253891184201,-0.6530217485039336
40,5.941010035326448,0.023065991978029103,-0.688885,0.003309834890141808,1.1282022603980004,,-2.0060956520397886,4.19313928113916,31.862984253052836,0.22642625745395692,-0.880284,0.0,6.106665509515771,,0.06064566882954551,-0.6469355301517312
40,6.016328845192971,0.03264214409406385,-0.680128,0.0,1.1480268979610195,,-2.0116228500529996,4.161513053996246,32.06017199852091,0.21032503384459672,-0.880284,0.0,6.148684866724739,,0.06072176568287485,-0.6525479235845593
40,6.281998699603145,0.07297193273070128,-0.680128,0.0,1.207450293395023,,-2.03101632492294,4.159420161928704,32.365003455478885,0.2606422451738228,-0.880284,0.0,6.225525990271796,,0.06290645815594839,-0.6693740525155756
40,5.778564878363968,0.2475346969698537,-0.692638,0.004333591120537338,1.1470780616830587,,-2.5314346198264115,6.649097655120622,30.661662247754315,0.06486871804482382,-0.885288,0.0050040000000000084,5.936174687830889,,0.08622028800754386,-0.7247784009645193
40,6.469529327002132,0.09069912328844781,-0.680128,0.0,1.252780299735429,,-2.053403288792538,4.192681059639883,32.54529665670093,0.03924431332402964,-0.880284,0.0,6.2981844407499565,,0.07415118518968022,-0.6877762955905468
40,6.116789043091604,0.1567148916241067,-0.680128,0.0,1.1819386159230931,,-2.0907778403056216,4.409176371471979,31.566441282620836,0.06314654400494837,-0.881535,0.003309834890141808,6.17132690291608,,0.10982571846293673,-0.6924909898627102
40,5.887792652480128,0.08629035395283997,-0.680128,0.0,1.1422788202929814,,-2.1168118761592467,4.510471269422164,31.057881516982306,0.057848262791145286,-0.881535,0.003309834890141808,6.0978277598107855,,0.12815360473767268,-0.6938128061778923
40,6.252814151839795,0.18644600477066509,-0.680128,0.0,1.2124804746309368,,-2.101570086236065,4.4233149253396515,31.874512157025595,0.17071776902288238,-0.884037,0.004845102166105487,6.234904744834038,,0.09866460812852891,-0.7093221404066663
40,6.835610493470385,0.437389582851979,-0.683881,0.004845102166105487,1.312809945612936,,-2.012538488756462,4.058972167392386,34.108871493777045,0.7118868594572582,-0.880284,0.0,6.50566720498237,,0.01881216511157178,-0.6897818645609548
40,6.763140094264037,0.44348584098282545,-0.685132,0.0050040000000000084,1.2975959268581905,,-1.9881330370023358,3.9410998532173513,33.904607595842336,0.7809965802391661,-0.880284,0.0,6.443212903872059,,0.0120508086468314,-0.6836191839515353
40,6.911318444047588,0.4762245203253171,-0.683881,0.004845102166105487,1.3151523219735703,,-1.9340659596880758,3.7630812836298126,34.78513112144659,1.0126140607453753,-0.880284,0.0,6.526948265113832,,-0.022635406813867075,-0.6682954427311616
40,6.911318444047588,0.4762245203253171,-0.683881,0.004845102166105487,1.3151523219735703,,-1.9340659596880758,3.7630812836298126,34.78513112144659,1.0126140607453753,-0.880284,0.0,6.526948265113832,,-0.022635406813867075,-0.6682954427311616
40,7.127288755799033,0.48079005532800906,-0.687634,0.004333591120537338,1.336331960232555,,-1.888404570664411,3.7014651394930604,35.94247443465006,1.1390227993977184,-0.880284,0.0,6.616778455581763,,-0.06965082860648335,-0.6359829839457807
40,6.094338125973995,0.016749346643431865,-0.688885,0.003309834890141808,1.1219140690063025,,-1.807819547768243,3.5190076210341035,32.93910577478804,0.230559380984443,-0.880284,0.0,6.156407350192623,,-0.0073862102478901,-0.5988833432997209
40,6.392860343195315,0.44559248181074884,-0.690136,0.0,1.2354213909723217,,-2.386456779016778,6.048232756675446,33.284407978476715,0.6848539193430715,-0.884037,0.004845102166105487,6.269290121959738,,-0.0008461844874108203,-0.705397730689699
40,6.096220241332942,0.016862564256535616,-0.687634,0.004333591120537338,1.1277956494867798,,-1.8116363964325264,3.480779334124709,32.405364681660345,0.23371446458430972,-0.880284,0.0,6.12545988968112,,0.017706130184472573,-0.6205571592374652
40,5.522590685195679,0.049707255102120235,-0.690136,0.0,1.0894184761171637,,-2.4697366731193195,6.3809403893801795,31.46570431224295,0.28571070524716075,-0.880284,0.0,6.000702876819995,,0.04040570678900168,-0.6770692586304563
40,5.522590685195679,0.049707255102120235,-0.690136,0.0,1.0894184761171637,,-2.4697366731193195,6.3809403893801795,31.46570431224295,0.28571070524716075,-0.880284,0.0,6.000702876819995,,0.04040570678900168,-0.6770692586304563
40,6.3138404142856865,0.2264964267350161,-0.690136,0.0,1.2499852768293318,,-2.4830294276975513,6.331889425504965,31.39969018664771,0.05727122493250994,-0.886539,0.004845102166105487,6.074739262898455,,0.07339047274417837,-0.7247695183382095
40,10.76545230531653,6.7934085775223005,-0.667618375,0.048450034050394365,2.037674526614075,,-2.1439654416060177,4.793315350052625,33.419393214885446,0.6449365599026943,-0.885288,0.0050040000000000084,6.42787701833348,,0.00947133351443376,-0.7763375238659065
60,19.892930580541986,0.3214950050971994,-0.680128,0.0,3.9436481856033563,,-1.366501082944374,1.0010422061251907,55.77495771262618,0.9042924849442304,-0.8390019999999999,0.0033098348901417717,8.383962761024472,,-0.6916307963935848,-0.5389769884189368
60,20.09922535960944,0.5003811496477751,-0.680128,0.0,4.060088803414735,,-1.5222560441377457,1.4126530115208724,47.92477551396097,0.4540115745901309,-0.830245,0.0,8.337027371002321,,-0.37868958017762405,-0.956316235860167
60,18.879602778129467,0.19956921759360485,-0.681379,0.003309834890141808,3.817428637080232,,-1.5221145828781442,1.4620876327143986,46.56090618686863,0.7495588508785485,-0.830245,0.0,8.1269715198926,,-0.3697401017015113,-0.9189038188495012
60,19.6119565445887,0.5191374793708685,-0.681379,0.003309834890141808,3.945600340457104,,-1.5088717745488687,1.4310420741319279,46.664647275662816,0.1563995070765993,-0.830245,0.0,8.096139793279178,,-0.38188427517962065,-0.9258651453591759
60,18.958811707810202,0.14105741513539868,-0.681379,0.003309834890141808,3.856241036893867,,-1.5481583760187239,1.504373279649099,46.206144102601854,0.7318157212486175,-0.830245,0.0,8.125868365958944,,-0.3467339967133437,-0.9609328154491812
60,19.327350579581484,0.2865827565732464,-0.681379,0.003309834890141808,3.9384004409184454,,-1.5432772287177103,1.4741015005095996,47.43363288804106,0.09906651351159759,-0.830245,0.0,8.253339361975097,,-0.36838326327874826,-0.9553468498548845
60,19.327350579581484,0.2865827565732464,-0.681379,0.003309834890141808,3.9384004409184454,,-1.5432772287177103,1.4741015005095996,47.43363288804106,0.09906651351159759,-0.830245,0.0,8.253339361975097,,-0.36838326327874826,-0.9553468498548845
60,19.12479843185421,0.7079019970665736,-0.68263,0.004333591120537338,3.8830912589057873,,-1.5510260122792947,1.5301234074248833,46.07280709682985,0.8244966099949942,-0.830245,0.0,8.074672443803237,,-0.3494124728987302,-0.9750776758798103
60,19.4158120332431,1.0826995261680645,-0.680128,0.0,3.9840402648359117,,-1.6106042477847908,1.62806422947759,45.04620934622108,1.5023916896663032,-0.830245,0.0,8.261980849821763,,-0.2685385991289362,-1.0394954361926785
60,19.64029930703459,1.1488798101798128,-0.681379,0.003309834890141808,4.009043391110945,,-1.5967306608193932,1.5982549411043752,45.09168755789587,1.5437824579073713,-0.830245,0.0,8.24231169025281,,-0.2786258645856695,-1.0314013417855175
60,19.321574716472718,0.4580635793209924,-0.686383,0.004845102166105487,3.8104030663370705,,-1.4025898198855065,1.1606029604236268,54.591722595743065,1.7717293946442698,-0.833998,0.004845102166105433,8.269110478307942,,-0.6777472711156383,-0.5976423629213754
60,17.045990989569766,0.3534916840914784,-0.687634,0.004333591120537338,3.5431929980456554,,-1.7581962929616377,2.1555812574787163,41.434814431155246,0.8082181858752404,-0.8364999999999999,0.004845102166105433,7.728221428535217,,-0.24287559857430346,-0.9945384126574205
60,17.21087212892312,0.2518961572866269,-0.690136,0.0,3.538110099505482,,-1.7303379476852885,2.099141835031154,40.31916259884105,0.19196715242068102,-0.8390019999999999,0.0033098348901417717,7.5696585464248844,,-0.22988045533130294,-0.9694564690144943
60,17.271337488171856,0.2625631810834052,-0.685132,0.0050040000000000084,3.5997414612735974,,-1.7202719416931167,2.011159001329499,42.57821944503512,0.22628924932817027,-0.830245,0.0,7.8274835379653505,,-0.26763346641039276,-0.9925552994442151
60,19.21027765283185,1.5002667256327662,-0.685132,0.0050040000000000084,3.9277203956042905,,-1.6222246608271154,1.7304470916034718,44.06221160102808,2.167638711588646,-0.830245,0.0,8.1358093100078,,-0.2547740737255271,-1.0511489212687888
60,16.447504744376765,0.1755744881437926,-0.690136,0.0,3.40155593476579,,-1.7531910482774786,2.168146275409863,39.36335253477628,0.13515614253541858,-0.8339979999999999,0.004845102166105433,7.471170485605265,,-0.20046139753637454,-1.0043863696390583
60,17.397200379189172,0.6551780949002406,-0.683881,0.004845102166105487,3.6240120873629955,,-1.7397453393830649,2.0648147577297347,41.2416455297348,0.33020350439124857,-0.830245,0.0,7.679554302514339,,-0.23885644649111637,-1.0188770138549392
60,18.551945120017095,1.0939062737847205,-0.687634,0.004333591120537338,3.803185144797569,,-1.6491804361489049,1.8359696580905123,43.619882099476854,1.5942258772193945,-0.830245,0.0,7.968862045952662,,-0.2705335894081781,-1.0346067029389259
60,18.391140124999957,0.847272939252286,-0.688885,0.003309834890141808,3.7616460867250776,,-1.6535600711734766,1.871808865071164,42.716752796577325,1.0692279999791914,-0.830245,0.0,7.848180614071728,,-0.2625538848945163,-1.037696377142792
60,19.695783546829862,1.4172231772130754,-0.687634,0.004333591120537338,4.046919588023371,,-1.644023175345679,1.771852063781208,45.109900215309295,2.0977319634657805,-0.828994,0.003309834890141808,8.343280209391667,,-0.25391326732852554,-1.0848620253101182
60,16.690511374896246,0.44661570539392437,-0.690136,0.0,3.4548966891858996,,-1.756116937632168,2.1707952906015384,40.00405557109032,0.25292274228523887,-0.830245,0.0,7.5959508805547,,-0.19670264635702156,-1.041046532330077
60,18.1117000686733,0.0851107372576965,-0.688885,0.003309834890141808,3.52286556910396,,-1.3673303192206387,1.1448337276348783,54.05485245932532,0.6136487359484486,-0.8402529999999999,0.0,8.013094956556758,,-0.7241332283886476,-0.4852119326255627
60,15.677326482165364,0.23818225048896324,-0.690136,0.0,3.2818092152202514,,-1.8076876247639042,2.3331467195765283,39.32048519607228,0.21067212418369463,-0.830245,0.0,7.407253982904457,,-0.20992351893960842,-1.0028249274379755
60,24.013431772515293,10.22159793784398,-0.6425989999999999,0.07666732385442965,4.9236704077767195,,-1.6620653232768419,1.6372258176895578,50.67092913093428,13.150933681434228,-0.825241,0.0070767246661149795,9.803420432229798,,-0.15766384936865346,-1.0677976275416903
60,19.221489346460096,1.2376271663328662,-0.688885,0.003309834890141808,3.900576258182311,,-1.6023375249041247,1.7641598272846752,44.59371063285077,1.9374706958332608,-0.830245,0.0,8.122700977135588,,-0.2842241712728009,-1.0328499523933772
60,16.25451745495126,0.18691564538615316,-0.690136,0.0,3.345417443920126,,-1.7767664472378615,2.357867496647037,38.851486331736965,0.2940591919801991,-0.8364999999999999,0.004845102166105433,7.349463927835858,,-0.2128217950908427,-0.9829373694181208
60,16.817027616044328,0.7850969820920158,-0.690136,0.0,3.470073315538012,,-1.7538864664858478,2.228984603852804,40.89630899503963,0.7050264154079867,-0.830245,0.0,7.599650140332472,,-0.24313436538079908,-1.0091945410446863
60,15.541592543235893,0.08093187614312178,-0.690136,0.0,3.2388512707520576,,-1.81560797700961,2.4284907663618367,39.22892290820702,0.12648916928582943,-0.830245,0.0,7.381743032856603,,-0.2112790624879746,-1.011300243110052
60,19.244158037829145,1.072959108022681,-0.687634,0.004333591120537338,3.907058530641584,,-1.5857283276704077,1.7302735415486357,44.8922572366161,1.6164984517549261,-0.830245,0.0,8.06858352578427,,-0.3070673165093436,-1.0194334373344072
60,16.729472421505186,0.420848841670937,-0.693889,0.004845102166105487,3.451405397864255,,-1.7615671384531884,2.295910548906795,40.651578470905434,0.12689499668653137,-0.830245,0.0,7.6180017983623,,-0.2255278755511922,-1.0236714045766577
60,16.024537117834555,0.36921183217437875,-0.692638,0.004333591120537338,3.3129614516606396,,-1.784330075206229,2.3709090359226215,39.43121652994674,0.16722342406525545,-0.831496,0.0033098348901417717,7.374087470903287,,-0.2334411580376486,-0.9882771584134074
60,18.654140398570483,1.2042573556399605,-0.688885,0.003309834890141808,3.7891233820619896,,-1.6247483555702416,1.8956708065755008,44.237202578233166,1.9110902362935254,-0.830245,0.0,7.971259902758355,,-0.2994168056496711,-1.0225854258277485
60,21.226932860732276,0.5421165447441864,-0.686383,0.004845102166105487,4.157027191168978,,-1.315485476716339,0.9170644540302795,60.42905681371745,0.6077841017058665,-0.831496,0.0033098348901417717,8.73461517272597,,-0.7768741093935039,-0.4601818995180478
60,15.987409092401654,0.3490417586435551,-0.691387,0.003309834890141808,3.2910355084791965,,-1.761484333883168,2.3316977441134017,39.05951317527051,0.10948319125127828,-0.830245,0.0,7.346790439447876,,-0.21526233369952505,-1.0039332891561137
60,15.962073451118286,0.26508477451981444,-0.69514,0.0050040000000000084,3.3036505241874203,,-1.775098426210083,2.3310972788039956,39.21202420529847,0.3000550163692439,-0.831496,0.0033098348901417717,7.351054814388956,,-0.2224349736698566,-0.9995261102267732
60,16.776062488338702,0.5933786078808941,-0.690136,0.0,3.4445467452325973,,-1.6946342265920764,2.090121822579304,40.80187059909807,0.464509770880964,-0.830245,0.0,7.452974114556229,,-0.2729847327682867,-0.9951440206676648
60,19.087524122325892,1.2249759724133658,-0.688885,0.003309834890141808,3.8420192877931005,,-1.5504652554815332,1.6597937275530077,44.4490199395472,1.9229219522163068,-0.830245,0.0,7.9300508297650705,,-0.31752426390520183,-1.0093258671858854
60,16.481959299724892,0.5533343431247852,-0.696391,0.004845102166105487,3.335541587976588,,-1.718516482291804,2.271131073738596,38.81841148691824,0.16012682870379633,-0.830245,0.0,7.295353151180256,,-0.22188862718701655,-1.008458815850115
60,16.019171146929075,0.4850178915553866,-0.698893,0.003309834890141808,3.2703390536575876,,-1.753600458488219,2.334094367764518,38.2165269459325,0.1538966028710981,-0.830245,0.0,7.203790653249011,,-0.21255473498704652,-1.0013583733618807
60,7.370784736652203,0.5584213206343357,-0.68263,0.004333591120537338,1.1790858220564124,0.14261062499999994,-1.5624251847688235,3.5665546394640297,52.74474356369493,2.5989160512138834,-0.8702759999999999,0.0,7.4505500354051435,,-0.835776941772373,0.2937267414821331
60,7.097018252967148,0.12443682982082395,-0.690136,0.0,1.0175698091613543,0.13135200000000002,-1.1695929593634684,2.407836358117203,55.41597819955351,1.9098913082277396,-0.8702759999999999,0.0,7.472376594581437,,-0.9574809538106768,0.6037758850406638
60,7.561070776064187,0.2674072643447694,-0.686383,0.004845102166105487,1.1432530650437844,0.13885799999999993,-1.3115243981579532,2.7312039046453336,60.78198354678025,0.8602519831611741,-0.8702759999999999,0.0,7.841337224322719,,-1.085365497055586,0.8166470649072393
60,7.174247581971478,0.08238393665738576,-0.690136,0.0,1.0579787983912183,0.13760699999999995,-1.3140826579769094,2.812013846023106,58.95011628312584,1.3230811121488317,-0.8702759999999999,0.0,7.709757725738199,,-1.046249678420892,0.8066062602315369
60,19.872763134027736,0.2838303883597528,-0.685132,0.0050040000000000084,3.867861374051464,,-1.2957925131853676,0.9017435067789431,57.30491103544816,0.16802302564050253,-0.830245,0.0,8.363481253181549,,-0.7399933976826314,-0.47770573811142764
60,7.963525166603507,0.43171575261427825,-0.688885,0.003309834890141808,1.163940982360067,0.13510499999999998,-1.1583890168313373,2.3107062690528064,60.44376439957155,0.40645587802315886,-0.8702759999999999,0.0,7.921430267214205,,-1.043302144585939,0.6765343923018873
60,19.044961726231016,0.11202312396532603,-0.681379,0.003309834890141808,3.713090153167376,,-1.2963463617489939,0.9034024113377906,56.044127520815216,0.4669376175940471,-0.830245,0.0,8.154694429476606,,-0.7512969340656497,-0.4432379284886318
60,20.223343032598258,0.6836063503822413,-0.683881,0.004845102166105487,3.9862279212719067,,-1.354060429841012,1.063875881390115,53.283751967103996,0.3214687679002282,-0.830245,0.0,8.245610689036168,,-0.6166029487683982,-0.6772261048008125
60,19.44120276740616,0.44256526293871806,-0.677626,0.004333591120537338,3.9450283537899438,,-1.4910811251374558,1.2766849864988985,47.26630191741967,0.3523064077864068,-0.830245,0.0,8.15810881362772,,-0.3870033846104902,-0.9284438105208663
60,20.587135794426366,0.8252824472630523,-0.678877,0.003309834890141808,4.227632413880846,,-1.5419197355980017,1.318961328284165,48.39343066625625,1.1182703334399893,-0.830245,0.0,8.603562077164021,,-0.3332264985768477,-1.0364907221967585
80,24.220225191720765,0.8762612065897512,-0.508745,0.003309834890141808,3.8551883606059176,,-0.8141836491195167,0.005395131248319196,48.00571460413056,1.7754463920637475,-0.890292,0.0,10.595389709906994,,0.4146504408965497,-0.8352845741950441
80,25.345208769408362,5.745004173836118,-0.508745,0.003309834890141808,4.546622168920582,,-1.2024453549908287,0.4735198388335944,55.47576888152052,17.033572927742753,-0.8852880000000001,0.013239339560567196,12.254551984530092,,0.46413268355351744,-0.6591688056730514
80,20.857101486566552,0.4305539509650826,-0.508745,0.003309834890141808,3.547250825655289,,-1.1030025039426103,0.46747686030967145,42.804141687003934,0.6658136043151632,-0.890292,0.0,9.255717960548164,,0.4344649818315629,-0.7087067805440708
80,20.75334396561598,0.3465055340845825,-0.508745,0.003309834890141808,3.5747386663837966,,-1.1234823158817826,0.4439972052303427,42.20865281386182,0.578984031845977,-0.890292,0.0,9.114314391524529,,0.4301673461597468,-0.7134451252157106
80,20.638581425257026,0.2657209593944313,-0.508745,0.003309834890141808,3.583052644443668,,-1.1306317222378102,0.42676654140492515,42.103128655185756,0.5490411681569551,-0.890292,0.0,9.089819002569103,,0.4277252810467438,-0.7153012700805464
80,20.42789729876443,0.27178046029485314,-0.508745,0.003309834890141808,3.495742893307536,,-1.0848174267104667,0.3866447310320465,41.79294405740438,0.5081795672334214,-0.890292,0.0,9.033405202333537,,0.42852780723291806,-0.7086600396727947
80,20.08152835175414,0.2892691167458445,-0.508745,0.003309834890141808,3.3511081803363485,,-0.9637977048669577,0.2052782566796239,41.17273542060785,0.21591652804754954,-0.890292,0.0,8.900295318970489,,0.4306893020573143,-0.7062419321683084
80,19.960808630781017,0.31425318471156344,-0.508745,0.003309834890141808,3.2746175231913477,,-0.9072303661615855,0.14183087800208422,40.81463511504327,0.09250667673430857,-0.890292,0.0,8.82291527302974,,0.43190851326306007,-0.7030586474452236
80,19.939834939538237,0.2089223612178115,-0.508745,0.003309834890141808,3.2511399978872535,,-0.8729212578673263,0.08322582310579602,40.65433961114716,0.20584293305548323,-0.890292,0.0,8.788198832565241,,0.4336566957555667,-0.7028030004580064
80,19.870252009095417,0.3260746676350568,-0.508745,0.003309834890141808,3.244938470912594,,-0.8927765773504909,0.14422223217886365,40.80595057587479,0.37972268944409515,-0.890292,0.0,8.8506217468144,,0.4357429386643478,-0.7016401697426455
80,19.744957443357684,0.39284024127463246,-0.508745,0.003309834890141808,3.1884155186080374,,-0.8436861801770543,0.07857134413251515,40.3252272666937,0.09027110431801415,-0.890292,0.0,8.737881077596327,,0.43789032218235574,-0.6994380175817432
80,19.703568664655478,0.3591011992856451,-0.508745,0.003309834890141808,3.2009244882632717,,-0.8579075377174066,0.0897256452984026,40.36070397962659,0.1512942541296991,-0.890292,0.0,8.747025299992227,,0.4372793223382794,-0.6971249694478635
80,19.982286076524176,0.19187392773164574,-0.508745,0.003309834890141808,3.24406482239108,,-0.8643662444976152,0.09376249795042996,40.489934898647164,0.11746660423930325,-0.890292,0.0,8.76778894135554,,0.4355169229658657,-0.7070221690227125
80,19.81900204676226,0.2874828603416896,-0.508745,0.003309834890141808,3.206554051678732,,-0.8479744353826467,0.06387704534910577,40.44008077807537,0.16184020155095036,-0.890292,0.0,8.7650295299783,,0.43823542091641654,-0.7047202279414579
80,19.79660362719156,0.29912687820888234,-0.508745,0.003309834890141808,3.1933588135211517,,-0.8511033988874498,0.08074417354086355,40.38511635423879,0.2186096224027395,-0.890292,0.0,8.758464706376373,,0.4361276140642838,-0.7031838062066837
80,19.865300711422258,0.2798596799127028,-0.508745,0.003309834890141808,3.2539097505432055,,-0.9098545540892032,0.1522202661136523,40.74147129908006,0.3328739494683413,-0.890292,0.0,8.830463693251161,,0.4326943002246725,-0.7132332813516009
80,19.857920882589276,0.3014689547361506,-0.508745,0.003309834890141808,3.2669736259057185,,-0.9215819054478267,0.17467729321745784,40.72090925195704,0.2692098048112214,-0.890292,0.0,8.831377551589942,,0.4339234102995941,-0.7135039829443577
80,18.496997065449108,2.3640408835300226,-0.58505425,0.0778422035607131,3.9394406773637907,,-1.7505084125517296,1.8176575899850893,37.627499810745825,1.5047406307814144,-0.890292,0.0,8.073849227758942,,0.5037774015317966,-0.5420979923864525
80,16.29985488398269,0.16178431083189254,-0.508745,0.003309834890141808,3.1316607802642804,,-1.6328942544087248,1.6349210755744155,35.4229212598665,0.09698104459076584,-0.890292,0.0,7.691740779525596,,0.5216462226341811,-0.5538507789058396
80,16.369778311976916,0.28010851970146966,-0.508745,0.003309834890141808,2.9529949819876866,,-1.4017742064453342,1.183827420799377,35.342065593551574,0.07050728804942732,-0.890292,0.0,7.663008814140295,,0.5191560350790039,-0.5586923696903445
80,16.683714979707787,0.30457654037161097,-0.508745,0.003309834890141808,2.927119760661366,,-1.2755398510778106,0.92889668857746,35.53380846908818,0.13190534866619838,-0.890292,0.0,7.705236071056101,,0.5136510489914685,-0.567104111320343
80,17.007268025491513,0.20570268879544662,-0.508745,0.003309834890141808,2.9642776057875153,,-1.2281729863975017,0.8044338506309248,35.71445935707068,0.11854797019135617,-0.890292,0.0,7.7404434689058395,,0.5047186644602778,-0.5886272704018931
80,16.923059123615623,0.2990286723018335,-0.508745,0.003309834890141808,2.8930130422055598,,-1.1427378285918823,0.6596780548901674,35.84986057224023,0.17842518801264518,-0.890292,0.0,7.757959470831762,,0.5021803103024483,-0.5815002354841978
80,17.199861449972943,0.25443352779644396,-0.508745,0.003309834890141808,2.9878362807192946,,-1.1944586384176543,0.7121320465098131,36.229570496374436,0.06812822188047261,-0.890292,0.0,7.854538716560105,,0.49481513226192986,-0.599573332913004
80,17.277434495774706,0.2857155682384267,-0.508745,0.003309834890141808,2.9460296519336566,,-1.128421639382843,0.6170323715498489,36.37326082449492,0.08158587546616763,-0.890292,0.0,7.863321283012944,,0.49067149740286997,-0.6042630467756286
80,17.302893181615254,0.284463129788103,-0.508745,0.003309834890141808,2.942529699820833,,-1.1153242307789437,0.6035107293676132,36.61498145353533,0.15646347665799804,-0.890292,0.0,7.904717207460055,,0.4904566667024938,-0.6060694892191896
80,17.625876266143578,0.24332409025469065,-0.508745,0.003309834890141808,3.000018756292844,,-1.1175692415030185,0.5880454736983267,36.86796706689211,0.06660146050068644,-0.890292,0.0,7.958967452297572,,0.4853183236797657,-0.6081385582124834
80,17.687527277854432,0.27299791434762977,-0.508745,0.003309834890141808,3.001859597088109,,-1.1099347127638914,0.5845355445005009,36.987172911165196,0.15958264962177662,-0.890292,0.0,7.998987450812551,,0.48376609302870666,-0.6176224834168783
80,16.75244019841721,0.2502082168247207,-0.508745,0.003309834890141808,3.1664585649966206,,-1.5731275140145644,1.5210279212647173,36.68946174454814,0.44182091041280047,-0.890292,0.0,7.925097934283018,,0.49138777754750984,-0.597389055845807
80,16.486987091779397,0.17111910749470494,-0.508745,0.003309834890141808,2.989163385341474,,-1.4417650433089255,1.2828206937102786,36.106548501857844,0.266366567773111,-0.890292,0.0,7.815760737946657,,0.4936500320768033,-0.602050445802333
80,16.43099135234938,0.19979880591398586,-0.508745,0.003309834890141808,2.878837690784626,,-1.308891733348426,1.0499574213193503,36.001331735155105,0.1591844173415906,-0.890292,0.0,7.793508835748755,,0.494929457834832,-0.5944934454299637
80,16.537414831764067,0.28523288626568377,-0.508745,0.003309834890141808,2.8647269214614246,,-1.2661909513505467,0.9772058119175618,36.15178455762083,0.13993473471054546,-0.890292,0.0,7.818942197942558,,0.48931112898296586,-0.6030880938109093
80,16.527760540016224,0.22750299041412264,-0.508745,0.003309834890141808,2.8204059393851404,,-1.1869274229133047,0.829727196091075,35.982552540737714,0.10820174389907417,-0.890292,0.0,7.786581909517812,,0.4898632404843647,-0.6028809380309896
80,16.52689903243145,0.23653092169393755,-0.508745,0.003309834890141808,2.762764699121415,,-1.1040285444166424,0.7197327574670181,35.99562237621751,0.08829172124101313,-0.890292,0.0,7.79805080262506,,0.48964627956179435,-0.6008629468971107
80,16.440772686927303,0.29411509739582054,-0.508745,0.003309834890141808,2.9681887333609103,,-1.4292247423763649,1.2823586306521355,36.36182231829905,0.32783590412707103,-0.890292,0.0,7.857377626547376,,0.4852458930712401,-0.6052783658733489
80,16.367668487049063,0.24939358287669272,-0.508745,0.003309834890141808,2.851044201217698,,-1.291510191432561,1.0466638107532604,36.13097815110026,0.14678637441873893,-0.890292,0.0,7.822394562159996,,0.4870945557136704,-0.60902732972631
80,16.400963667974384,0.3045868373200998,-0.508745,0.003309834890141808,2.9247298766857446,,-1.3718000948324538,1.1540499159958841,36.367365606547594,0.28637325153122284,-0.890292,0.0,7.868548439114061,,0.48393315097276784,-0.6106472466533378
80,16.443575102056272,0.2766596247646034,-0.508745,0.003309834890141808,2.8782064723076646,,-1.3168553581875173,1.0737586649093291,36.2647751898223,0.21085080993010372,-0.890292,0.0,7.841753552541149,,0.48050878823659604,-0.6195440441776252
80,16.483734828954724,0.2906729915020097,-0.508745,0.003309834890141808,2.910255015853022,,-1.3382654383928885,1.0943128059702174,36.4115561833288,0.1931458863849611,-0.890292,0.0,7.878836526570181,,0.4793702935422421,-0.6205472937692682
80,16.771866487648815,0.2406325990901543,-0.508745,0.003309834890141808,3.0111315928714344,,-1.4132833509951022,1.19937749333152,36.74855996985026,0.22097641848810198,-0.890292,0.0,7.941371574337492,,0.4733570846461883,-0.6322114133774162
80,16.900650339430012,0.28299726598505426,-0.508745,0.003309834890141808,3.160213131605945,,-1.5500289848689164,1.4637765694756468,37.38679350702559,0.3366886029527768,-0.890292,0.0,8.056935249874098,,0.4631264888987443,-0.6419270940594992
80,16.541674947113982,0.23385834801998825,-0.508745,0.003309834890141808,2.9413094119314103,,-1.3974412756210375,1.2334904850019952,36.555850540404016,0.1262717191897034,-0.890292,0.0,7.89885901847736,,0.4735312846105739,-0.629078372876845
80,16.42209039085047,0.263456776529801,-0.508745,0.003309834890141808,3.0203407804880955,,-1.5139139112746414,1.4472131850722265,36.81588724766412,0.30636316517406503,-0.890292,0.0,7.947814998361349,,0.4722378395656319,-0.6260273986294463
80,16.33492333334235,0.2370170987166867,-0.508745,0.003309834890141808,2.9213684974369922,,-1.4226343949912188,1.2821111197648087,36.38318171166123,0.17879039650415765,-0.890292,0.0,7.866207528331477,,0.4729486017069233,-0.6308368488677679
80,16.394523402164495,0.23699362011438554,-0.508745,0.003309834890141808,2.862583153701093,,-1.3181503370889383,1.0853329128934157,36.140482193407266,0.0982531129851467,-0.890292,0.0,7.815717434162755,,0.47469968035419596,-0.6252495636676674
80,16.394523402164495,0.23699362011438554,-0.508745,0.003309834890141808,2.862583153701093,,-1.3181503370889383,1.0853329128934157,36.140482193407266,0.0982531129851467,-0.890292,0.0,7.815717434162755,,0.47469968035419596,-0.6252495636676674
80,16.220704330127163,0.2246203515568231,-0.508745,0.003309834890141808,3.182898664606148,,-1.6967719478359373,1.803698919277743,36.58166714819171,0.5403148431600343,-0.890292,0.0,7.883221906744516,,0.47606290033746057,-0.6179372868066878
80,16.027664229653677,0.24884032364015618,-0.508745,0.003309834890141808,2.957808873601188,,-1.5463753631151596,1.5266178300593625,35.77774750659721,0.24717747906807855,-0.890292,0.0,7.747552652659415,,0.4814971596184354,-0.6159087926591342
100,11.673546529338013,0.30987921246528227,-0.508745,0.003309834890141808,1.2756176022229542,,0.41358914328776997,-1.0128148537005415,40.90748202522995,0.4560713360722073,-0.890292,0.0,8.73534439327894,,0.5897072473644107,-0.3879839939586977
100,12.116996421455639,0.5099893791530414,-0.508745,0.003309834890141808,1.8286220534481603,,-0.6843602043850044,0.34892303391711327,44.57721982489626,1.2404488211543216,-0.890292,0.0,9.190667073577083,,0.35515090461761567,-0.5916540032267128
100,12.541972946545817,0.4333351717792539,-0.508745,0.003309834890141808,1.8975270829239994,,-0.7474098316752572,0.5251087406220898,47.47525137244315,1.8275156869801656,-0.890292,0.0,9.570996089210544,,0.2716055232559528,-0.586795275946946
100,12.228837424882762,0.35010951011542557,-0.508745,0.003309834890141808,1.7359432063841331,,-0.48899706174611646,0.12527753055619129,46.15176223021733,0.28965290631398755,-0.890292,0.0,9.391532067814346,,0.28314487594016846,-0.5608857787549595
100,13.728176761417753,0.431258056951932,-0.508745,0.003309834890141808,2.022597441500542,,-0.6269160682910113,0.245979559475537,48.55485334551764,0.7596630401933588,-0.890292,0.0,9.882667845322512,,0.2297607275063282,-0.61267317981284
100,14.414811804193722,0.5675487813401469,-0.508745,0.003309834890141808,2.120148435400803,,-0.6526931809739785,0.24702390016834636,49.62679475052306,0.33248531431202005,-0.890292,0.0,10.095072186275901,,0.18605086988041988,-0.6141485005457659
100,15.272627825216455,0.6308605760589623,-0.508745,0.003309834890141808,2.2774569753876195,,-0.7048424866384708,0.2883913288254009,51.978375293199825,1.3119682245612345,-0.890292,0.0,10.483606000254431,,0.14179875779849793,-0.6231769202856796
100,15.735960580194812,0.7235907265079997,-0.508745,0.003309834890141808,2.2393851387810093,,-0.5358374229199738,0.22787561836124476,52.109167746599894,1.360633639383192,-0.889041,0.003309834890141808,10.472830717804493,,0.13041396536776756,-0.5913960704542224
100,14.787459484325398,0.3780577487599682,-0.508745,0.003309834890141808,1.8574307826122047,,-0.12505527272578665,-0.06285743186546355,55.96066754797975,0.9240306231549845,-0.880284,0.0,10.764780327510454,,0.1020154442637722,-0.35858657461711124
100,14.536859943380225,0.3685123601844134,-0.508745,0.003309834890141808,1.8119731993404593,,-0.09803937152129213,-0.03117698742617675,54.93888875367962,2.0993476722629993,-0.890292,0.0,10.694595845284589,,0.13113048202066604,-0.3809779562124917
100,15.882256270707076,1.4204416441307515,-0.509996,0.0050040000000000084,2.4133248145735964,,-0.5964685353142613,0.14816645111548865,50.33365252073409,2.4086865106310373,-0.889041,0.003309834890141808,10.12133662937578,,0.14245681141118294,-0.6214968799940129
100,13.387144073611118,0.3137288041382246,-0.508745,0.003309834890141808,1.7227240285988155,,-0.17184335278984664,-0.09170091707409794,51.094187892379125,0.8430701722680098,-0.880284,0.0,9.90033076827292,,0.14380101536721557,-0.39948592479365025
100,15.735407812581183,2.26465048578741,-0.508745,0.003309834890141808,2.4232710287166643,,-0.5882950671012197,0.13313501073549083,50.622257512242946,3.5638094920778105,-0.880284,0.0050040000000000084,9.982636678307468,,0.16044431060913167,-0.47257322336209484
100,14.034316153129513,0.33984402096825495,-0.508745,0.003309834890141808,1.8474892506302028,,-0.2959042879223327,0.11776858977733667,53.5602444477543,1.2882989347917626,-0.880284,0.0,10.29732314627102,,0.08293484691016396,-0.3873879192394398
100,16.931389789159446,11.056905821441259,-0.5312625,0.0601378286584243,2.4317863253278307,,-0.47086783366231544,0.33760559859501976,50.96046052747111,2.932769769162757,-0.889041,0.003309834890141808,9.960552205961847,,0.20969360684517385,-0.4245031738591909
100,13.916552659077368,5.550977773469026,-0.537517375,0.07281471398855024,2.0651432492851027,,-0.40946557251483995,0.6532519663234955,45.65862541588201,0.6818578932389742,-0.889041,0.003309834890141808,9.025724286875542,,0.26888604666933524,-0.4024841645428367
100,15.560885875189385,7.136026544665984,-0.525007625,0.04362287127166634,2.3356045319804157,,-0.25682949268600613,-0.230747307298512,45.19274305447779,1.7150905630397004,-0.882786,0.004333591120537338,8.984637871854812,,0.2524070376300281,-0.4507778653676708
100,13.916552659077368,5.550977773469026,-0.537517375,0.07281471398855024,2.0651432492851027,,-0.40946557251483995,0.6532519663234955,45.65862541588201,0.6818578932389742,-0.889041,0.003309834890141808,9.025724286875542,,0.26888604666933524,-0.4024841645428367
100,12.503492371167031,0.46099662127968055,-0.508745,0.003309834890141808,1.615273871133321,,-0.21296716493025078,0.16786967697507743,49.93957123106509,0.23659229231637413,-0.880284,0.0,9.37127659980212,,0.12157129824829453,-0.2947761337212825
100,12.847708524558087,0.48646107571732483,-0.508745,0.003309834890141808,1.7106035845285756,,-0.3615550359091267,0.33071776924015855,51.70078744733492,0.3102467297697499,-0.880284,0.0,9.544693677438453,,0.05613231486839061,-0.27216764842166824
100,8.22125689804744,1.524511883029891,-0.508745,0.003309834890141808,1.104644258304858,,-0.4211438110043296,1.3230569981424933,41.04036566941736,1.8007501501490981,-0.890292,0.0,8.262234241158929,,0.42674685231573584,-0.37308833143102554
100,7.64624628257576,0.4423244754788255,-0.508745,0.003309834890141808,0.8484302737716435,,0.27897561424928485,0.3296856329486797,37.983467316490774,0.8342050633032189,-0.890292,0.0,7.800502644777856,,0.4999186619534249,-0.3424230714500275
100,8.403143792757945,0.45703534265018364,-0.508745,0.003309834890141808,0.90801330403592,,0.45306585808779093,-0.10917538073212713,36.44788326678389,0.12529360691215186,-0.890292,0.0,7.602896660920708,,0.5373679828723579,-0.33002047202963336
100,11.915486885281382,0.41870014589793814,-0.508745,0.003309834890141808,1.8787895847699625,,-0.9498105300158349,0.8948972197170235,37.68603052958602,0.27413232681269667,-0.890292,0.0,7.944027065269698,,0.4009853642941167,-0.5389038166353209
100,10.622372723187226,0.8603875416029466,-0.508745,0.003309834890141808,1.4256588798323808,,-0.2930136833605416,0.5128868176078688,40.10051096914229,0.8399893399428292,-0.890292,0.0,8.24905788554268,,0.43356551722676184,-0.4358162590284677
100,9.334566682999643,0.41426146708148426,-0.508745,0.003309834890141808,1.1635435943969417,,-0.11135194733008083,0.4307250480616609,40.202562836228324,0.792859235761607,-0.890292,0.0,8.162481700337374,,0.4261383631110132,-0.40666594719920285
100,13.446201612139248,0.6618271895717338,-0.508745,0.003309834890141808,1.6903118035545668,,0.11965603664577255,-0.9541403948483064,44.6598803552534,2.4122129063287523,-0.890292,0.0,9.20814798485771,,0.4077351719934244,-0.6196960375151588
100,12.150067675207435,0.20360588047300215,-0.508745,0.003309834890141808,1.522566618991627,,0.1138995945864675,-0.8649690238273477,40.34538621548067,0.5933881897125669,-0.890292,0.0,8.44427733030902,,0.4317970291804899,-0.5748258939220562
100,11.298018969742069,0.1346386689861219,-0.508745,0.003309834890141808,1.4140308146320297,,0.1158731513258164,-0.8088308981857757,38.373602268840166,0.16885947211689728,-0.890292,0.0,8.063262760529327,,0.4705244268743767,-0.4991707673916761
100,10.870694539971142,0.21660891492754053,-0.508745,0.003309834890141808,1.3845179957859903,,0.04749008930835902,-0.6653551726887617,38.127849457043624,0.2490428057246453,-0.890292,0.0,7.978198235820194,,0.4530997461639236,-0.4782365562836472
100,11.028383994065653,0.34566320353270685,-0.508745,0.003309834890141808,1.4796641980221112,,-0.16266819802217253,-0.36640169958919877,38.95784879335315,0.38449237780372963,-0.890292,0.0,8.087134256350438,,0.3891992668288009,-0.4994553784780008
100,11.499063100369773,0.295261217956686,-0.508745,0.003309834890141808,1.637203088547016,,-0.4042339779651727,-0.09466256846355092,40.32819123872201,0.192949220183956,-0.890292,0.0,8.331602103001677,,0.3068808705992516,-0.5248268912274922
100,11.90336832178932,0.30332438896476266,-0.508745,0.003309834890141808,1.7336978260916291,,-0.47647596873740006,-0.08171713296289868,40.903529814493126,0.24941838796782798,-0.889041,0.003309834890141808,8.448050278844335,,0.2791660628474123,-0.5300506659497104
100,12.642437195048704,0.44502350780461547,-0.508745,0.003309834890141808,1.9651336950811018,,-0.8176972043679985,0.4597661625847318,43.86250362033278,0.621055439137493,-0.8677739999999999,0.009690204332210973,8.812333324863344,,0.15045347791195343,-0.5439741448397069
100,13.584362023331531,0.33061605550586937,-0.508745,0.003309834890141808,2.2822485862039006,,-1.2133075201135544,1.160037023362473,49.22587345083423,0.7416288709203073,-0.8602679999999999,0.0,9.393621781233303,,-0.019198131705411948,-0.5187018515142395
100,14.562289295670993,0.3818189874043849,-0.508745,0.003309834890141808,2.564410427877534,,-1.4371787114680097,1.534789708518405,54.43009238129058,0.4423648100960079,-0.8602679999999999,0.0,9.92771733603924,,-0.15459869613711336,-0.45753927407449574
100,15.454384073097033,0.2539956105508034,-0.508745,0.003309834890141808,2.7634857492470997,,-1.5012500604493901,1.653339782456666,57.02216345974928,0.6502008603973406,-0.8602679999999999,0.0,10.253343808943193,,-0.19594980824792113,-0.4414114121006865
100,16.38281686133658,0.33585952643771566,-0.508745,0.003309834890141808,2.93387023231764,,-1.5013334188980636,1.622422064804653,59.13278896906566,0.1100931290680932,-0.8602679999999999,0.0,10.571684508719184,,-0.21563053704477275,-0.4427161628283729
100,17.122353601920988,0.27623268696632086,-0.508745,0.003309834890141808,3.086358559219607,,-1.552537435111056,1.7410808634671884,62.098232417442276,0.20156769911014846,-0.8602679999999999,0.0,10.977307330244384,,-0.24798221221051633,-0.4263683134106197
100,17.178414641089454,0.3529827996225809,-0.508745,0.003309834890141808,3.0623721687740835,,-1.4983101649162966,1.6332242276320623,61.76771505104615,0.24037170438886787,-0.8602679999999999,0.0,10.938172624315849,,-0.23075699540249134,-0.4263588611405112
100,17.166829287509014,0.3939402860575991,-0.508745,0.003309834890141808,2.9814334632008914,,-1.3634320683728003,1.3464238245733189,59.741147943867226,0.3966790629948843,-0.8602679999999999,0.0,10.74777864606698,,-0.17833388217593038,-0.4590193606426936
100,17.18620227157287,0.2240280339913793,-0.508745,0.003309834890141808,2.9355167266848747,,-1.3045503427409724,1.2547497977346316,58.722691514646456,0.16509726560869753,-0.8602679999999999,0.0,10.612037512206875,,-0.15542607686694881,-0.4472038844276919
100,17.298232041594513,0.33287597860890716,-0.508745,0.003309834890141808,2.8959551087365067,,-1.2063422824451315,1.066092423604447,57.54628615207429,0.20708978324977073,-0.8602679999999999,0.0,10.58252835846736,,-0.10592764317832667,-0.4876029395842317
100,17.179391162058074,0.34743802721934247,-0.508745,0.003309834890141808,2.860154789352939,,-1.2031768387869672,1.095227120789557,57.45695185064031,0.29018217540242963,-0.8665229999999999,0.004845102166105487,10.615654518328395,,-0.09313538885509888,-0.5031134848707473
100,17.151607689475114,0.2708849966664603,-0.508745,0.003309834890141808,2.9032284654911367,,-1.2335335033706163,1.1220537922683778,57.06046883037516,0.41701438997273654,-0.8677739999999999,0.004333591120537338,10.604367118117715,,-0.08403073586317666,-0.530307532325387
100,17.252732452398995,0.39625784245568957,-0.508745,0.003309834890141808,2.8315348288536493,,-1.1376867881402166,0.984755405364721,56.58598051662156,0.3454985009204366,-0.8702759999999999,0.0,10.497898941807685,,-0.06466895215174145,-0.5224727346524071
100,17.31789261210318,0.29245736689941804,-0.508745,0.003309834890141808,2.864654890702717,,-1.150246635675319,0.9702961167026414,56.7937593288149,0.15248091816854284,-0.8702759999999999,0.0,10.509771856104212,,-0.06652786929662212,-0.5301998904233055
100,16.27759414155843,0.42546070141643033,-0.508745,0.003309834890141808,2.6192169049143397,,-1.0275076643234282,0.8690583249138998,50.74251595253424,1.5368798108636155,-0.8715269999999999,0.003309834890141808,9.987690276389198,,0.11539268181602844,-0.6109709708707274
100,15.278102711580093,0.318776463683269,-0.508745,0.003309834890141808,2.386568815512096,,-0.848675626882104,0.5788585195915801,47.95997561156202,0.3688734823981379,-0.8702759999999999,0.0,9.407604073581407,,0.14598514113053013,-0.5599885301149486
100,15.262402309325392,0.33743090482251403,-0.508745,0.003309834890141808,2.3960160414450105,,-0.8867319236705644,0.6271099822106252,48.20621940898266,0.22989992012732172,-0.8702759999999999,0.0,9.402322691373323,,0.1281856134423165,-0.5486110399322306
200,14.892781543740977,1.4404445620438948,-0.508745,0.003309834890141808,2.333966627688093,,-0.7740975005971408,0.3442828368676578,48.11806681305012,5.476571947931097,-0.890292,0.0,9.652779966871336,,0.30880539082087727,-0.5287889620230082
200,13.844686074359664,0.25244286610412364,-0.508745,0.003309834890141808,2.261547265181026,,-0.9579121178112884,0.6238100684885594,43.44873416186866,0.7232524102113217,-0.890292,0.0,8.854042466419143,,0.3628145421089691,-0.5249728603045318
200,14.404710331439384,0.2169850665626328,-0.508745,0.003309834890141808,2.3280317225554317,,-0.9777477816395983,0.7456251594029524,45.529933161372625,0.4116670186260651,-0.890292,0.0,9.145105787860487,,0.2242831082171413,-0.5710045882168402
200,14.7607994250451,0.19842821469144586,-0.508745,0.003309834890141808,2.449720253996434,,-1.2829460149348635,1.6197339154417847,50.56154341571067,1.4736703434006213,-0.8690249999999999,0.012696263347930389,9.765561009339,,-0.004767681462233629,-0.5560518849914915
200,16.021610500009007,0.33552980767727336,-0.508745,0.003309834890141808,2.5796091398293814,,-1.1482175023307621,1.3426870310101666,53.06407094033186,0.15422652015732352,-0.8702759999999999,0.0,10.144964822022281,,-0.005550230666351888,-0.5941046034905523
200,17.203274553255767,0.3123406569692754,-0.508745,0.003309834890141808,2.662171773629395,,-0.9046126972954761,0.799876147093826,51.62869015363454,0.3915939774892665,-0.8702759999999999,0.0,10.227062850081627,,0.08936238980858294,-0.6941563599385537
200,17.108045665674595,0.32536500172020355,-0.508745,0.003309834890141808,2.5954507555443267,,-0.6908190543924484,0.22725277508068453,47.21465316766772,1.2595166475743584,-0.890292,0.0,9.726346840908622,,0.2605244620800431,-0.67690585380818
200,15.387490963077191,0.5026975736932721,-0.508745,0.003309834890141808,2.477824284654492,,-0.7937882587338339,0.13255998054472978,41.72741437557717,1.9114613707711114,-0.890292,0.0,8.853582281861831,,0.49519786321937254,-0.49054974567122134
200,15.38832543740079,0.2725800346729477,-0.508745,0.003309834890141808,2.3722266029717387,,-0.6449774046896147,-0.030268164034776945,40.53329851748735,0.13580939238309356,-0.890292,0.0,8.590289256691651,,0.4954181573571413,-0.48266592934328323
200,15.916560776100294,0.2097910990111047,-0.508745,0.003309834890141808,2.408954149010027,,-0.5846107812859898,-0.09225807985512158,41.6057063985209,0.1433874393313276,-0.890292,0.0,8.782605866940031,,0.4673241776554221,-0.5097667406184869
200,16.13242175891955,0.2841342216843854,-0.508745,0.003309834890141808,2.4444837726532382,,-0.58778277506257,-0.09474405348074794,41.96581307915762,0.23742604239056328,-0.890292,0.0,8.838746647235755,,0.4578016597604209,-0.5170874614072765
200,16.02990569079185,0.22588988612661817,-0.508745,0.003309834890141808,2.4404087206615,,-0.5966429159941533,-0.11621916800375515,41.63644381671173,0.3813549080048976,-0.890292,0.0,8.801194957622322,,0.47209649030532536,-0.5093464587626262
200,16.087060134803387,0.20168218136687638,-0.508745,0.003309834890141808,2.432957689961352,,-0.573858183566623,-0.1465407974567411,41.52183021548518,0.156690549220026,-0.890292,0.0,8.781723115362043,,0.47417528992974817,-0.5107668434309298
200,15.995680535001801,0.21295211667657446,-0.508745,0.003309834890141808,2.42819974387056,,-0.5855404297028421,-0.13609742525460078,41.28435784834052,0.25319573137855755,-0.890292,0.0,8.75446527710377,,0.4865238339582543,-0.5011904456275507
200,15.871354229698774,0.21417505974051818,-0.508745,0.003309834890141808,2.4274696396142006,,-0.6144662102505072,-0.10360950974098265,41.12276876363634,0.34075463604544287,-0.890292,0.0,8.741180296701183,,0.49475259064912047,-0.49741453931514146
200,13.138674743632748,0.24850231346390758,-0.5200037500000001,0.030437486105746314,2.3598836783475647,,-1.3078636047965178,1.0915133266165922,37.93426489980156,0.8355858220178836,-0.890292,0.0,8.150202535246565,,0.5339394525046524,-0.4792309265066075
200,13.448057544020516,3.5524622684859195,-0.633842,0.004845102166105433,2.5820137237829,0.19515199999999994,-1.5447622895594475,2.124263494694936,35.79868045179471,1.4379418569577056,-0.890292,0.0,7.531925875156649,,0.5091714345443091,-0.4264314017394348
200,11.231041908703066,1.8400605202241502,-0.61007375,0.041865571307907655,2.2862231367698658,0.210163,-1.7847157929700854,2.651370841892307,34.156306775072125,0.27738186617626825,-0.890292,0.0,7.335863668915044,,0.5577650335930432,-0.40142384761893385
200,13.030685468461398,0.2876233285430629,-0.508745,0.003309834890141808,2.0870803717084225,,-0.8551043007601581,0.35125556832408367,36.27091945820705,0.23300556825360966,-0.890292,0.0,7.884798176677075,,0.5687273729425979,-0.43855306121308685
200,12.489307647348486,0.27691195770288735,-0.508745,0.003309834890141808,2.096593270360583,,-1.0418835799156863,0.6573537041163637,35.69657386667566,0.09597792676169382,-0.890292,0.0,7.775784570222026,,0.5775737335364832,-0.42750831847766835
200,11.89507205875722,0.3140666740614252,-0.508745,0.003309834890141808,2.048840570642102,,-1.1811623802518167,0.9373596622218764,34.909257584262235,0.16533663173510862,-0.890292,0.0,7.608516367543708,,0.5799546202588846,-0.42874204218686984
200,11.24698353749099,0.32940182556102593,-0.508745,0.003309834890141808,2.0168254452218815,,-1.3627118736919845,1.34284376067904,34.2494054232368,0.14712199644817445,-0.890292,0.0,7.466440941917881,,0.582321464078964,-0.42576748289707406
200,10.46989897201479,0.416398610212935,-0.52125475,0.03372997653330788,2.011749320767823,,-1.6193766305871882,2.000201720362144,33.73018621887624,0.10163732172246337,-0.890292,0.0,7.341730527730508,,0.5817779512458122,-0.42116500966494497
200,9.923602773484832,0.3741671320332589,-0.5687915,0.06137404591722792,2.0628801578003237,,-1.926319292604206,2.9765043251033667,33.41462778639067,0.1812540921314014,-0.890292,0.0,7.240135206486228,,0.573758084186931,-0.42379993121679466
200,11.650610336886682,2.164966533146647,-0.633842,0.004845102166105433,2.2957626259177446,0.18013999999999997,-1.6904752064088493,2.5626645668528107,33.791700339835835,0.4127798137423229,-0.890292,0.0,7.22526230148549,,0.5402484846906843,-0.4270655340254034
200,10.637865106502531,0.4400642253286824,-0.508745,0.003309834890141808,2.0377832509131726,,-1.612808950917123,2.0020342540785836,34.24627724445796,0.178787025887904,-0.890292,0.0,7.430794780851382,,0.5789672363743223,-0.4138113858328602
200,13.449919262968976,0.24724886541573202,-0.508745,0.003309834890141808,2.13707065632347,,-0.8138004457374676,0.2790405595105116,37.048311812499975,0.1578508113782697,-0.890292,0.0,8.03850254606493,,0.5617604080921926,-0.4435077648201942
200,10.042894055753933,0.5305104329403936,-0.6188303749999999,0.04515647428923536,2.072723667328849,,-1.9339514346058433,3.1552282012661754,33.760391745192976,0.1222368601664517,-0.890292,0.0,7.259750927428144,,0.5470578563718025,-0.4504403719580778
200,13.568361502894977,3.256047227024266,-0.6438499999999999,0.004845102166105487,2.4411875051429424,0.1768043333333333,-1.2642130654826493,1.6155329676843835,34.74887714574312,0.928157196648365,-0.890292,0.0,7.30585920615787,,0.4857928092364099,-0.47418297145321475
200,11.626724339375897,0.3198697705853419,-0.508745,0.003309834890141808,2.0241067827727717,,-1.2429091622872934,1.0903887781256103,35.02664328782015,0.07338928325262428,-0.890292,0.0,7.607058238192835,,0.5687355494958274,-0.4375635100518823
200,11.003189166405123,0.3562794177986855,-0.508745,0.003309834890141808,2.0272786241185097,,-1.490288129520911,1.6636725086517605,34.70464731359576,0.05546756467650751,-0.890292,0.0,7.524996862968813,,0.5671406021533273,-0.4364892434294283
200,10.423337680970413,0.3837848966293667,-0.5225057500000001,0.03702555992064807,2.047022858906397,,-1.7341226635159186,2.333425362275157,34.57042911822689,0.06568720610828506,-0.890292,0.0,7.467269867925184,,0.5605364600106368,-0.43795236074923255
200,10.137608448286404,0.44929161797433564,-0.60131675,0.05581910517186297,2.1226430580025237,,-1.9610030414931694,3.160371471893746,34.36404136766322,0.1252733709649519,-0.890292,0.0,7.375687315895352,,0.5474258726445187,-0.44236784810860463
200,13.819113449540001,3.415706885919007,-0.6400969999999999,0.0,2.541236208547961,0.19014799999999996,-1.35648446692095,1.778225240960069,35.678865585506834,1.3369048790375881,-0.890292,0.0,7.45743214449058,,0.47757703861237505,-0.4639378378704787
200,10.012348938816732,0.3302145975117294,-0.5225057500000001,0.03702555992064807,2.0161207106204024,,-1.8087553253249409,2.5398226035487257,33.97493917293919,0.10200015225032646,-0.890292,0.0,7.342029365023224,,0.5561868793601218,-0.44965923950637765
200,10.431027154482287,1.259582244599437,-0.6125754999999999,0.04267995547092336,2.1067191556083156,,-1.7932162950315926,2.7947361962615815,32.609137993402754,0.09554646169513097,-0.890292,0.0,7.0680810719179945,,0.5624883438826813,-0.4349708542253173
200,10.163362049305562,0.35181716967968796,-0.52125475,0.03372997653330788,2.0147625921702645,,-1.671782149021254,2.0916592989851575,33.41797540840095,0.2120567486556233,-0.890292,0.0,7.2903373897161785,,0.5713356780280079,-0.4475909786029983
200,10.020874090449105,0.6751566135920072,-0.5913095,0.04989819909325387,2.073197831853518,,-1.8242679222604525,2.6547298440124085,32.774813877601886,0.09722826353202689,-0.890292,0.0,7.155651177057246,,0.576824997245874,-0.43210086392499947
200,10.571420786066021,0.3788668765366332,-0.508745,0.003309834890141808,2.0194620253783073,,-1.5175300402530616,1.6852495367133635,33.88478083156112,0.17518436063219694,-0.890292,0.0,7.380897498810734,,0.5727348510814656,-0.43475613744642766
200,9.713812560750348,0.3375628220414421,-0.5362665,0.04849858437882492,1.976261039812218,,-1.7928853631481148,2.507409064383402,33.02672815439212,0.20586234053260363,-0.890292,0.0,7.188160582052589,,0.570689471365836,-0.4390757582282179
200,10.897349227507224,0.30825897187418044,-0.508745,0.003309834890141808,2.0255073698455974,,-1.4505630065672883,1.4755371672912077,34.115104043524504,0.18442516207708062,-0.890292,0.0,7.430189405328303,,0.5661734264987003,-0.4536726369009709
200,11.416038036787526,0.2929175793105891,-0.508745,0.003309834890141808,2.0276219239742153,,-1.284500415278617,1.097792110337082,34.65316441563851,0.18644506154662582,-0.890292,0.0,7.539185837678498,,0.5620564402103247,-0.4582061941528891
200,14.386645364799733,3.3301167345597995,-0.6476029999999999,0.004333591120537338,2.5177188319720085,0.17263449999999997,-1.101640534307791,1.224802067900143,35.54102056844334,1.0744918672993056,-0.890292,0.0,7.403152119399824,,0.4499461900895046,-0.5031601965932171
200,10.493048608657977,0.958145378963267,-0.6200813749999999,0.04558762175179106,2.1089347474256774,,-1.79246707633745,2.809396030046495,33.55846876466448,0.12116223859261367,-0.890292,0.0,7.178414621578959,,0.5294266393557808,-0.46446027538573736
200,11.117529797249237,1.457958024352969,-0.6363439999999999,0.004845102166105433,2.156416268112377,0.200156,-1.618417043101317,2.4357463169195315,33.14815466378516,0.11599909946367447,-0.890292,0.0,7.078039454606506,,0.5161568158404516,-0.4725377035316031
200,9.650721404870104,0.6253195593236951,-0.595062125,0.05224218029867605,1.9984659602335848,,-1.8781522706216207,2.9019420706715806,32.746091811534974,0.16483909302707883,-0.890292,0.0,7.069884790762009,,0.5485315349703562,-0.4555769186481497
200,9.695268289799767,0.3112620893100753,-0.54627425,0.049520307616547576,1.9876656856551713,,-1.7581667342592024,2.371047809061147,33.15163907849475,0.19201379377653702,-0.890292,0.0,7.185280113934559,,0.5575983350488029,-0.4473225613376549
200,10.216815973800468,0.972500583793084,-0.6400969999999999,0.0,2.0380938212026107,,-1.7744069665648583,2.7914764484305996,32.55202154565744,0.12123136563588144,-0.890292,0.0,7.053846752066585,,0.545361864845384,-0.4754728333537401
200,9.37319745492422,0.2819559234368924,-0.5700425,0.06269844387423024,1.9338683496655296,,-1.91462802569615,2.9463934433884256,33.0503675294823,0.18175537284000365,-0.890292,0.0,7.1753201805818305,,0.5503579630949493,-0.48061701635336773
200,10.049835145580806,0.3623771694988536,-0.508745,0.003309834890141808,1.9149116037725513,,-1.6831831888786897,2.174080178871878,33.712797689903475,0.19225261940429123,-0.890292,0.0,7.330406138523444,,0.5546709687787963,-0.47744433313466733
400,10.858109170075718,1.7572014147753443,-0.6501049999999999,0.0,1.768327157101346,0.16888124999999996,-0.8383570281265109,0.7079649309584339,35.50508017814302,3.4241886666359838,-0.890292,0.0,6.896069318169689,,0.3840976238712769,-0.47269546420203884
400,8.099626453400036,0.8538616743108544,-0.6400969999999999,0.0,1.5322411300963825,0.19515099999999996,-1.8140215943853377,3.581083584001866,32.70259422056276,0.557791708520158,-0.890292,0.0,6.758386976132993,,0.484130240025174,-0.5035699903446167
400,7.104129245048666,0.4010052045775592,-0.630089,0.0,1.4416848666180757,,-2.2172806692316023,4.787325934693381,32.43214834292026,0.418453948679543,-0.890292,0.0,6.771927669049669,,0.49854518864313835,-0.49539748876178247
400,12.847578844074633,3.6875981809976826,-0.6463519999999999,0.004845102166105487,2.074348348655241,0.17388549999999997,-0.7708531354930092,0.46138756212324333,41.004097041995834,8.431575302227895,-0.890292,0.0,7.300888779061806,,0.1802109826336329,-0.3219242754177845
400,8.409198108116843,1.018748243565035,-0.6363439999999999,0.004845102166105433,1.583071046651241,0.2001555,-1.7271087100646898,3.2734560504089476,34.13516867287606,1.4509404734195404,-0.890292,0.0,6.87654144733054,,0.4500982957612878,-0.46736806285339827
400,7.151720755411223,0.3971553280310806,-0.626336375,0.004844618043187197,1.456151597902323,,-2.1901677077522965,4.64346596278444,32.9840865806863,0.09128944516886309,-0.890292,0.0,6.800162363540924,,0.4878956813148136,-0.47392467413529044
400,8.088498356664829,0.20248054011609948,-0.6375949999999999,0.004333591120537291,1.522927220516026,,-1.7881246020743642,3.5019368498708845,33.109097821739695,0.26485220905165624,-0.890292,0.0,6.789834412665195,,0.4713190717122289,-0.4946343494099885
400,8.088498356664829,0.20248054011609948,-0.6375949999999999,0.004333591120537291,1.522927220516026,,-1.7881246020743642,3.5019368498708845,33.109097821739695,0.26485220905165624,-0.890292,0.0,6.789834412665195,,0.4713190717122289,-0.4946343494099885
400,9.458246275486974,1.652749765115045,-0.6413479999999999,0.003309834890141808,1.672472272515359,0.19264924999999997,-1.3419616045276288,2.1269938069147147,34.783326122050845,2.8397715430101296,-0.890292,0.0,6.90053576698026,,0.41262379632074875,-0.4702227094270249
400,8.090476134235175,0.8707166980566993,-0.6388459999999999,0.0033098348901417717,1.5223655418793665,0.2001555,-1.7734490526186704,3.4479575274311873,32.86929591311777,0.8012781207185028,-0.890292,0.0,6.7507891571629735,,0.47809935515669016,-0.48254827381944837
400,8.002078542532429,0.8179108076305279,-0.6400969999999999,0.0,1.499851229538383,0.19515149999999998,-1.752056874355689,3.3970892674740134,32.638680613180895,0.8920740084269987,-0.890292,0.0,6.735889629925193,,0.48087556216440897,-0.49055884791231974
400,8.527744879392095,0.8462449916613457,-0.6400969999999999,0.0,1.556385170711768,0.19765324999999997,-1.5698545245628768,2.827034917047239,32.8218275880366,1.0358447542954679,-0.890292,0.0,6.74070336162022,,0.47082222724193984,-0.498394619391334
400,14.119295751839777,4.416674528665453,-0.6413479999999999,0.003309834890141808,2.2959544845882838,0.17388549999999997,-0.7592228251507698,0.40965063984981614,43.7858143363095,9.406044792776514,-0.890292,0.0,7.689693628579681,,0.11621852668353919,-0.31931233094207423
400,14.231878663915897,4.735066788627748,-0.6375949999999999,0.004333591120537291,2.4157696014138104,0.18585885714285713,-0.9602472943112513,0.8754800670348835,45.4031294195752,9.54770012570628,-0.890292,0.0,7.980446909413896,,0.10581700831527359,-0.3139438734473787
400,12.220911625036027,3.0836607565997993,-0.6388459999999999,0.0033098348901417717,2.141788214844622,0.1881464,-1.1305801834537892,1.3228281038172445,41.68358008330625,6.565985187965773,-0.890292,0.0,7.623474491316488,,0.22110568290906815,-0.3892288129357282
400,10.419424375649307,1.8866548061827393,-0.6388459999999999,0.0033098348901417717,1.9248107069148457,0.193484,-1.4257994788860096,2.1246943459085466,38.48762473937137,3.528858511399644,-0.890292,0.0,7.382280304803382,,0.3296954980314321,-0.4461636495121472
400,8.282950473412662,0.4649732159027521,-0.630089,0.0,1.659347878388933,,-1.9360757328363125,3.5573491231104457,35.080200564506654,0.28947730227507945,-0.890292,0.0,7.079567948751072,,0.44035047121954696,-0.4728308102655958
400,7.721098438113236,0.2814144085794161,-0.630089,0.0,1.608550774795862,,-2.0801806778543233,3.8600030584805047,34.61130418776152,0.14673969456838576,-0.890292,0.0,7.071027615111849,,0.4561387072587605,-0.48252580876749934
400,7.933310451866845,0.045255154406889896,-0.630089,0.0,1.6307143362329306,,-2.029681713320123,3.686145233029457,34.55391585673249,0.07117182129734413,-0.890292,0.0,7.081666869121118,,0.4542365161192113,-0.4956859796447637
400,8.248101017135605,0.18526138927252986,-0.630089,0.0,1.645159276693068,,-1.9183240980558447,3.415885181496673,34.461661819940446,0.0912369785707904,-0.890292,0.0,7.069191854536725,,0.45222768314695105,-0.5013907545764713
400,9.440829393380191,1.1162856979784377,-0.6388459999999999,0.0033098348901417717,1.7406846126346083,0.195152,-1.4731638255002317,2.338391708998449,34.939336593357666,1.5526367712749995,-0.890292,0.0,7.050602376757439,,0.4079612596176978,-0.5088944538134065
400,8.773478630312011,0.23294743587887215,-0.6400969999999999,0.0,1.6522661124047446,,-1.6368326382854799,2.8070976152266534,33.87454420836488,0.056526342806375356,-0.890292,0.0,6.945339429303079,,0.4427829326852557,-0.5203550468940835
400,8.281879416810929,0.30305851534841144,-0.6400969999999999,0.0,1.6427546262766093,,-1.8719770703365008,3.305169845317333,33.89989808874908,0.10671009321831465,-0.890292,0.0,6.987677767423449,,0.44555964861662456,-0.5266989915726628
400,8.286407041206669,0.10190257328399947,-0.6400969999999999,0.0,1.6505758874435348,,-1.8906801648973426,3.3305731275761623,33.965657348142116,0.05073957768364065,-0.890292,0.0,7.016734860365023,,0.44388411744693856,-0.534806833068993
400,8.422784462887769,0.3501784037629629,-0.6400969999999999,0.0,1.6356089145843657,,-1.8062365571304415,3.16435272392971,33.877469032219494,0.1671546159475536,-0.890292,0.0,7.005209707623199,,0.4419132571459966,-0.5410438686458192
400,8.282544346924567,0.12846308112083993,-0.6375949999999999,0.004333591120537291,1.641810454127051,,-1.87650272290059,3.295609835877461,33.9243873274621,0.055843411299040836,-0.890292,0.0,7.016142862925665,,0.4417344777538679,-0.5388283655264094
400,8.767555573926732,0.1891709743674422,-0.6463519999999999,0.004845102166105487,1.6644479729447086,,-1.6851048082500673,2.879258136091182,34.12507031829904,0.14111122185078118,-0.890292,0.0,7.031470905293617,,0.4265055124160613,-0.556371046268158
400,8.83891326071425,0.3213957538985043,-0.6400969999999999,0.0,1.696730605708308,,-1.7206622818962143,2.914205619199431,34.3037277910714,0.06890640975003982,-0.890292,0.0,7.053259557408171,,0.4230215185390118,-0.5550383754575718
400,8.555566535894624,0.5091920243981641,-0.6476029999999999,0.004333591120537338,1.644022786008517,,-1.75631765322346,3.0593813520300217,33.99082583826207,0.4195936219639284,-0.890292,0.0,7.022882209564552,,0.42523825029098394,-0.5610345134135184
400,9.08784999762803,0.3492151212381554,-0.6400969999999999,0.0,1.6961091823621657,,-1.6009779752820164,2.679507534208671,34.24443375689032,0.1824008640777546,-0.890292,0.0,7.040953596222964,,0.4151702124474786,-0.5669205560060265
400,9.973310443362152,0.600062468871173,-0.6501049999999999,0.0,1.7656631405082934,0.18764599999999998,-1.272013275955163,1.869030496214722,34.80084728180013,0.6780170171293757,-0.890292,0.0,7.090590121631687,,0.3929088243058853,-0.5784504751568378
400,9.200239160903639,0.41887346972713696,-0.6501049999999999,0.0,1.6900004130915454,0.19014799999999998,-1.5105113199036906,2.483286145081425,34.258688068587645,0.09695467294701983,-0.890292,0.0,7.039217350015951,,0.4105387518893401,-0.5761520082530821
400,8.614228532323198,0.20375310789018194,-0.6451009999999999,0.0050040000000000084,1.6655289405711249,,-1.773152175959651,3.0827387132975685,34.26855015652505,0.07953025668742572,-0.890292,0.0,7.066584877324837,,0.41405065209385167,-0.575973274417853
400,14.827333261156149,4.031152495648298,-0.6400969999999999,0.0,2.463286647932117,0.17763825,-0.8378501707908999,0.6635924026833477,46.19113617274529,8.078438794039029,-0.890292,0.0,8.30029982528116,,0.13080256729717232,-0.41222461142193806
400,9.290863481204866,0.5933340652046712,-0.6400969999999999,0.0,1.8136582381013715,,-1.7729296304042887,3.0105559437519296,38.05390715113183,0.5610440556460982,-0.890292,0.0,7.536811212614287,,0.379453642097348,-0.4975396133149857
400,9.291016595030626,0.7193157380444329,-0.6400969999999999,0.0,1.8078062077709007,,-1.7410350564356272,2.8970455805198556,37.31650793751351,0.6807425822104526,-0.890292,0.0,7.4435529439024695,,0.38690847802742223,-0.5126625303350743
400,8.94773817539679,0.48885380201469253,-0.6438499999999999,0.004845102166105487,1.755050896477875,,-1.7982945826288477,3.066646059292833,36.5293409215007,0.4916201193466494,-0.890292,0.0,7.362891225942306,,0.40121987210897014,-0.5224152994238851
400,12.951322908766185,2.5064706391029916,-0.6488539999999999,0.003309834890141808,2.1710609763630764,0.17763837499999996,-0.893402215344024,0.8195643310863168,41.42131077745307,4.23025342916512,-0.890292,0.0,7.756770674735931,,0.22892539605803486,-0.48764199509251815
400,9.895349009244187,0.6399890794834905,-0.6438499999999999,0.004845102166105487,1.8277161827839414,0.195152,-1.4969835182005584,2.384525249885773,37.2586210144796,0.3577185418198264,-0.890292,0.0,7.419228703387541,,0.37797956030538316,-0.5232015187476426
400,11.903528763131268,1.8751025876953011,-0.6488539999999999,0.003309834890141808,2.035139597331267,0.17871071428571428,-1.00033692502131,1.0864865787896865,38.9426703260687,2.562090585596439,-0.890292,0.0,7.497210600464285,,0.2867575714756317,-0.522770754855695
400,11.903528763131268,1.8751025876953011,-0.6488539999999999,0.003309834890141808,2.035139597331267,0.17871071428571428,-1.00033692502131,1.0864865787896865,38.9426703260687,2.562090585596439,-0.890292,0.0,7.497210600464285,,0.2867575714756317,-0.522770754855695
400,11.903528763131268,1.8751025876953011,-0.6488539999999999,0.003309834890141808,2.035139597331267,0.17871071428571428,-1.00033692502131,1.0864865787896865,38.9426703260687,2.562090585596439,-0.890292,0.0,7.497210600464285,,0.2867575714756317,-0.522770754855695
400,13.984624500532055,2.7569421085418915,-0.6488539999999999,0.003309834890141808,2.2660760793158583,0.16888187499999996,-0.7056104192515712,0.3837473879668525,42.1529748394841,4.6394965757289075,-0.890292,0.0,7.7745247888958655,,0.18471931375497352,-0.48231165446037005
400,9.818621645292168,0.7656638516224299,-0.6488539999999999,0.003309834890141808,1.8396122502796293,0.195152,-1.5627238000674448,2.5378892272062163,37.2713817832296,0.381536215006172,-0.890292,0.0,7.4096439821819455,,0.3703603407147971,-0.521832980387351
400,10.258384824296494,0.9010447657079043,-0.6488539999999999,0.003309834890141808,1.8591759177497464,0.19014799999999998,-1.34033364605309,1.9495569953706662,36.81823694025972,0.8902461921945708,-0.890292,0.0,7.31333635695908,,0.3507937559924868,-0.5386910451724087
400,10.892735914700534,1.2330544588508519,-0.6488539999999999,0.003309834890141808,1.8920609582137542,0.18014033333333332,-1.1217979864390233,1.4294382651171584,36.581552711002864,1.0785222635801286,-0.890292,0.0,7.254881072429166,,0.34797624884718226,-0.5479128218872771
400,10.430948276370813,0.975905133572043,-0.6488539999999999,0.003309834890141808,1.8454800458000538,0.18264199999999997,-1.231657121471006,1.7075413922532006,35.9883889854933,0.7319575732696729,-0.890292,0.0,7.218010723824972,,0.3654507045672614,-0.5552798366209101
400,9.341820963464968,0.5303342188290294,-0.6501049999999999,0.0,1.744992647992821,0.19014799999999998,-1.5739599131071462,2.5847282938813967,35.24775649769118,0.14902029155723595,-0.890292,0.0,7.168071387549956,,0.399389198557094,-0.5497727606641698
400,9.505037435173119,0.6205179043015467,-0.6501049999999999,0.0,1.7444770888775758,0.19014799999999998,-1.4866050835990727,2.3815564331413333,35.157752094805176,0.3791146254497666,-0.890292,0.0,7.159159606845837,,0.3955826004126597,-0.5560722853016258
400,9.452475898574997,0.6903888683275224,-0.6501049999999999,0.0,1.7494499240958865,0.19014799999999998,-1.5321413962299153,2.4765930287356905,35.09227626471409,0.31128812234675424,-0.890292,0.0,7.153401578427069,,0.3965872827586223,-0.5577037166912895
600,9.733909247736253,4.573502115883505,-0.683881,0.021192870811902787,1.7913135652658432,0.19615199999999997,-1.9018364942311121,4.4583029802379475,51.09120695763885,10.596931342800556,-0.890292,0.0,8.143620411080185,,-0.25688882533160967,-0.2627677820221182
600,5.571899007318724,0.4947025581390007,-0.508745,0.003309834890141808,1.0198538498001701,,-2.241819049275788,5.4752217114262205,37.95097576408278,3.7437762922109123,-0.890292,0.0,6.58659076404685,,0.02493709639428927,-0.41118543332009616
600,5.124210738113259,0.17813358055487682,-0.56754075,0.04740516969632637,1.101359668351505,,-2.5762175769110636,6.301084772478789,33.64998849052577,0.5629258664219419,-0.890292,0.0,6.068722346608004,,0.21859871794052588,-0.38238760120557114
600,26.729684596681032,27.381339992987826,-0.6513557499999999,0.0231684797664305,3.4485422906494385,0.14511266666666664,-0.6982150536071445,1.2292346947209392,75.14337778607046,47.31802357052407,-0.8852880000000001,0.013239339560567196,9.919058882055058,,-0.5718941924599823,-0.1775529838526922
600,7.898161077295251,2.944312320379304,-0.59005825,0.05342704591485009,1.4938354316476494,0.19515199999999994,-1.86826581508475,3.770166667486776,40.42530128316196,7.297023871801384,-0.890292,0.0,6.668964970792649,,-0.0622558713114246,-0.2800132845196404
600,6.170980353422623,0.41107188035776154,-0.508745,0.003309834890141808,0.9472529554431182,,-1.1986954327170427,2.42316204257727,35.505666634636526,3.3794108398179925,-0.890292,0.0,6.384325914232951,,0.12625438077323345,-0.4667084355051189
600,5.615167741738813,0.07536313068620772,-0.508745,0.003309834890141808,0.8689514552541837,,-1.222322802046538,2.4467989624694892,30.926025376605317,0.4343483364996886,-0.890292,0.0,5.935574355682698,,0.3653827127919027,-0.44243583031460193
600,5.6938743493867285,0.19587958099226319,-0.508745,0.003309834890141808,0.8915607529694627,,-1.1795117848699466,2.3112510870540204,31.131236152398973,0.27735268825706966,-0.890292,0.0,5.941980340140808,,0.36465034485971487,-0.4278783885903561
600,8.53817017501803,1.5027382510031977,-0.550027,0.07234025951709046,1.8484371199886003,,-2.3525951726323084,4.863066369457446,56.736643814831325,9.229448257056395,-0.890292,0.0,8.38207781584197,,-0.5652447131601939,-0.2667498088421879
600,6.822682049481418,0.45055087148375117,-0.508745,0.003309834890141808,1.2369825192750117,,-1.9836347905246319,4.185339697837146,38.12181622435965,2.9954195820204053,-0.890292,0.0,6.684715787842092,,0.013021438795991363,-0.48171877960612186
600,6.586089362139248,0.37219906081956344,-0.508745,0.003309834890141808,1.27165807394848,,-2.039063483767253,4.1087775642579505,36.004816316842515,2.416892183310368,-0.890292,0.0,6.494778496554806,,0.12260392843915342,-0.5012813956860676
600,4.545706606872277,0.4143494412602607,-0.6125756250000001,0.10517093727943275,0.9317709822276203,,-2.921351710683319,8.69738884510324,38.81264468071787,1.3582703840399104,-0.890292,0.0,6.724818154229194,,0.05431686986523822,-0.35922427113217054
600,5.859832712220398,1.218360654609921,-0.631340375,0.09695650961634486,1.1185535131989126,,-2.483809305105871,6.600568004610845,43.76974029237912,6.815456736718884,-0.890292,0.0,7.736193588947017,,0.05280407417166844,-0.44366742476247595
600,5.4424626551587325,0.1648443879451123,-0.508745,0.003309834890141808,0.8866375808318853,,-1.8729117994499762,4.548269168002571,36.02664482959052,1.3505512112650915,-0.890292,0.0,6.7561320880081945,,0.2854851318658813,-0.4404701524021213
600,8.018757916242789,0.9641119666497661,-0.508745,0.003309834890141808,1.595804589597849,,-2.2328083297490227,4.564041065825245,48.814041778188106,7.419254937683221,-0.890292,0.0,8.083184001780552,,-0.16051456460652477,-0.3875434132215796
600,13.230955660687187,0.27573653520445013,-0.687634,0.004333591120537338,2.5005275496635253,,-1.6710932026806853,2.5210596926243953,61.340634033261146,3.826193800799267,-0.890292,0.0,10.441442423059135,,-0.11676841768384114,-0.5704950882381569
600,6.77199752915765,0.5918015466334634,-0.508745,0.003309834890141808,1.1770852263753118,,-1.8648964590373598,4.06139387382902,43.62096016488544,5.987326278620903,-0.890292,0.0,7.401077044450981,,-0.06597061525129377,-0.39485275773983414
600,8.283077999891766,0.41534019176808246,-0.508745,0.003309834890141808,1.5813779052144943,,-1.893936534019732,3.1038742108285176,42.06043510220055,1.3386613427543514,-0.890292,0.0,7.346129812794176,,0.01614887460241087,-0.4465671909238996
600,9.1020705426046,0.36434409801536505,-0.5813014999999999,0.09205500466433097,1.8351354497689423,,-1.9747910290930313,3.2742816276689313,50.60863497968973,1.4420811515878127,-0.890292,0.0,8.720495709634417,,-0.03529994817280394,-0.5333638110817687
600,8.73456341933622,0.6788185565471965,-0.508745,0.003309834890141808,1.6669076492845853,,-2.0022571946855336,3.556625213253306,58.5721534880862,5.348592890100072,-0.890292,0.0,8.495975143934004,,-0.5768474191245571,-0.048092969520068196
600,8.170601183630959,0.13931537445449022,-0.508745,0.003309834890141808,1.5852122901543209,,-1.9382506287568015,3.136542820277911,40.710432435827,1.3258163722832417,-0.890292,0.0,7.33108424394023,,0.1719998337597037,-0.4109267946975448
600,9.17198014752886,0.4167747698960981,-0.508745,0.003309834890141808,1.547586699959123,,-1.3598293740282457,1.9543976798590643,44.795775334415566,3.0146813206668512,-0.890292,0.0,7.439238547113161,,-0.1465355623501165,-0.3971867175933138
600,4.150540090313852,0.10763557321944284,-0.508745,0.003309834890141808,0.642090816531406,,-2.050734695992019,5.580741434019933,36.04970877651063,0.6414394022541414,-0.890292,0.0,6.419450920075827,,0.12823291115747687,-0.41076054735681505
600,8.161458327362913,0.16014624794502977,-0.508745,0.003309834890141808,1.3952553815323507,,-1.5054813312753175,2.289728602021073,39.017831700189376,1.1278197421212204,-0.890292,0.0,7.0737682497034875,,0.2032414431121427,-0.39938171908309705
600,8.02135496854256,0.39693868894127377,-0.508745,0.003309834890141808,1.432972084516558,,-1.692378265928671,2.8580625134438615,66.91505592549149,3.3319267118141314,-0.890292,0.0,8.45630255438353,,-0.957670086329351,0.7730414824096574
600,7.992183096969697,0.29379918415774103,-0.508745,0.003309834890141808,1.595246022889019,,-1.9486961868446777,3.055270137227695,42.00888531012805,1.2777071552267996,-0.890292,0.0,7.365526118414575,,0.07468992239797446,-0.384210700774533
600,7.986049767352101,0.19375199221437084,-0.508745,0.003309834890141808,1.5618214664928205,,-1.8981054289401222,2.9828976097340307,44.35227652899078,2.7039329785895507,-0.890292,0.0,7.746722246392255,,0.11610564102110957,-0.3578303075772496
600,9.420019546653993,0.4066121255591213,-0.708901,0.003309834890141808,1.799512965104337,,-1.7485493285655007,2.9132416183594394,76.09062134999095,2.613782525784009,-0.890292,0.0,9.444703832312026,,-0.9855245284288484,0.9476905579090698
600,12.504203119381259,0.8883708606529028,-0.693889,0.00696527321790037,2.0985585342583954,0.13760724999999993,-0.9110606624252289,1.072808182899233,63.72659527998284,5.020019495547747,-0.890292,0.0,9.957464613134524,,-0.19426493234874775,-0.15417865502631195
600,10.444127056376225,0.7385200425357247,-0.6713715,0.06116989466845598,1.961056213980776,0.15011699999999994,-1.5787256957016331,2.34423992448568,55.050241054743836,3.2190324007131905,-0.890292,0.0,9.237010707412335,,-0.006120920471007376,-0.3591426328791733
600,11.703264396554776,0.24921755693438813,-0.706399,0.004845102166105487,1.739883280462167,0.12581171428571425,-0.4842380884012053,0.7217409470573776,63.808878291378036,4.319509719787639,-0.890292,0.0,10.560372538462193,,0.02025508698697993,-0.39182370665104227
600,12.807617743416255,0.5286780313057737,-0.692638,0.006619669780283616,2.3386733208169894,0.16012399999999993,-1.3469693254581563,1.846283107913358,82.07028158136268,2.96457137075797,-0.890292,0.0,10.61255577366735,,-0.8518220392049444,0.6579965798825846
600,11.703264396554776,0.24921755693438813,-0.706399,0.004845102166105487,1.739883280462167,0.12581171428571425,-0.4842380884012053,0.7217409470573776,63.808878291378036,4.319509719787639,-0.890292,0.0,10.560372538462193,,0.02025508698697993,-0.39182370665104227
600,4.202943582557711,0.3721321858361501,-0.588807125,0.10441674617420989,0.8597423722772195,,-2.9787132890602797,8.892111973895075,38.191446322564914,1.2919716037711217,-0.890292,0.0,6.579517800293788,,0.06276538493842641,-0.3421458858615345
600,12.807617743416255,0.5286780313057737,-0.692638,0.006619669780283616,2.3386733208169894,0.16012399999999993,-1.3469693254581563,1.846283107913358,82.07028158136268,2.96457137075797,-0.890292,0.0,10.61255577366735,,-0.8518220392049444,0.6579965798825846
600,11.158012159929601,1.2686359774084703,-0.690136,0.0,2.227680651634451,,-1.7462765628515327,2.517413964419891,73.05236791286072,2.4949075957507976,-0.890292,0.0,9.5490153150682,,-0.8252631857723931,0.6832702042222034
600,10.498665935488784,1.0780103465939244,-0.6125754999999999,0.07955222373856054,2.1847697616535573,,-1.8797169669931573,2.7186371519870223,68.94153067432806,2.0567282333284505,-0.890292,0.0,9.320270282457237,,-0.7605390612058024,0.4738640177343088
600,17.931754012761488,2.304435904352227,-0.6613636249999999,0.013646374884355746,3.3672615456594075,,-1.2643699982644148,0.8500580684498912,59.246893088501054,5.636539257402271,-0.890292,0.0,10.234598121727515,,-0.08957686954570877,-0.5733997443071921
600,13.356492732999602,1.512313563362748,-0.6225835,0.06538646710329284,2.696936197878726,,-1.5782249116448246,1.4836644965829393,63.0794162478445,2.6644817487420815,-0.890292,0.0,9.74252370778676,,-0.3974570035062523,-0.2048531096770374
600,17.670738833694024,1.2736642282921533,-0.683881,0.009929504670425426,3.147024557716339,0.15011699999999994,-1.131501040703655,1.0050131157491675,60.997376704806975,5.528709616830982,-0.890292,0.0,11.475082412335881,,0.11325122363873429,-0.8819485399820968
600,12.083475342703794,0.5445524541462448,-0.5900581249999999,0.08021833564472258,2.503480942660169,,-1.7844871067138883,2.124344824618016,66.98798798184524,1.5504278431200929,-0.890292,0.0,9.685354530428125,,-0.5315761543910458,0.0733039921801979
600,12.206446381141742,1.5236454202381229,-0.606320875,0.0747135190819531,2.5267852596466343,,-1.7295701896795777,1.9211919629335448,60.29086867955896,2.485728222945993,-0.890292,0.0,8.982844983756358,,-0.4740237450694207,-0.000332916149497986
600,23.778177297952674,0.6159799300857162,-0.6788771249999999,0.010540890847522104,4.689037579162129,,-1.4571518431035573,1.069454817403313,75.21854571835314,4.524557026420551,-0.890292,0.0,15.183237918213628,,0.23480447660947956,-1.070863466322853
600,16.33606659371392,0.4493195089918573,-0.508745,0.003309834890141808,3.3420959214543076,,-1.2893565099649167,0.47931663557322,66.83465353160172,2.0873912257480973,-0.890292,0.0,10.82626874221473,,-0.20635925666902472,-0.38508076629385724
600,4.639165148989896,0.5352523452589971,-0.508745,0.003309834890141808,0.9414379901249335,,-2.830163099662866,8.075692736250677,40.644802840146994,3.6293373367594937,-0.890292,0.0,6.815960289346458,,-0.026771166612153195,-0.288528255405819
600,22.33122143221495,7.982169689979821,-0.6538578749999999,0.009929299943066239,4.254379728842439,,-1.2142955133687985,0.4081976566637762,57.07960624115256,13.448815893824468,-0.890292,0.0,10.638412991252725,,0.09796547561767013,-0.7426754622964505
600,4.152897033089831,0.15752417176967523,-0.508745,0.003309834890141808,0.5791846572355184,,-1.4765590980577312,3.8541087075205436,33.351624399485914,0.7148977194078041,-0.890292,0.0,6.100660012574625,,0.2570554038825399,-0.3759611362627093
600,6.192560784036778,1.784026291279569,-0.56128575,0.04317214670869981,1.3181528775117854,,-2.6346005028636563,6.8316636423054895,47.02681472615438,9.424332196436561,-0.890292,0.0,7.603849702082671,,-0.1860091713300266,-0.26067741204402106
600,5.917908097285352,1.1227252176282496,-0.516250875,0.02059373261114591,1.2242007466184939,,-2.594938732958018,6.737003829129813,44.549308022997806,8.193113034924444,-0.890292,0.0,7.405274341392414,,-0.1142210431678614,-0.3205690511199909
600,4.890004335475292,0.1083204160671439,-0.508745,0.003309834890141808,0.8518440892504862,,-2.1060192251739513,5.353275606145248,33.561174669859284,1.3700079344910692,-0.890292,0.0,6.170216047418062,,0.24349539860681998,-0.40441946074377444
800,14.359752921617925,2.5919498040929,-0.6350929999999999,0.00707672466611493,2.5679866242917746,0.17346800000000004,-1.1139273209280456,1.0407590817241699,58.302403749576094,15.315535360699457,-0.890292,0.0,8.514827352443508,,-0.5419786608661878,-0.30214535461297776
800,9.04479644523807,1.223119048695896,-0.6238343749999999,0.04302686141510176,1.7985844980312538,,-1.7399827515971404,2.505828950669638,52.87844762483313,14.136408419191207,-0.890292,0.0,7.695797995506486,,-0.5286382467830615,-0.27444463877935543
800,12.694994309135968,2.848408534757563,-0.6413479999999999,0.003309834890141808,2.28630461542281,,-1.1749976503270791,1.2444965786430409,49.32259922017494,14.466409802653873,-0.890292,0.0,7.787415485568395,,-0.3163780235572825,-0.517312600894545
800,8.047321081470933,0.4449828334291308,-0.63134,0.0033098348901417717,1.6161685505457124,,-1.7434998860570727,2.563104619566085,35.21656139276243,0.9226642823910401,-0.890292,0.0,6.1465450960372285,,-0.06872318036677844,-0.6455994703285937
800,7.648232337139221,0.059290631094916786,-0.630089,0.0,1.5485597229204595,,-1.7573215062219507,2.5194298193013918,34.20187860936145,0.06903950798841739,-0.890292,0.0,6.001251051621136,,-0.06375449651561015,-0.6451736214969379
800,8.669760366558418,0.3597880393486511,-0.6213323749999999,0.04229317485995078,1.7222903029828363,,-1.6262986109909319,2.0968259982776445,38.8223282497204,5.322031478443112,-0.890292,0.0,6.573403749971108,,-0.16567462397084376,-0.6358357606832847
800,8.391514526005562,0.2261736523412786,-0.6363441249999999,0.006964981361021322,1.6706897867557713,,-1.641120272227618,2.117870941964168,36.78862892797616,2.875638019707202,-0.890292,0.0,6.332870452014154,,-0.12674277312908128,-0.6458914854365161
800,8.395902486864163,1.064944631795306,-0.5850541250000001,0.058139773624510914,1.6686694295781808,,-1.6127874385091359,1.903076861038055,42.50830503810424,8.418925374209802,-0.890292,0.0,6.797002460238675,,-0.31194267907587653,-0.507733002073582
800,7.533492326952535,0.19253297701706504,-0.630089,0.0,1.5533989836730266,,-1.7146947910430508,2.1609973744100284,35.2262850163059,0.9663861508613444,-0.890292,0.0,6.090369292498945,,-0.11949038283581169,-0.6158605988309951
800,7.693512529599538,0.12451339695020676,-0.630089,0.0,1.566690587815034,,-1.6828262149767874,2.0864447562820123,34.7981480748647,0.30544298621123567,-0.890292,0.0,6.030605987141842,,-0.11829247343217736,-0.6315433823696739
800,8.060163484239695,0.3306424186859497,-0.6163283749999999,0.04032314829889123,1.639771234861362,,-1.6391176904602824,1.9014385455265885,37.62151948690023,3.56701732794021,-0.890292,0.0,6.394260444637464,,-0.17182871032373076,-0.6148780648904731
800,8.080094654450729,0.43979795813041334,-0.61758,0.004333591120537338,1.671347865734433,,-1.8395714671895098,2.784362595887809,38.603780615282275,1.2651228454499588,-0.890292,0.0,6.395701564896302,,-0.20298746399292972,-0.5283512478652583
800,7.762257917978868,0.15933096156561388,-0.630089,0.0,1.5822799535506789,,-1.6568195436585615,1.9534840748537936,35.158239554595035,0.25550415039812197,-0.890292,0.0,6.057066912477004,,-0.1396900124031866,-0.622488065446105
800,7.901613245666458,0.1502516316741319,-0.630089,0.0,1.6097493336126107,,-1.6344296281153117,1.8564588067378964,36.00594085124457,1.3387919625614115,-0.890292,0.0,6.178373653883152,,-0.15234457488915826,-0.6154299525894595
800,7.740974402236625,0.17877661311674484,-0.630089,0.0,1.583734975105691,,-1.6340412512126843,1.8231338007221811,35.44790573472672,0.5596445617766542,-0.890292,0.0,6.085714301639515,,-0.1543106750968521,-0.6089390337697187
800,7.583649536900227,0.11011534231011857,-0.630089,0.0,1.556462871661282,,-1.6308290407629213,1.7904088619442105,35.03948475040132,0.06293640669422465,-0.890292,0.0,6.019530329895369,,-0.15512972936674557,-0.6072019274060414
800,7.772027885917181,0.03850282835455191,-0.63134,0.0033098348901417717,1.5799306318670916,,-1.6189140539015807,1.789102278273674,35.224496723092514,0.0407897717016866,-0.890292,0.0,6.053755581094844,,-0.15763244252336991,-0.6221123808961231
800,9.040035835371569,0.9245915686064864,-0.508745,0.003309834890141808,1.504824174369279,,-1.099087800726392,0.9527888247551346,59.23646000920814,12.971534185136205,-0.890292,0.0,7.5307313904104785,,-0.8913376377594308,0.3322428509850444
800,7.047345012811126,0.08618817097332723,-0.60507025,0.03971735724387388,1.487936961666414,,-1.6744067721753875,1.9322397702046048,36.13128263324313,0.30116963264582264,-0.890292,0.0,6.08689518863784,,-0.1869936866296843,-0.5368805999027685
800,7.106971660759356,0.03943730325056681,-0.606321125,0.04032340424442579,1.4947829836129007,,-1.6535092528141362,1.8385719116432617,35.4595589979888,0.055880049814971446,-0.890292,0.0,6.029957340911041,,-0.17057602227908403,-0.5645705270552152
800,7.707821607278111,0.07897857479166172,-0.630089,0.0,1.5810167987157335,,-1.6374489986071472,1.827022195706434,36.08453193810875,0.8237067154512343,-0.890292,0.0,6.150312931002318,,-0.17361777419615818,-0.5982532480193359
800,7.816395895675477,0.115066348917533,-0.630089,0.0,1.5909180804035645,,-1.6200622987908995,1.7874215315387159,35.65995541248195,0.12436053277924085,-0.890292,0.0,6.0889202472048165,,-0.173229371590177,-0.6160190400006416
800,7.298461803251238,0.13213435388913003,-0.603819,0.004845102166105487,1.5461275165616988,,-1.8122191803825878,2.6049932982039983,36.96467211179652,0.29804585127855204,-0.890292,0.0,6.194175300419932,,-0.18236454255521584,-0.5296655673329805
800,10.728106258161947,1.6770417650488356,-0.636344,0.0069652732179003194,1.9937702860348026,0.19014799999999998,-1.2209324105019959,0.933450904886485,39.12312277384558,2.543300368253751,-0.890292,0.0,6.402881218354916,,-0.24370592850558012,-0.5917123398892503
800,7.981400789466068,0.24278069070015423,-0.607572,0.0408822212795489,1.6414319146213865,,-1.4889796935550792,1.230119374100157,35.82059800027054,0.28714234483982354,-0.890292,0.0,6.125549013925797,,-0.16460777689786535,-0.6152056007834781
800,8.8291497333243,0.9605212723950622,-0.552529125,0.05498596373493308,1.625549662966116,,-1.2152051762727873,0.8017422821688578,45.482183173931254,8.728983703960221,-0.890292,0.0,6.792217059531419,,-0.4801781645294984,-0.27385817722870914
800,8.513427954265847,0.23096971797488147,-0.6138265,0.03938070188556827,1.7039022873250127,,-1.4776922812761215,1.2917085725114277,38.06803493457339,2.30866097662397,-0.890292,0.0,6.343826535377999,,-0.22003235995801085,-0.5730375319699326
800,9.337936139254143,1.072202018499626,-0.552529125,0.05498596373493308,1.6694729726808575,,-1.1384471350127459,0.7776444368913802,53.385623700527574,12.044380076303973,-0.890292,0.0,7.2849122637955785,,-0.6974174468098371,-0.013396117208595293
800,9.337936139254143,1.072202018499626,-0.552529125,0.05498596373493308,1.6694729726808575,,-1.1384471350127459,0.7776444368913802,53.385623700527574,12.044380076303973,-0.890292,0.0,7.2849122637955785,,-0.6974174468098371,-0.013396117208595293
800,9.059155440354434,1.0120862927519514,-0.508745,0.003309834890141808,1.5894000407325208,,-1.1152414207720556,0.7694650245541744,52.64643473283277,11.392466168882585,-0.890292,0.0,7.156406525435651,,-0.7114516804607632,0.04412186904866128
800,7.450927012378224,0.09007093378988552,-0.60507025,0.03971735724387388,1.557559444387914,,-1.534360971303025,1.3875811159853428,35.780379206177834,0.403552474398637,-0.890292,0.0,6.065967241478132,,-0.1615526395722548,-0.573810793770925
800,8.003594077471112,0.08932589410622087,-0.630089,0.0,1.6417440906963787,,-1.5425294915916874,1.4244907903026256,35.8298345390016,0.06931334170778472,-0.890292,0.0,6.0747372387518865,,-0.16597279506334123,-0.6014123033209633
800,8.607598736323027,0.19020044617244736,-0.6200813749999999,0.04186548166430638,1.724436094213489,,-1.5030199736785606,1.4001118708254976,37.26005016183711,1.9446670452997257,-0.890292,0.0,6.278384850120076,,-0.18630580040783074,-0.6115897679467778
800,7.579330311129123,0.09956284171019417,-0.607572,0.004333591120537338,1.5908861989547876,,-1.769885049779567,2.4249531893061627,36.82411496599025,0.10867435343133777,-0.890292,0.0,6.180544195981331,,-0.18679576171897816,-0.5540635023540212
800,8.194181582769632,0.1760846009833465,-0.6288381249999999,0.003309504171227916,1.671307778195108,,-1.517288760977539,1.3369250736944873,35.85547974341178,0.4181721863737341,-0.890292,0.0,6.1039798393508695,,-0.16624487718743364,-0.6246324631977789
800,8.194181582769632,0.1760846009833465,-0.6288381249999999,0.003309504171227916,1.671307778195108,,-1.517288760977539,1.3369250736944873,35.85547974341178,0.4181721863737341,-0.890292,0.0,6.1039798393508695,,-0.16624487718743364,-0.6246324631977789
800,8.194181582769632,0.1760846009833465,-0.6288381249999999,0.003309504171227916,1.671307778195108,,-1.517288760977539,1.3369250736944873,35.85547974341178,0.4181721863737341,-0.890292,0.0,6.1039798393508695,,-0.16624487718743364,-0.6246324631977789
800,9.290568258928566,0.5346687417089933,-0.508745,0.003309834890141808,1.4686521054060295,,-0.7809983775380809,0.35498196232805085,58.38838029224835,11.859166511891669,-0.890292,0.0,7.302177608937853,,-0.931068553983454,0.46210440322826096
800,7.514814281484462,0.06844468762234665,-0.60507025,0.03971735724387388,1.5767763644020647,,-1.5542037732418144,1.4457897196737655,35.78560492652415,0.369279641595817,-0.890292,0.0,6.0638260344203765,,-0.15445306234240777,-0.578141576693521
800,8.224324410533882,0.15028099962860775,-0.630089,0.0,1.6768887818270117,,-1.5504515880127863,1.4689542793734098,35.99330932790402,0.09646466738037637,-0.890292,0.0,6.075014008361851,,-0.16876535879791157,-0.5981404167121699
800,8.612284881322122,0.029521332460045475,-0.6350929999999999,0.005003999999999953,1.7229163735428439,,-1.521945694513039,1.4551362132220864,36.191063762545085,0.4088109866356919,-0.890292,0.0,6.115083445897989,,-0.1714582518288918,-0.6176559732200848
800,9.222098194985573,0.8382052665349699,-0.508745,0.003309834890141808,1.5620938222071676,,-1.1871926126122205,1.1235611303535094,62.36694776581888,13.985867678065818,-0.890292,0.0,7.776476829305756,,-0.9278175092029292,0.3629138247924202
800,7.4807197148583775,0.05492710278331001,-0.620082,0.0,1.5770046380169749,,-1.6822891859605527,1.9589291583002448,36.3545878779401,0.2740527348444047,-0.890292,0.0,6.156937362215315,,-0.14938051285625167,-0.5900123819600558
800,9.065009096487191,0.7964488711158777,-0.508745,0.003309834890141808,1.5132335240350911,,-1.1238094749184182,1.0284537463852224,58.720178035146084,12.891211656948016,-0.890292,0.0,7.472869692031427,,-0.8751756149952715,0.29076134639776574
800,7.778501944101704,0.18226059587838073,-0.6363441249999999,0.006964981361021322,1.5404009332500208,,-1.6733924983861543,2.3244712332875523,37.054777597474725,2.5601594511388726,-0.890292,0.0,6.292138128445194,,-0.14402712135002033,-0.6177321962780649
800,9.002244454743867,1.0708050304115648,-0.508745,0.003309834890141808,1.656607833339787,,-1.5152382510030744,1.7821215889888409,56.32244770546534,12.997299322832113,-0.890292,0.0,7.545508347586967,,-0.7393017249712031,0.0324862700115523
800,9.96528441718974,1.0273630329352725,-0.5813015,0.05536881437686742,1.9080090968323913,,-1.5853768363385385,2.030703424108334,53.88795167516231,12.328834191192227,-0.890292,0.0,7.636027898675485,,-0.6158266764020215,-0.2575951089576317
800,11.847225591941713,1.95051341458692,-0.59381125,0.04952021920072143,2.4076880891601142,,-1.7439771593520557,2.335633761961712,60.81871114513886,13.651994638035092,-0.890292,0.0,8.425696620081439,,-0.6959951465804615,-0.2499945110102194
800,8.88594587357952,1.0433910618050424,-0.6238343749999999,0.04302686141510176,1.7439287144604072,,-1.695360598157724,2.4109201886740683,52.11843057723663,13.260353412364188,-0.890292,0.0,7.580182129810429,,-0.5271799050708572,-0.2847685545436309
800,7.417117393100627,0.6907742589254242,-0.60006575,0.0520017944083423,1.4936581291068731,,-1.751331340530681,2.4769516145286348,39.61331214091358,5.437537935386138,-0.890292,0.0,6.539233487112329,,-0.2195734128021264,-0.5601294850739976
1000,93.66853046444788,26.99192501336258,-0.705148,0.0050040000000000084,10.233455596322342,0.08381499999999997,0.8798417262937649,-0.016693988527137327,116.41527932839102,27.450608858929666,-0.885288,0.0070767246661149795,13.917275495803771,,-1.1630444552817656,0.2767127785022407
1000,12.199007440584378,0.36624982873465245,-0.700144,0.0,2.1881979956407243,,-1.5672422385115103,2.5427462798950184,34.64588468373465,0.6391650477991092,-0.890292,0.0,6.304149557964735,,0.17369847084950024,-0.700932117802016
1000,11.460125697501766,0.14101808545954886,-0.708901,0.003309834890141808,2.045125861672719,,-1.549984345677442,2.4364067018876696,40.264164792410696,4.102411987996361,-0.890292,0.0,6.608940310007762,,-0.15113021940888924,-0.5299543063089138
1000,12.201536518772514,0.35968507133603295,-0.701395,0.003309834890141808,2.2105957381711314,,-1.611198006564037,2.529384346881166,34.65766614350197,0.49309861870097865,-0.890292,0.0,6.575660408317578,,0.2357790122398571,-0.7825884117226798
1000,11.277465713086183,0.23246806294218628,-0.70765,0.004333591120537338,2.017618915737147,,-1.4915478494590655,2.1832148082388305,42.69950456244587,3.7529241077819915,-0.890292,0.0,6.861311190490708,,-0.2124446161389934,-0.4673388012282288
1000,12.037726379360535,0.28591430660636186,-0.703897,0.004845102166105487,2.1006886471353137,,-1.4065365876761553,2.1034157589365696,38.92771742511722,3.2811342851573997,-0.890292,0.0,6.665457138977135,,-0.07055542438940106,-0.62941155017308
1000,13.321616724990943,0.5710454340447705,-0.698893,0.003309834890141808,2.374775868144262,,-1.4515990992102625,2.0492084523493155,35.9363319551542,0.8561632073722645,-0.890292,0.0,6.832754390579156,,0.21190425108219565,-0.794071350304081
1000,13.84699461982319,0.6963539002828857,-0.696391,0.004845102166105487,2.6076696293413932,,-1.6218256485482216,2.098438583645714,37.968948526064196,0.8329115969135953,-0.890292,0.0,7.41970484459024,,0.24600470965185564,-0.8590249518737408
1000,15.604212261922758,0.7553938519648821,-0.686383,0.004845102166105487,3.0752567499081183,,-1.6321770109634186,1.7522537153669613,41.25704422334504,1.3718017618432223,-0.890292,0.0,8.346942400267626,,0.29566274260280584,-0.9295864071824107
1000,17.421081713857276,0.9370544669332888,-0.6738731249999999,0.006965026264083651,3.5977867606882326,,-1.5910406085048627,1.3046924925492769,45.923208057584745,1.5686949668782295,-0.890292,0.0,9.62295285789843,,0.3282757386407817,-1.0075636554830343
1000,18.85721404553116,1.081850849676633,-0.6451009999999999,0.05127457055402803,3.9488611244833605,,-1.5200285825325548,0.9699018518300851,49.73193023257573,1.3343400451649483,-0.890292,0.0,10.7157261574892,,0.3365617010771001,-1.0719157855929557
1000,27.30671988676491,8.931247006184568,-0.690136375,0.04558762175179109,3.700028133020557,0.09207159999999999,-0.20534543118714044,0.473588824314755,57.20468478130408,6.380456659238384,-0.8852880000000001,0.013239339560567196,8.53807369554205,,-0.49919951120563427,-0.0678392742990557
1000,17.565614297113992,0.7045854587362333,-0.508745,0.003309834890141808,3.5846550695903554,,-1.5007424322374106,0.9381075315156053,54.004581774034975,1.1618739970856373,-0.890292,0.0,10.558150114647866,,0.16260529548752573,-1.037627200264665
1000,18.28518318074944,0.6503758711856863,-0.56754075,0.07434609668091187,3.7636226856642785,,-1.490282025037398,0.8957748999357348,50.1285454265512,1.0581946464274894,-0.890292,0.0,10.686584316151006,,0.26344329474080197,-1.1020419778739239
1000,15.682194199833155,0.8070449333986041,-0.508745,0.003309834890141808,3.1603461092120257,,-1.5522500271582156,1.1990017455833801,52.90923547360207,1.2410642068709483,-0.890292,0.0,9.585639491711262,,0.05102973270905899,-0.906867691296541
1000,14.010899842081498,0.44763883306897406,-0.64385,0.08020873638201763,2.893290700131687,,-1.7278834454476422,1.8933909452253408,46.15454196742422,0.7005293150214047,-0.890292,0.0,8.509301916465192,,0.08235902077136395,-0.8507480176434288
1000,16.91787481720774,1.357106640764512,-0.6738731249999999,0.006965026264083651,3.5989819527195834,,-1.5575210584968007,1.0661961324995524,45.546864391314905,1.8567323926587516,-0.890292,0.0,9.811349376917082,,0.36967539596364185,-0.9969537729457235
1000,21.106528421978663,1.8353409194815578,-0.6488539999999999,0.007812492495996409,4.315061199003146,,-1.322902598089554,0.3663326514624367,50.23938863212479,1.5252332784771854,-0.890292,0.0,11.27804558805623,,0.377799338181781,-1.097330708298665
1000,28.008411119164798,2.0575532822463516,-0.6350929999999999,0.005003999999999953,5.3470603937951795,,-1.0761014259424517,-0.21370024502516327,59.365966366387056,3.186077104210859,-0.8777822499999999,0.033097687463590264,13.34032902024336,,0.29275463204822005,-1.1996559559792002
1000,33.233633958874385,2.0116903160076576,-0.6250855,0.005003499999999994,6.096101264160157,,-0.8995277250300184,-0.5936187020133501,66.68546608442453,3.8414395766916964,-0.788963,0.003309834890141808,15.03449151803453,,0.2985410665741379,-1.2373500460397322
1000,22.59570198669727,1.2763335346671925,-0.67387325,0.009929158206388905,4.235222940323737,0.15011699999999994,-1.1645140347877014,0.7081223058178269,47.677684446771266,2.250842374886437,-0.890292,0.0,10.064962600546593,,0.29205379060581094,-1.0725231922891583
1000,24.624692487968915,1.6014938099964466,-0.67637525,0.022342944567301317,4.7607694014239375,0.16012499999999996,-1.2479557772427592,0.7845687691964052,57.20766382123464,6.986223681184008,-0.890292,0.0,12.12373947439457,,0.33129589340889753,-1.0516267425319956
1000,27.198672571324792,3.7932578897157785,-0.702646,0.004333591120537338,3.676917967031601,0.100078,0.028457693902439206,0.2267892398586449,56.46892154146824,7.9387130290178565,-0.890292,0.0,7.539279033667402,,-0.7071186004065421,0.2099411890537523
1000,39.4026493828823,5.862980126652529,-0.593811,0.00696527321790037,7.73820555260149,,-0.9480577147260114,-0.5530143752599471,94.14782630509549,15.120183296647559,-0.772700125,0.04468630205509711,21.415712903771905,,0.4874057153103903,-1.108796488370431
1000,27.497585516828934,1.5584830455152336,-0.607571625,0.04326267740771917,5.6260445796885,0.2001559999999999,-1.262646944582234,0.38409764762888166,63.63446487699758,11.238488435350057,-0.8277429999999999,0.038026449801421114,13.780825507518855,,0.25778625171647607,-1.2421530209731682
1000,25.567402386111045,1.3407619926371441,-0.597563875,0.03309747013533474,5.209776620650359,0.2301789999999999,-1.2593625896501701,0.37063829587415603,61.992573852701064,10.12025661060339,-0.8590175,0.03142426381397023,13.394292132948891,,0.2311130902282566,-1.2310654975894764
1000,23.98859419926948,1.5027106233116199,-0.541270125,0.007812312356746555,4.839507289112168,,-1.1739966771833545,0.029090842965566244,63.53627124604071,6.948082481429826,-0.8502602499999999,0.013238961597780223,13.468389114186841,,0.18140025751051858,-1.089647167358335
1000,31.294627246690112,2.7962666954556368,-0.509996,0.0050040000000000084,5.7161582051511,,-0.7871315070514483,-0.7129730146884796,84.36963686225647,5.1061154576717955,-0.8640209999999999,0.004845102166105487,17.748787226229354,,0.17217219675399578,-1.0855276864672763
1000,41.673355100965,3.6469721576513567,-0.508745,0.003309834890141808,6.976689686052503,,-0.5180839977587961,-1.1090323889584672,102.06390093012261,5.633961245876221,-0.8602679999999999,0.0,21.90909336964898,,0.21764714703778196,-1.1406611552378068
1000,26.65969433095236,1.145189282981496,-0.547525125,0.04118709315561581,5.1164987926104715,0.210163,-1.057687747740825,-0.10045485208835386,58.58349204715452,10.88756710180337,-0.827742875,0.03271715942910348,11.744254925024896,,0.06510292411907473,-1.0949219278716114
1000,27.48333175364354,0.9878672147674122,-0.5687917499999999,0.039221458418033095,5.139075854945,0.210163,-0.9669033598767354,-0.19219102630958407,58.142762423462244,11.77539435040771,-0.832746875,0.03309764021964972,12.081833143394201,,0.132379464405889,-1.1753932020150506
1000,30.090333151957058,1.2817879526502642,-0.508745,0.003309834890141808,5.139979268145474,,-0.7306101708099282,-0.5869695213510613,81.30249142244766,3.67113572011125,-0.876531,0.004845102166105487,16.200981767217343,,0.08624885460562277,-0.9421307598922144
1000,36.96669801042569,2.4995403642522245,-0.508745,0.003309834890141808,6.102628414336729,,-0.5401551521048356,-0.9629327020080412,93.40742589871928,3.2979034005060917,-0.879033,0.003309834890141808,19.181099589061347,,0.15456938563227934,-1.0129853885310092
1000,19.441502546672027,1.3126161309163868,-0.700144,0.0,2.9568487610121164,0.12134487499999992,-0.5772319138842055,0.9089330009225285,46.5179911099612,3.2669778592755354,-0.890292,0.0,6.814224272257312,,-0.4103793279085707,-0.13167342656154568
1000,47.54641094873738,3.565634720239047,-0.508745,0.003309834890141808,7.503869811157905,,-0.36174000761479286,-1.2432324550162286,107.76513056655838,4.102443280632317,-0.8715269999999999,0.007812492495996409,23.208709690684557,,0.2179633357806981,-1.1183086010789083
1000,59.286264189484115,3.2816389748031365,-0.508745,0.003309834890141808,8.791511414291165,,-0.16652580627925515,-1.4449892105143656,127.04427398888876,5.782848514573264,-0.850260125,0.005003750004683989,27.574908930951022,,0.20905831010414727,-1.1717749827361659
1000,67.46080076062408,3.742828189357809,-0.508745,0.003309834890141808,9.322386883037275,,-0.018332791957438904,-1.457411115851277,144.94689924444427,5.419663837623602,-0.85026,0.0,30.558084650038637,,0.15181521805896067,-1.1848744176175878
1000,73.79333284112552,3.0840639738620683,-0.508745,0.003309834890141808,9.52630879562741,,0.1351649137480886,-1.4238883447556727,158.05748553365794,4.448425975918214,-0.8590169999999999,0.0033098348901417717,32.552309839847894,,0.10776189039785183,-1.1713536033570702
1000,80.04272774999096,1.9447234267255171,-0.508745,0.003309834890141808,9.730503774378844,,0.25964469370558335,-1.3701848386930233,169.39810825579002,2.5808932108505673,-0.8602679999999999,0.0,34.55456678303497,,0.09377232356417281,-1.1630927671264817
1000,80.04272774999096,1.9447234267255171,-0.508745,0.003309834890141808,9.730503774378844,,0.25964469370558335,-1.3701848386930233,169.39810825579002,2.5808932108505673,-0.8602679999999999,0.0,34.55456678303497,,0.09377232356417281,-1.1630927671264817
1000,81.92685520441917,1.9863461001713913,-0.508745,0.003309834890141808,9.646210464922559,,0.31783213681940975,-1.309946388687636,176.2549893801767,1.3525373028113812,-0.8652719999999999,0.0050040000000000084,35.32885782527006,,0.053274962992555845,-1.1630603057372735
1000,86.07374756521462,2.40076669151135,-0.508745,0.003309834890141808,9.789144647018272,,0.3842989361848782,-1.268403622924139,181.76861898775246,1.7224926488900862,-0.8665229999999999,0.004845102166105487,36.42005173542938,,0.05072906904777018,-1.158458952363871
1000,87.62236450441917,2.115148438820259,-0.508745,0.003309834890141808,9.791959183952258,,0.42061845360761707,-1.24785210108583,184.07795375681812,1.3409543402844986,-0.8652719999999999,0.0050040000000000084,36.82915182984797,,0.04464425821344194,-1.1653087862761202
1000,91.78081991464643,2.2226326993017484,-0.508745,0.003309834890141808,9.969686074828438,,0.46156176448298974,-1.2076614319717212,189.3271871198773,2.3942493932562106,-0.8665229999999999,0.004845102166105487,38.071158599101395,,0.05818019331457433,-1.159940454340066
1000,16.678757612784047,0.8236556382241775,-0.700144,0.0,2.7235533859674455,0.15011699999999994,-0.9692225903677685,1.4933095562024685,43.24077175402685,2.7720105364847183,-0.890292,0.0,6.634193710008101,,-0.2638300912262089,-0.29074788469253937
1000,94.9600374037563,2.0885490142396166,-0.508745,0.003309834890141808,10.228173000750001,,0.4829632304044928,-1.202890086489326,192.72335570429286,1.9496803061098615,-0.8702759999999999,0.0,38.8531953264256,,0.06439717906339532,-1.1588536914618197
1000,14.803954629626583,0.6388817555341907,-0.700144,0.0,2.551112178622064,,-1.2774227684589596,2.01928952531051,41.028399139299225,2.966857526630985,-0.890292,0.0,6.545515304876118,,-0.1589117338472153,-0.42026944194236354
1000,13.273617775234449,0.18291580355884393,-0.700144,0.0,2.4003678275939064,,-1.5432573514656402,2.4755556568347448,37.74709030536614,0.9850285943254485,-0.890292,0.0,6.404808195945346,,0.019369655929256817,-0.5799871851015713
1000,12.941469558004108,0.1152466657713423,-0.700144,0.0,2.3356099514601687,,-1.5731694022408835,2.5502580297188144,38.124032577286236,2.838091300155363,-0.890292,0.0,6.482314236803908,,0.0024138364054044625,-0.6028826403143227
1000,11.59397467159989,0.19103259915429247,-0.706399,0.004845102166105487,2.0919427359584244,,-1.6222659643855903,2.6981202646746922,40.285278070607845,4.672572339094573,-0.890292,0.0,6.507721173383672,,-0.17722006813737687,-0.47649194749708595
