upper_Ip_mean,upper_Ip_std,upper_Ep_mean,upper_Ep_std,upper_Area_mean,upper_FWHM_mean,upper_skewness,upper_kurtosis,lower_Ip_mean,lower_Ip_std,lower_Ep_mean,lower_Ep_std,lower_Area_mean,lower_FWHM_mean,lower_skewness,lower_kurtosis,n_upper_valid,n_lower_valid,ppm,log1p_ppm,filename
3.50889193777056,0.879283784111244,-0.6174999999999999,0.004330127018922197,0.18333667901515013,0.060000000000000026,-0.10335588542163535,0.5798005164601382,35.36824918438851,3.2563560644121057,-0.8,0.0,5.697298174176272,0.0,-0.7186643495431088,0.19044304971446152,8,8,0,0.0,KCL_LECSENS_01.xlsx
3.369446454653693,0.4190363166549475,-0.51875,0.0033071891388307415,0.2022665856576466,0.05333333333333338,0.030757347005794106,-1.1903259438925655,26.43899481358224,1.0400055123873804,-0.795,0.007071067811865481,4.79036509981223,0.0,-0.9195494166772384,0.2986813805937299,8,8,0,0.0,KCL_LECSENS_010.xlsx
3.5555629510822624,0.3075237363475305,-0.51875,0.0033071891388307415,0.21711119089556113,0.05500000000000005,-0.013326211717489586,-1.0467892240672212,26.69903520012625,0.7949019112090925,-0.8,0.0,4.791752321133928,0.0,-0.9024801555636872,0.25729849495913576,8,8,0,0.0,KCL_LECSENS_011.xlsx
3.6646510362193463,0.466182854808673,-0.52,0.0,0.2254054478232307,0.06333333333333335,-0.018296861080496746,-1.2207111763964265,26.848977284126974,0.7978823399936398,-0.8,0.0,4.829279218385282,0.0,-0.8908178943240748,0.2377618864974797,8,8,0,0.0,KCL_LECSENS_012.xlsx
3.56903259898991,0.4806553239317256,-0.51875,0.0033071891388307415,0.2340198775705253,0.0666666666666667,-0.21061944919253767,-1.0077529704722696,26.79860905111832,0.7579812290063848,-0.7987500000000001,0.0033071891388307415,4.79828588667695,0.0,-0.9007588676724794,0.27829027540792445,8,8,0,0.0,KCL_LECSENS_013.xlsx
3.726410985714299,0.4186341149496384,-0.51875,0.005994789404140905,0.2270804855445515,0.06250000000000003,-0.021044629250551464,-1.0257186422739457,26.816873340241692,0.9492224879884219,-0.7987500000000001,0.0033071891388307415,4.8033001284060255,0.0,-0.8985230635607953,0.26055222300265934,8,8,0,0.0,KCL_LECSENS_014.xlsx
3.5697525695526817,0.31376718370472284,-0.5162500000000001,0.0048412291827592754,0.21660268103156444,0.065,-0.04389516162689906,-1.0478217654680262,26.898605818506482,0.9973872903938832,-0.7987500000000001,0.0033071891388307415,4.811884058521466,0.0,-0.918697582847428,0.32404932154066735,8,8,0,0.0,KCL_LECSENS_015.xlsx
3.7249452821789446,0.4551502188714945,-0.5162500000000001,0.0048412291827592754,0.23022728434812273,0.06250000000000003,-0.037310738446549946,-1.1873275585915088,26.937146994823227,1.0246981394031542,-0.7975000000000001,0.004330127018922197,4.830300738234852,0.0,-0.9098116310208301,0.28946695119899607,8,8,0,0.0,KCL_LECSENS_016.xlsx
3.0957881878427154,0.3110593985526834,-0.51875,0.0033071891388307415,0.18957962573845416,0.0625,0.012874149150458786,-1.1001520810811356,27.6025516943813,0.8139821440097337,-0.7975000000000001,0.004330127018922197,4.99042173926168,0.0,-0.8801479839190737,0.21304751564246227,8,8,0,0.0,KCL_LECSENS_017.xlsx
3.567685207323242,0.4030189525232721,-0.52,0.0,0.22808095359704023,0.06333333333333335,-0.12419794547077613,-1.1553925839545949,27.07931240849566,0.8640596047498813,-0.7975000000000001,0.004330127018922197,4.888877116855431,0.0,-0.908810286047933,0.281834910194697,8,8,0,0.0,KCL_LECSENS_018.xlsx
3.627875249855702,0.44199235467062464,-0.52,0.0050000000000000044,0.22748266925486854,0.065,-0.08573636312516869,-1.1157854647731897,27.063809972853523,0.7924504131469969,-0.7962500000000001,0.006959705453537534,4.855600367251894,0.0,-0.9108553215035871,0.31567127787511556,8,8,0,0.0,KCL_LECSENS_019.xlsx
3.714450591125558,0.2673452149268999,-0.51625,0.006959705453537534,0.22072997466756722,0.05333333333333338,0.04835851320725078,-1.2665069776505185,26.697927812572136,0.7708592630130469,-0.7962500000000001,0.0048412291827592754,4.857099970063404,0.0,-0.9059783001138144,0.24599853623010476,8,8,0,0.0,KCL_LECSENS_02.xlsx
3.799866027056297,0.3755116822583933,-0.5175000000000001,0.004330127018922197,0.22905528380807974,0.06333333333333335,0.011593715551416972,-1.2197293538231093,26.794649871590902,0.7913999001388173,-0.7962500000000001,0.006959705453537534,4.841587210018398,0.0,-0.902953903764008,0.2669272500337634,8,8,0,0.0,KCL_LECSENS_020.xlsx
4.628611059307367,0.3050857031298807,-0.5175000000000001,0.004330127018922197,0.28541493303968135,0.060000000000000026,-0.05806846193331586,-1.254614182138539,28.244749085624086,0.5767722797306858,-0.795,0.007071067811865481,5.204990558746843,0.0,-0.9066448568029708,0.186795440403215,8,8,0,0.0,KCL_LECSENS_021.xlsx
4.66417268964647,0.326061675720255,-0.5175000000000001,0.004330127018922197,0.28353195897240135,0.06000000000000005,-0.02842293257325515,-1.295346275578841,27.014024526316724,0.6394374242254232,-0.7975000000000001,0.006614378277661483,4.913377213145202,0.0,-0.8590746327926806,0.09203818486513299,8,8,0,0.0,KCL_LECSENS_022.xlsx
4.385610103174612,0.22794181792937984,-0.5175000000000001,0.004330127018922197,0.25930006440818765,0.05500000000000005,0.05833129618449193,-1.3299751010087006,25.99354026857863,0.6920289599939946,-0.7987500000000001,0.0033071891388307415,4.673828568995219,0.0,-0.879762718510568,0.2150031601909646,8,8,0,0.0,KCL_LECSENS_023.xlsx
4.546694051226558,0.32770513185184086,-0.51625,0.0048412291827592754,0.2833153316937216,0.06333333333333335,-0.0643065321612323,-1.1744798884908234,25.74335203964645,0.7726243528029259,-0.795,0.007071067811865481,4.605091758662067,0.0,-0.8545619676264322,0.16635095726773452,8,8,0,0.0,KCL_LECSENS_024.xlsx
4.387428300252539,0.5497910504307727,-0.5175000000000001,0.004330127018922197,0.2679875032597391,0.06000000000000002,-0.011574489716695502,-1.2539128678001945,25.22304576868686,0.9231513936652403,-0.7987500000000001,0.0033071891388307415,4.528094035205719,0.0,-0.8628902637310927,0.15088656551231983,8,8,0,0.0,KCL_LECSENS_025.xlsx
4.269763457972595,0.4607651983195759,-0.51875,0.005994789404140905,0.2673525472572137,0.06999999999999995,-0.10539028514752335,-1.256069407560884,24.922089817171706,0.8471359699330255,-0.7975000000000001,0.004330127018922197,4.461513677651064,0.0,-0.8436642664160463,0.13483646972996138,8,8,0,0.0,KCL_LECSENS_026.xlsx
4.36891743809524,0.4937124546679318,-0.5175000000000001,0.004330127018922197,0.2774057296388874,0.065,-0.13264758537750843,-1.1936598337630717,24.70912501286074,0.8853031818004402,-0.7975000000000001,0.004330127018922197,4.418638082606151,0.0,-0.8588534512593871,0.18451807454662555,8,8,0,0.0,KCL_LECSENS_027.xlsx
4.3844875176767815,0.37785684508756695,-0.5175000000000001,0.004330127018922197,0.27174396930357014,0.06000000000000005,-0.0762662426839988,-1.2434936887488486,24.69419556174241,0.7306618174448863,-0.7962500000000001,0.0048412291827592754,4.416794595724206,0.0,-0.8656541958831191,0.17094892533488898,8,8,0,0.0,KCL_LECSENS_028.xlsx
4.339042190331902,0.5618227197738114,-0.51875,0.0033071891388307415,0.2798325277941906,0.06000000000000005,-0.16570541965768912,-1.1768492023343171,24.520592664159444,0.8352550949993303,-0.795,0.008660254037844393,4.383984547847855,0.0,-0.8583790581717657,0.14882481691338018,8,8,0,0.0,KCL_LECSENS_029.xlsx
2.8696120863636407,0.35244093080488326,-0.5225,0.004330127018922197,0.17692168601442837,0.065,-0.05698108390573112,-0.9411512488824934,27.12774367316016,0.7957605307036186,-0.7975000000000001,0.004330127018922197,4.8729158373304475,0.0,-0.8682771426485615,0.17492919716989608,8,8,0,0.0,KCL_LECSENS_03.xlsx
4.561916105699872,0.45769535156400776,-0.5175000000000001,0.004330127018922197,0.297536745542387,0.065,-0.19844947440474064,-1.132819714900887,24.653340082088732,0.7530990877077408,-0.7975000000000001,0.004330127018922197,4.362621922700757,0.0,-0.8501647282070408,0.1465841105736987,8,8,0,0.0,KCL_LECSENS_030.xlsx
4.530419635966817,0.3550303663424434,-0.51875,0.0033071891388307415,0.2890797610490603,0.07999999999999996,-0.14592414100304021,-1.1624941000535836,24.25877250615078,0.738251921166113,-0.7975000000000001,0.006614378277661483,4.345670834063313,0.0,-0.8528448335299095,0.16580295768087477,8,8,0,0.0,KCL_LECSENS_031.xlsx
4.401430275793665,0.3546871711949777,-0.5175000000000001,0.004330127018922197,0.2821109777260089,0.065,-0.16841495297259323,-1.1686674523293556,24.56150050900071,0.9500575112021744,-0.795,0.008660254037844393,4.377514761498105,0.0,-0.8322405367956285,0.08181216361262161,8,8,0,0.0,KCL_LECSENS_032.xlsx
4.456922356890335,0.439309734779101,-0.5175000000000001,0.006614378277661483,0.28663135880212676,0.07,-0.16394438984102422,-1.180686894947152,24.761365251966076,0.8061224088914164,-0.7987500000000001,0.0033071891388307415,4.353275878862554,0.0,-0.8146044508254893,0.07444553203888127,8,8,0,0.0,KCL_LECSENS_033.xlsx
4.4364091613636365,0.567046134168879,-0.515,0.007071067811865481,0.2852301009370474,0.06000000000000005,-0.16976103630867118,-1.1295504941075774,24.552225912518026,0.8431777867791372,-0.79625,0.006959705453537534,4.38747180961003,0.0,-0.8515934559251243,0.17079113256546663,8,8,0,0.0,KCL_LECSENS_034.xlsx
4.552374231565664,0.3448520776629711,-0.51875,0.0033071891388307415,0.28642664270652807,0.065,-0.11134228915332404,-1.181751687511126,24.536522454509367,0.9888816132265045,-0.79625,0.006959705453537534,4.369916862136093,0.0,-0.8501874601652926,0.13635846810302815,8,8,0,0.0,KCL_LECSENS_035.xlsx
4.472592611544021,0.5087480058021463,-0.5175000000000001,0.004330127018922197,0.2801860878547967,0.06000000000000005,-0.07221805345405921,-1.192214462737763,24.45959435211038,0.8737026492988568,-0.795,0.007071067811865481,4.363314779734669,0.0,-0.8351961889396382,0.10377596781356185,8,8,0,0.0,KCL_LECSENS_036.xlsx
4.438650044877356,0.2788573802841994,-0.5175000000000001,0.004330127018922197,0.2851606395012614,0.065,-0.18010518500848005,-1.163548214991918,24.568496665746743,0.7427574234689014,-0.79625,0.006959705453537534,4.364722029926497,0.0,-0.8341898904115927,0.1059044813284491,8,8,0,0.0,KCL_LECSENS_037.xlsx
4.235340231746035,0.3758161169263027,-0.515,0.010000000000000009,0.2727590276877689,0.07,-0.17554910342591593,-1.1679443641884424,24.721431205826107,0.7166778451036739,-0.7987500000000001,0.0033071891388307415,4.403291260577021,0.0,-0.8268452386436016,0.08149659409461685,8,8,0,0.0,KCL_LECSENS_038.xlsx
4.448997051262639,0.5299465045249279,-0.5175000000000001,0.004330127018922197,0.28087670607521514,0.06000000000000005,-0.11088292611983769,-1.1775538784004431,24.654742806854244,0.8658973062428378,-0.7987500000000001,0.0033071891388307415,4.41479936153337,0.0,-0.843567144893349,0.10931675208168495,8,8,0,0.0,KCL_LECSENS_039.xlsx
3.1144719882395497,0.42498876417667153,-0.51875,0.0033071891388307415,0.1850164068457781,0.060000000000000026,0.06950720284474818,-1.1453343040411366,26.43009926749638,0.8952958125199618,-0.7975000000000001,0.006614378277661483,4.766936004802851,0.0,-0.8965570973589235,0.2719800241602809,8,8,0,0.0,KCL_LECSENS_04.xlsx
4.392573145490635,0.48314221707518495,-0.51625,0.0048412291827592754,0.28754315491179566,0.06000000000000005,-0.21203728520236556,-1.0766632524718383,24.703775940115428,0.6545534223207697,-0.7987500000000001,0.0033071891388307415,4.392166464506854,0.0,-0.8405096960842364,0.12581476695317312,8,8,0,0.0,KCL_LECSENS_040.xlsx
4.6334716049422955,0.44178489170344587,-0.51875,0.005994789404140905,0.3012871542388156,0.07,-0.19014358725491592,-1.1577543991983659,24.437149434758286,1.007614965211385,-0.79375,0.008569568250501312,4.3605711245458165,0.0,-0.8574395558119114,0.16361234483483905,8,8,0,0.0,KCL_LECSENS_041.xlsx
4.35767366118327,0.346271352539466,-0.5175000000000001,0.004330127018922197,0.2781925933450564,0.065,-0.12409158026869989,-1.169752645872427,24.77897969835857,1.1292066371262741,-0.7962500000000001,0.0048412291827592754,4.3796647459779035,0.0,-0.8251756103129666,0.09171922545530614,8,8,0,0.0,KCL_LECSENS_042.xlsx
4.6925543490981365,0.42038014887858594,-0.5175000000000001,0.004330127018922197,0.2944003986516945,0.060000000000000026,-0.10066137702376876,-1.296102854863775,24.491598016089448,0.7447485596697107,-0.79375,0.006959705453537534,4.4002381204627525,0.0,-0.8608492699151913,0.19413696873829156,8,8,0,0.0,KCL_LECSENS_043.xlsx
4.486669825180382,0.38469118948046405,-0.5162500000000001,0.006959705453537534,0.29168293178426974,0.06000000000000005,-0.2028590415377219,-1.0770934811687152,24.758770497997823,0.8842743753489244,-0.7975000000000001,0.004330127018922197,4.413755628318993,0.0,-0.849734292687859,0.139712668315216,8,8,0,0.0,KCL_LECSENS_044.xlsx
4.484347885497845,0.6985093002796668,-0.5175000000000001,0.004330127018922197,0.2945447388005037,0.065,-0.20786522003590563,-1.10535429053599,24.70355907867964,0.9572826657016156,-0.7987500000000001,0.0033071891388307415,4.3928850095145195,0.0,-0.8412336077441331,0.12964016690344593,8,8,0,0.0,KCL_LECSENS_045.xlsx
4.547734106782116,0.3421825135853044,-0.5162500000000001,0.008569568250501312,0.2853311727422425,0.065,-0.11236015697125688,-1.2527944783029255,24.721572096320337,0.9002746263061056,-0.7962500000000001,0.0048412291827592754,4.395819135294644,0.0,-0.8331814742862402,0.1273986956195644,8,8,0,0.0,KCL_LECSENS_046.xlsx
4.67543999779943,0.4984814653397867,-0.5175000000000001,0.004330127018922197,0.3044277299043998,0.06000000000000005,-0.20633121989714018,-1.1006770975004514,24.804286084145012,0.890833372329214,-0.7975000000000001,0.006614378277661483,4.424231662870671,0.0,-0.853102187788406,0.12522762612941174,8,8,0,0.0,KCL_LECSENS_047.xlsx
4.3847683524891865,0.3058692061168815,-0.52,0.0,0.28645271547474593,0.06000000000000005,-0.21395656147832243,-1.1108132241542985,24.86550785607863,0.6823253601529179,-0.7975000000000001,0.004330127018922197,4.421879352323323,0.0,-0.8395810525451843,0.11943056979744388,8,8,0,0.0,KCL_LECSENS_048.xlsx
4.494916105808092,0.409357482810412,-0.5175000000000001,0.004330127018922197,0.28914435614790623,0.06000000000000005,-0.17814436877520962,-1.177831639801245,24.73517779276694,0.8399858904551886,-0.7975000000000001,0.006614378277661483,4.421812903382035,0.0,-0.8562146943950043,0.1386138763415269,8,8,0,0.0,KCL_LECSENS_049.xlsx
3.4701804418109736,0.4467241512036428,-0.52,0.0050000000000000044,0.20974738646049637,0.060000000000000026,0.011767961939132848,-1.0541222764411327,26.384928892406194,0.9496925570070741,-0.7987500000000001,0.0033071891388307415,4.744779414934885,0.0,-0.8973604509017192,0.2770520939150453,8,8,0,0.0,KCL_LECSENS_05.xlsx
4.48014372846321,0.5415067267111523,-0.51875,0.0033071891388307415,0.2895318206329349,0.060000000000000026,-0.21257555827708627,-1.1315244373813431,24.86608653908729,0.8408838834611383,-0.7962500000000001,0.0048412291827592754,4.417885067660714,0.0,-0.8361645143495557,0.10677389318348096,8,8,0,0.0,KCL_LECSENS_050.xlsx
3.393511997402612,0.5716716111097101,-0.52,0.0050000000000000044,0.2071902933513697,0.06250000000000003,0.022020730103275668,-1.2172563582732825,26.277623976713546,0.8685150120373539,-0.7962500000000001,0.0048412291827592754,4.75593642489908,0.0,-0.9197847599587988,0.3293917090214068,8,8,0,0.0,KCL_LECSENS_06.xlsx
3.5186338313131404,0.39073028266827553,-0.52,0.007071067811865481,0.21263387894696803,0.06500000000000003,0.03446142023785987,-1.2466594760736094,26.34898291996752,0.960532638394559,-0.795,0.007071067811865481,4.753019605835409,0.0,-0.9137859569448785,0.30301336488257524,8,8,0,0.0,KCL_LECSENS_07.xlsx
3.5444465271645176,0.36348518280354297,-0.51875,0.0033071891388307415,0.20099822793776972,0.05333333333333338,0.19080186759657078,-1.2372066082092799,26.569775909361464,0.7553351094277261,-0.7987500000000001,0.0033071891388307415,4.793970951892318,0.0,-0.9058946019641143,0.26726081182298017,8,8,0,0.0,KCL_LECSENS_08.xlsx
3.5157805726190543,0.5377688172476425,-0.52,0.0,0.2118542358057342,0.06000000000000002,0.013826487566258296,-1.1658712989628248,26.40785432774169,0.7966551994498878,-0.7987500000000001,0.0033071891388307415,4.797442658012898,0.0,-0.9111778855411697,0.27803330076982474,8,8,0,0.0,KCL_LECSENS_09.xlsx
3.0138363115079394,0.302652304165296,-0.5125,0.008291561975888507,0.19228934096717054,0.060000000000000026,-0.15831175872094877,-1.296802717112568,19.211978101866872,0.5102249551881439,-0.7987500000000001,0.0033071891388307415,3.1943270902752983,0.0,-0.4902775801279129,-0.7337340085906632,8,8,2,0.47712125471966244,Cad_2ppm_1.xlsx
2.7506289813852853,0.35516774173572163,-0.5125,0.006614378277661482,0.15796267997636965,0.060000000000000026,0.09357571452450483,-1.105663360916335,18.398533662247463,0.4811760013908266,-0.8,0.0,3.1283445692733602,0.0,-0.5817587945495375,-0.580339314029927,8,8,2,0.47712125471966244,Cad_2ppm_10.xlsx
2.598383252417036,0.2917166640069203,-0.5137499999999999,0.009921567416492224,0.15612477784830345,0.060000000000000026,-0.012486518707584354,-1.3148211844611077,18.236837054545447,0.34282129373988013,-0.8,0.0,3.121487930381856,0.0,-0.5845749828511811,-0.6007691141959426,8,8,2,0.47712125471966244,Cad_2ppm_11.xlsx
2.8008045247114057,0.4583073088741267,-0.51125,0.007806247497998005,0.1664774470600638,0.060000000000000026,-0.0033923993673291124,-1.2066042794635843,18.621911011056987,0.6711070596220629,-0.8,0.0,3.1861071987131155,0.0,-0.6057742770754629,-0.5713112767894445,8,8,2,0.47712125471966244,Cad_2ppm_12.xlsx
2.720009010101013,0.169328769021328,-0.50875,0.007806247497998005,0.16001264778841884,0.060000000000000026,0.004583690256640731,-1.369088277148614,18.751577853841983,0.5149847241677493,-0.8,0.0,3.2055299684396665,0.0,-0.591046629402272,-0.5818335466597808,8,8,2,0.47712125471966244,Cad_2ppm_13.xlsx
2.643610669155849,0.3432914388108147,-0.51,0.010000000000000009,0.15463707046139857,0.060000000000000026,0.05804338741806703,-1.3354694351462597,19.057454725829714,0.49539052718215004,-0.8,0.0,3.2381535892303406,0.0,-0.5720257321927349,-0.6191640512978345,8,8,2,0.47712125471966244,Cad_2ppm_14.xlsx
2.6130673739538337,0.3064777575855816,-0.51125,0.007806247497998005,0.16143799606601617,0.060000000000000026,-0.07972368136742143,-1.256295282297151,18.861393154328994,0.5417497163654433,-0.8,0.0,3.2472146165680034,0.0,-0.5891164360860466,-0.5964752322903398,8,8,2,0.47712125471966244,Cad_2ppm_15.xlsx
2.4529303207792226,0.21607151689689988,-0.5075,0.008291561975888507,0.13172680655320948,0.060000000000000026,0.22948822398104587,-1.300703594831465,19.147264259632024,0.700504929374782,-0.8,0.0,3.2713423798373027,0.0,-0.5928909814545027,-0.5844027317023719,8,8,2,0.47712125471966244,Cad_2ppm_16.xlsx
2.5847243051587423,0.31189210466797057,-0.51,0.007071067811865481,0.14978716503192546,0.060000000000000026,0.07231765560425721,-1.4241005688533894,19.181391227146452,0.5247135862988715,-0.8,0.0,3.2696622098572345,0.0,-0.6065719958516074,-0.5489832571674994,8,8,2,0.47712125471966244,Cad_2ppm_17.xlsx
2.3264359155483536,0.2993208641065385,-0.51,0.0050000000000000044,0.125422998465187,0.060000000000000026,0.24753748786611066,-1.4613614383586073,19.056978925901866,0.3653901640628515,-0.8,0.0,3.287587529363638,0.0,-0.6116140292147414,-0.5406918646161323,8,8,2,0.47712125471966244,Cad_2ppm_18.xlsx
2.4260607217893297,0.16359969490129608,-0.51125,0.005994789404140905,0.13360899417784888,0.060000000000000026,0.18272022266196314,-1.358557138323613,19.044459330862185,0.5549811852020209,-0.8,0.0,3.290737784790677,0.0,-0.6121490973990491,-0.5510228869499816,8,8,2,0.47712125471966244,Cad_2ppm_19.xlsx
2.7774282152958247,0.38417041571479404,-0.515,0.007071067811865481,0.17621405288906827,0.060000000000000026,-0.16937543409357822,-1.1596430306389265,18.674492199116152,0.6785708041425766,-0.8,0.0,3.133244557376895,0.0,-0.5322432073682477,-0.6715423022228891,8,8,2,0.47712125471966244,Cad_2ppm_2.xlsx
2.4763930014069273,0.27385550485008525,-0.5137499999999999,0.008569568250501312,0.139968193975828,0.060000000000000026,0.15015182933284793,-1.30092796407163,19.370083692514417,0.44561905127318735,-0.8,0.0,3.2990753964802497,0.0,-0.5870667782985078,-0.6014450013592926,8,8,2,0.47712125471966244,Cad_2ppm_20.xlsx
2.200353213924977,0.32662285900875193,-0.50875,0.005994789404140905,0.12088180979689703,0.060000000000000026,0.18055810982962667,-1.3734543445885323,19.591047872041838,0.6395959457093395,-0.7987500000000001,0.0033071891388307415,3.3731566315043313,0.0,-0.6054255749131606,-0.5707849575008812,8,8,2,0.47712125471966244,Cad_2ppm_21.xlsx
2.2480452416305954,0.25014273073087956,-0.51125,0.005994789404140905,0.12058160875757463,0.060000000000000026,0.22226871680282315,-1.319499981942049,19.74407935907286,0.5999434425116594,-0.8,0.0,3.401551200564124,0.0,-0.6186752679280264,-0.5364002852169739,8,8,2,0.47712125471966244,Cad_2ppm_22.xlsx
2.202402220490633,0.17279924125126195,-0.515,0.007071067811865481,0.11305478807683886,0.060000000000000026,0.30757602016015484,-1.3589445538504537,19.63073129273087,0.6174609149465705,-0.7987500000000001,0.0033071891388307415,3.376417838804475,0.0,-0.6022941503106669,-0.5814693903118473,8,8,2,0.47712125471966244,Cad_2ppm_23.xlsx
2.256929639177487,0.2492388161711601,-0.51125,0.007806247497998005,0.11660371710046746,0.060000000000000026,0.2968225699829716,-1.3026912050957506,19.740989721753238,0.6541902058063073,-0.8,0.0,3.4018143644754706,0.0,-0.6314854183083696,-0.5124120960437398,8,8,2,0.47712125471966244,Cad_2ppm_24.xlsx
2.015886285750369,0.2895614423757131,-0.51125,0.005994789404140905,0.10578128411868615,0.050000000000000044,0.28413231952041523,-1.27642468647348,19.259438558874454,0.6028221975196404,-0.7987500000000001,0.0033071891388307415,3.35413629792172,0.0,-0.6295790923554232,-0.5295175182496569,8,8,2,0.47712125471966244,Cad_2ppm_25.xlsx
1.9496567586219502,0.2777228518828556,-0.51,0.007071067811865481,0.0933966848465005,0.050000000000000044,0.43023751401381227,-1.1889356251429142,19.738096785533905,0.6223416219104085,-0.7987500000000001,0.0033071891388307415,3.4187532380956913,0.0,-0.6163638576348277,-0.553825386285729,8,8,2,0.47712125471966244,Cad_2ppm_26.xlsx
1.943828592821065,0.3568082602375711,-0.5075000000000001,0.006614378277661482,0.09827132946626854,0.060000000000000026,0.30983500557407867,-1.3037200385664356,19.743218412391766,0.31971102348932884,-0.8,0.0,3.4199671383218817,0.0,-0.6286060702283681,-0.5235425515726937,8,8,2,0.47712125471966244,Cad_2ppm_27.xlsx
2.0447379075396914,0.24146735298487884,-0.50875,0.005994789404140905,0.10584453174891698,0.060000000000000026,0.29058612392418753,-1.3631903602420519,19.915864046915573,0.8334030314275972,-0.7975000000000001,0.004330127018922197,3.431009164171088,0.0,-0.617249964270249,-0.5336089369569674,8,8,2,0.47712125471966244,Cad_2ppm_28.xlsx
1.9717840193001543,0.21462720481652642,-0.51125,0.005994789404140905,0.09863084642243797,0.050000000000000044,0.4194432126895425,-1.2408163800456289,19.846540593578638,0.6085670662793913,-0.8,0.0,3.4215802307763368,0.0,-0.6150584810632828,-0.534578223412689,8,8,2,0.47712125471966244,Cad_2ppm_29.xlsx
2.610293506313128,0.4844917159505108,-0.5137499999999999,0.008569568250501312,0.15956771439862769,0.060000000000000026,-0.048709058016120944,-1.2438582342611273,18.285114627759732,0.6733020995917991,-0.7987500000000001,0.0033071891388307415,3.1084845459112573,0.0,-0.5607241055077095,-0.6386050595705162,8,8,2,0.47712125471966244,Cad_2ppm_3.xlsx
2.406499870526699,0.2311521314323975,-0.5125,0.006614378277661483,0.13991323865638403,0.060000000000000026,0.06902136448537556,-1.3318488543343268,19.529077101713554,0.5315727137613866,-0.7987500000000001,0.0033071891388307415,3.3518773174531042,0.0,-0.5647834327100405,-0.663044642560791,8,8,2,0.47712125471966244,Cad_2ppm_30.xlsx
2.2862390734848606,0.29106394344145586,-0.50875,0.005994789404140905,0.1265544958093428,0.060000000000000026,0.1448747737682229,-1.2597626893146754,19.532548219155835,0.6777926592335066,-0.8,0.0,3.29836512738348,0.0,-0.5754937044441923,-0.6213568215665889,8,8,2,0.47712125471966244,Cad_2ppm_31.xlsx
2.1734432888167503,0.31137552606462077,-0.51,0.008660254037844395,0.11939028553932085,0.06000000000000005,0.12055619949616984,-1.2956085817103489,19.076182621338376,0.5372261826166973,-0.7987500000000001,0.0033071891388307415,3.2638313693943926,0.0,-0.58081942441471,-0.5964679349865822,8,8,2,0.47712125471966244,Cad_2ppm_32.xlsx
2.0493953494949535,0.1723970687246152,-0.5125,0.004330127018922197,0.10957751404437067,0.060000000000000026,0.22467213158594643,-1.4258150419186517,19.348438959307348,0.5476638859096763,-0.7987500000000001,0.0033071891388307415,3.3390559503993527,0.0,-0.6183549484282989,-0.5652083237094512,8,8,2,0.47712125471966244,Cad_2ppm_33.xlsx
1.7753959527417176,0.2214680733726947,-0.5125,0.006614378277661483,0.08923512341450181,0.06999999999999995,0.390107814186305,-1.263091875052269,19.440755555681807,0.6666004150619836,-0.7987500000000001,0.0033071891388307415,3.3713540753083535,0.0,-0.6003883888719161,-0.5945137720655225,8,8,2,0.47712125471966244,Cad_2ppm_34.xlsx
1.925273156818195,0.20319811553136796,-0.5125000000000001,0.006614378277661482,0.10360835608946553,0.050000000000000044,0.26085228159635,-1.1766808422658777,19.6829377353896,0.662245646719061,-0.7987500000000001,0.0033071891388307415,3.3543772735652078,0.0,-0.6088572896479172,-0.572326188416258,8,8,2,0.47712125471966244,Cad_2ppm_35.xlsx
1.8397922922077976,0.20505577288463253,-0.51125,0.007806247497998005,0.09096124983098763,0.060000000000000026,0.43431936562702356,-1.1613833259188402,19.600672514664495,0.6698779007750874,-0.7975000000000001,0.004330127018922197,3.3763369797348513,0.0,-0.6219160924439002,-0.5172807826735147,8,8,2,0.47712125471966244,Cad_2ppm_36.xlsx
1.9071238642496526,0.34985819852171773,-0.51125,0.007806247497998005,0.09273316570869378,0.060000000000000026,0.39475784465308916,-1.2008038750930177,19.85741059606781,0.7287974365662124,-0.7975000000000001,0.004330127018922197,3.4070988565728735,0.0,-0.6115702251198908,-0.5378523831514552,8,8,2,0.47712125471966244,Cad_2ppm_37.xlsx
1.8519105442640829,0.21319200720937906,-0.50875,0.007806247497998005,0.0814826861984123,0.050000000000000044,0.557553467326376,-1.0713873593875496,19.880722802579356,0.5602940396506898,-0.8,0.0,3.4435925036039876,0.0,-0.6223950421871116,-0.5433288690388463,8,8,2,0.47712125471966244,Cad_2ppm_38.xlsx
1.7118311577922278,0.287666268311526,-0.51,0.007071067811865481,0.07730386450505083,0.060000000000000026,0.5433081925842447,-1.140464372753513,19.782667003030294,0.4807275626911441,-0.7987500000000001,0.0033071891388307415,3.4194985783573246,0.0,-0.6356637005090215,-0.5125078825621856,8,8,2,0.47712125471966244,Cad_2ppm_39.xlsx
2.7831154414862995,0.39777540324819805,-0.51,0.0050000000000000044,0.16912126951749537,0.060000000000000026,-0.07993544677517557,-1.1963768393541074,18.00304956984126,0.6735824618305247,-0.7975000000000001,0.004330127018922197,3.0776682431164337,0.0,-0.5646080821945441,-0.6061361957092548,8,8,2,0.47712125471966244,Cad_2ppm_4.xlsx
1.6548652253607572,0.21105973241033,-0.5075000000000001,0.008291561975888507,0.07220167862247437,0.060000000000000026,0.5343199407861341,-1.0158582424997273,19.9864655692821,0.43956809288505916,-0.7987500000000001,0.0033071891388307415,3.432343005874191,0.0,-0.6364155419414506,-0.49750081522744416,8,8,2,0.47712125471966244,Cad_2ppm_40.xlsx
1.7101959561688505,0.31271323172741883,-0.515,0.007071067811865481,0.08258768442207794,0.050000000000000044,0.4155651161127478,-1.1842069924351237,20.026517393091616,0.5505152855958984,-0.8,0.0,3.4558925011337496,0.0,-0.6262313379427205,-0.5255089473147796,8,8,2,0.47712125471966244,Cad_2ppm_41.xlsx
1.561845946464663,0.3001317837239746,-0.50875,0.007806247497998005,0.06912713740981259,0.050000000000000044,0.5608909042801555,-0.9737014862570146,19.97377592745309,0.6246600052830666,-0.7987500000000001,0.0033071891388307415,3.442186145173792,0.0,-0.6253300309899728,-0.5145322815319857,8,8,2,0.47712125471966244,Cad_2ppm_42.xlsx
1.670570339357878,0.19507811700370695,-0.5375,0.048153400710645555,0.07915521467243804,0.060000000000000026,0.43220541058244766,-1.172773443191352,20.257661200432892,0.6731931709248136,-0.7987500000000001,0.0033071891388307415,3.507875095098487,0.0,-0.6366372616760736,-0.5122471417761496,8,8,2,0.47712125471966244,Cad_2ppm_43.xlsx
1.545307016378084,0.1957502855336258,-0.50875,0.009270248108869587,0.0668593668109673,0.050000000000000044,0.5950148296973063,-0.9826598227724852,20.041380901316728,0.6094808873200072,-0.7975000000000001,0.004330127018922197,3.4736486077225845,0.0,-0.631623776211476,-0.49905979633662134,8,8,2,0.47712125471966244,Cad_2ppm_44.xlsx
1.5504125829004511,0.2523588942397123,-0.5237499999999999,0.03705991770093398,0.07326452027633534,0.050000000000000044,0.48088916272122795,-1.1916775270605604,20.180804911525964,0.5358540424172249,-0.7987500000000001,0.0033071891388307415,3.491301000075129,0.0,-0.6458465426148159,-0.49917481812149167,8,8,2,0.47712125471966244,Cad_2ppm_45.xlsx
1.3876227161616508,0.22824108682707064,-0.5075000000000001,0.006614378277661482,0.0652574657904059,0.060000000000000026,0.42495146440838627,-1.17034207429964,20.237243010551943,0.6988201644235728,-0.7987500000000001,0.0033071891388307415,3.478262430737286,0.0,-0.6411044651163842,-0.4814426813855415,8,8,2,0.47712125471966244,Cad_2ppm_46.xlsx
1.43277372297982,0.23167509561276564,-0.5075,0.008291561975888507,0.06494158560966923,0.050000000000000044,0.5139737676319722,-0.9620958777651463,20.428809828012255,0.6921993715679321,-0.8,0.0,3.5126293607479266,0.0,-0.6338707559192749,-0.4928577808957896,8,8,2,0.47712125471966244,Cad_2ppm_47.xlsx
1.4114838472583329,0.22726007167578438,-0.52375,0.03705991770093398,0.06307013444516754,0.050000000000000044,0.5802454992116852,-0.9847868976086567,20.29293528068181,0.5885111299800481,-0.8,0.0,3.5068757643765354,0.0,-0.6365304139790058,-0.50534178105792,8,8,2,0.47712125471966244,Cad_2ppm_48.xlsx
1.4118266727994495,0.39113637355421693,-0.5237499999999999,0.03705991770093398,0.0686186597510837,0.060000000000000026,0.3559269708237598,-1.0732313882062317,20.45560980209234,0.6171034385225747,-0.8,0.0,3.5190412202330466,0.0,-0.6323516621343613,-0.4950159791042502,8,8,2,0.47712125471966244,Cad_2ppm_49.xlsx
2.7224302124098196,0.4086741598916294,-0.51125,0.007806247497998005,0.1645198927323221,0.060000000000000026,-0.06109814061437291,-1.3289503386164307,17.973173990494224,0.8122361327582359,-0.7962500000000001,0.006959705453537534,3.0919382254952223,0.0,-0.5843726708020123,-0.5996140478687655,8,8,2,0.47712125471966244,Cad_2ppm_5.xlsx
1.5563780450938203,0.228496697497938,-0.5375,0.048153400710645555,0.0741375729062061,0.050000000000000044,0.4232747289442701,-1.0420570273259586,20.316582435984834,0.540306653483109,-0.7987500000000001,0.0033071891388307415,3.5031388085123565,0.0,-0.6342501555549271,-0.4946212636948561,8,8,2,0.47712125471966244,Cad_2ppm_50.xlsx
2.859578759523818,0.32086703737547767,-0.50875,0.005994789404140905,0.17687661035822416,0.060000000000000026,-0.09413496113168501,-1.2629802989312944,18.195588879022353,0.6310873431862947,-0.7987500000000001,0.0033071891388307415,3.1380966458027606,0.0,-0.5811782680830401,-0.6083141638437632,8,8,2,0.47712125471966244,Cad_2ppm_6.xlsx
2.6970832939394,0.2576649655912465,-0.5125,0.006614378277661483,0.16449615165854858,0.060000000000000026,-0.029386896644203214,-1.3395710718379297,18.249367132828276,0.6792576611359783,-0.7987500000000001,0.0033071891388307415,3.1052515015628623,0.0,-0.561583016459589,-0.620392952791738,8,8,2,0.47712125471966244,Cad_2ppm_7.xlsx
2.762098698557009,0.20358072280804,-0.51125,0.007806247497998005,0.16351373743885195,0.060000000000000026,0.04530224294057269,-1.2450793677465137,18.186457820562765,0.6854456431880801,-0.7987500000000001,0.0033071891388307415,3.1219293925538447,0.0,-0.5656432860817869,-0.6472958535041405,8,8,2,0.47712125471966244,Cad_2ppm_8.xlsx
2.813281162157296,0.4412861895584852,-0.5125000000000001,0.006614378277661482,0.16985815426857767,0.060000000000000026,-0.021679855015579674,-1.2351878655943185,18.477141629022356,0.6475574691833776,-0.7987500000000001,0.0033071891388307415,3.145609547257667,0.0,-0.5793635148560781,-0.6122300884118279,8,8,2,0.47712125471966244,Cad_2ppm_9.xlsx
2.6454131996753296,0.4326895032910652,-0.5237499999999999,0.0048412291827592754,0.17405985622312284,0.06999999999999999,-0.25075295745781634,-0.9684849886462705,19.098813467568533,0.5885988917342797,-0.79375,0.008569568250501312,3.5900246362173514,0.0,-1.215935122291274,1.2106933934883484,8,8,4,0.6989700043360189,Cad_4ppm_1.xlsx
1.335588657395384,0.5676939495627744,-0.5762499999999999,0.043857011982122066,0.09007605094805118,0.04666666666666671,-1.3580337562837272,2.5339289281266657,27.058133465007202,0.9348532239832306,-0.8,0.0,3.76001453802868,0.0,-0.555785352352437,0.7638984213937174,8,8,4,0.6989700043360189,Cad_4ppm_10.xlsx
1.5158286780303172,0.6965090892764355,-0.5662499999999999,0.04299345880479958,0.09520797631277059,0.05500000000000002,-0.7097034195550678,0.6675458018006617,23.273179351325755,1.2865984765569178,-0.8,0.0,3.697669228721457,0.0,-0.9368880611940784,0.9433766561556021,8,8,4,0.6989700043360189,Cad_4ppm_11.xlsx
1.494240016089471,0.42894521045543565,-0.58375,0.04240798863421842,0.09644663283243077,0.05666666666666668,-0.9168569214485951,1.0483542574369198,24.28865275848664,0.8709454821166737,-0.8,0.0,3.6874401650783284,0.0,-0.8159406396551343,0.8768035164933297,8,8,4,0.6989700043360189,Cad_4ppm_12.xlsx
1.382420311616157,0.554152837372527,-0.55,0.04092676385936224,0.09439820059325213,0.05666666666666668,-0.9453058711392692,1.372488310947004,25.13727721180554,1.0170652126928392,-0.8,0.0,3.7455379842258747,0.0,-0.7595524291954747,0.8092388019814138,8,8,4,0.6989700043360189,Cad_4ppm_13.xlsx
1.478046208946608,0.5318567182760288,-0.575,0.04527692569068707,0.10304029894047535,0.07,-1.339176741468742,2.426483066955136,25.434873256800135,0.9546732163072141,-0.8,0.0,3.7123903426238276,0.0,-0.7015772021182282,0.7575590046578666,8,8,4,0.6989700043360189,Cad_4ppm_14.xlsx
1.4649326794732969,0.4560856148888961,-0.57625,0.04414110895752392,0.09607756295815173,0.04750000000000004,-0.9582900998671652,1.5322754016328914,26.115427329013336,0.9172117601355969,-0.8,0.0,3.7576107473647635,0.0,-0.6556375424813614,0.7338529044985673,8,8,4,0.6989700043360189,Cad_4ppm_15.xlsx
1.5388728254329087,0.6791145267988972,-0.585,0.04527692569068707,0.09416079104310901,0.050000000000000044,-0.8789169007241906,1.3299946167528827,26.381553487968965,0.7970282119825733,-0.8,0.0,3.735347680592262,0.0,-0.6307810641276019,0.8108104775710396,8,8,4,0.6989700043360189,Cad_4ppm_16.xlsx
2.1705511537157287,0.8079420096431966,-0.605,0.029154759474226494,0.13411881991215535,0.060000000000000026,-0.8198121942387124,1.5188613812544633,32.717161712409805,0.9282531127169608,-0.8,0.0,3.9047507740196625,0.0,-0.1057421545451163,1.0330464933834607,8,8,4,0.6989700043360189,Cad_4ppm_17.xlsx
2.313164196248185,0.6999191828819571,-0.6075,0.025860201081971488,0.14902090057719863,0.060000000000000026,-0.870937623224158,1.247332832761989,32.77110161641412,0.8478225141628088,-0.8,0.0,3.8980137162391784,0.0,-0.08313984400766072,1.0413995661311577,8,8,4,0.6989700043360189,Cad_4ppm_18.xlsx
2.2976685379870037,0.8587056627163656,-0.60625,0.016535945694153707,0.13548402777038063,0.060000000000000026,-0.549917873304873,0.973510090821004,33.11726170129869,1.0067424301948782,-0.8,0.0,3.940961009246393,0.0,-0.07856645267490087,1.0083660270379888,8,8,4,0.6989700043360189,Cad_4ppm_19.xlsx
2.0445999074314685,0.2951275066633795,-0.52625,0.006959705453537534,0.13535796258784183,0.07199999999999998,-0.30160335512045455,-0.8542521898295208,18.777296780266944,0.7676503794029786,-0.795,0.007071067811865481,3.483070744561778,0.0,-1.2156998792606113,1.2632152715654272,8,8,4,0.6989700043360189,Cad_4ppm_2.xlsx
2.39473277121211,0.6300594340145501,-0.61625,0.006959705453537534,0.14536054504671458,0.060000000000000026,-0.5802190958082549,0.6962947747064308,33.569885524332605,1.1321722043783062,-0.8,0.0,3.978496489309074,0.0,-0.0576875286961126,1.0251107879014765,8,8,4,0.6989700043360189,Cad_4ppm_20.xlsx
2.4115220806277033,0.7098670205983373,-0.6112500000000001,0.009270248108869587,0.15198787663780514,0.06999999999999995,-0.6528573937869886,0.8092573798473477,33.62694100373375,0.9321437073786647,-0.8,0.0,3.9788235198049247,0.0,-0.05417278070458128,1.0242247644009574,8,8,4,0.6989700043360189,Cad_4ppm_21.xlsx
2.5031492791846954,0.827968839424515,-0.615,0.007071067811865481,0.15426740802254502,0.06999999999999995,-0.514884933531532,0.6525798182442676,33.82989906213923,1.0936106030248551,-0.8,0.0,4.005127013542299,0.0,-0.05073746519183034,1.037000041012218,8,8,4,0.6989700043360189,Cad_4ppm_22.xlsx
2.44151129999998,0.7736808634050424,-0.615,0.0050000000000000044,0.15485273192423935,0.060000000000000026,-0.6476426014729896,0.8761325308043804,33.4402602096681,0.8432409932015574,-0.8,0.0,3.9804917353091644,0.0,-0.07607816245220535,1.0256264841516458,8,8,4,0.6989700043360189,Cad_4ppm_23.xlsx
2.6977321353535277,0.8367937798164745,-0.6187499999999999,0.0033071891388307415,0.15089497579292754,0.060000000000000026,-0.26354349855156434,0.418715169363176,34.845322674621194,1.2304061456240203,-0.8,0.0,4.052502179751894,0.0,0.006702236077434627,1.0589102063117717,8,8,4,0.6989700043360189,Cad_4ppm_24.xlsx
2.8865182659090816,0.7091087572161937,-0.6187499999999999,0.0033071891388307415,0.17159480873574795,0.060000000000000026,-0.4845192215793021,0.4689708447491288,34.84856894476911,0.7261380043845173,-0.8,0.0,4.077510666220238,0.0,-0.011804333239326052,1.0356837535338415,8,8,4,0.6989700043360189,Cad_4ppm_25.xlsx
1.817121123340541,0.7304133241909231,-0.59875,0.029341736485763752,0.11572709215674429,0.05999999999999994,-1.0999719047036114,2.1188690212397,32.12521676919191,0.6859800884368326,-0.8,0.0,3.8679692960027063,0.0,-0.10577065137304592,0.9386643544562991,8,8,4,0.6989700043360189,Cad_4ppm_26.xlsx
1.9412377330086534,0.5731075751048981,-0.6012500000000001,0.028912583765550934,0.12075506264916896,0.05000000000000001,-0.8447409379471562,1.4806035217933085,31.826080823818536,0.9930993824662662,-0.8,0.0,3.834573566865306,0.0,-0.12236694717070479,0.950734467934107,8,8,4,0.6989700043360189,Cad_4ppm_27.xlsx
2.0079582602092367,0.8635708269494141,-0.615,0.008660254037844393,0.11695603403841827,0.06999999999999995,-0.6248183512573631,1.5014701808599131,32.13601193225108,1.0459265818254682,-0.8,0.0,3.880829629687592,0.0,-0.13043588432902117,0.99259105972871,8,8,4,0.6989700043360189,Cad_4ppm_28.xlsx
2.1836813645382365,0.6566515498070826,-0.615,0.008660254037844393,0.1466686488915932,0.060000000000000026,-1.1389537708373174,1.7647563931218873,32.27432382848123,0.8023372618791732,-0.8,0.0,3.8501080338624654,0.0,-0.0938040195692382,1.0080576451878085,8,8,4,0.6989700043360189,Cad_4ppm_29.xlsx
1.8179815120851472,0.3192003388451428,-0.525,0.0050000000000000044,0.11358897570183883,0.058571428571428594,-0.1999693955440075,-0.5322526137892689,19.724101138005043,0.9015792079262376,-0.7987500000000001,0.0033071891388307415,3.5521872200125366,0.0,-1.2001575669699232,1.2585619227381577,8,8,4,0.6989700043360189,Cad_4ppm_3.xlsx
2.392837459415572,0.6789475431545917,-0.61125,0.013635890143294655,0.14424958675053895,0.060000000000000026,-0.7506237364249189,1.2215745581913149,31.452398834595943,1.044361264945271,-0.8,0.0,3.8453664468852824,0.0,-0.17297490299508292,0.9864226736709603,8,8,4,0.6989700043360189,Cad_4ppm_30.xlsx
2.1607643124458837,0.584469302618915,-0.61375,0.008569568250501314,0.1349501173057343,0.060000000000000026,-0.875602061254978,1.2231032150076373,31.906459774585123,0.812813364065524,-0.8,0.0,3.8803281838563315,0.0,-0.15209272276990862,0.9564843086167798,8,8,4,0.6989700043360189,Cad_4ppm_31.xlsx
2.2687432150793514,0.711252844748055,-0.615,0.008660254037844393,0.14501267274873475,0.060000000000000026,-0.9154574190418747,1.3020151872232777,32.974851177417015,1.1900747459267986,-0.8,0.0,3.8927986667640706,0.0,-0.05173622894680764,1.0517095288029412,8,8,4,0.6989700043360189,Cad_4ppm_32.xlsx
2.3159158415945127,1.050757233139095,-0.6174999999999999,0.006614378277661482,0.1308087746053374,0.05999999999999994,-0.5593522942262812,1.2984488871687117,32.428521861165216,0.5561186560742785,-0.8,0.0,3.8789587238285548,0.0,-0.11044057982551814,1.0356790965776228,8,8,4,0.6989700043360189,Cad_4ppm_33.xlsx
1.9409056506854303,0.6923629104818335,-0.61,0.011180339887498959,0.1269198263998906,0.060000000000000026,-0.9957207262860716,1.4220242187912375,32.28917050569984,0.7222612977575479,-0.8,0.0,3.8906729636957067,0.0,-0.12355399854526322,0.9951655704899627,8,8,4,0.6989700043360189,Cad_4ppm_34.xlsx
2.2494223982323143,0.7390482704782831,-0.615,0.007071067811865481,0.13972407291702543,0.05999999999999994,-0.8399768923495318,1.2532258626083512,32.03054766426767,1.205539689586976,-0.8,0.0,3.8586705595836057,0.0,-0.13277897121366966,0.9840901799089785,8,8,4,0.6989700043360189,Cad_4ppm_35.xlsx
2.13551179516594,0.8611224843550102,-0.6124999999999999,0.016393596310755015,0.14256292785732183,0.060000000000000026,-0.9953230667081949,1.362735529241043,32.37682243318,0.6378670780321565,-0.8,0.0,3.9074716265596603,0.0,-0.11571952907039901,0.9457435230214872,8,8,4,0.6989700043360189,Cad_4ppm_36.xlsx
1.7860152602453168,0.608020113046692,-0.605,0.029154759474226494,0.10853150519390291,0.05999999999999994,-0.6708216422421931,1.5409710637200023,24.32249079025071,1.4759313043573627,-0.8,0.0,3.705417265331304,0.0,-0.7584870025078665,0.6207454892995594,8,8,4,0.6989700043360189,Cad_4ppm_37.xlsx
1.6952152142857222,0.5751302590594465,-0.5925,0.03699662146737184,0.10187274896915548,0.06749999999999998,-0.5944805436407921,1.0066999248785355,27.53926968713924,1.4407962438899815,-0.8,0.0,3.7659841795273272,0.0,-0.5118157298030028,0.6918993613428915,8,8,4,0.6989700043360189,Cad_4ppm_38.xlsx
1.6808729049783504,0.5658363142381244,-0.59125,0.03620687089490058,0.11412559255374999,0.050000000000000044,-1.4269121651623609,2.615110505507488,29.254766543308072,1.1710906623243122,-0.8,0.0,3.782285880198865,0.0,-0.3465762225481326,0.7635614986445802,8,8,4,0.6989700043360189,Cad_4ppm_39.xlsx
1.5486689986291595,0.33638974111213926,-0.5375000000000001,0.03152380053229622,0.10149517272835441,0.06142857142857145,-0.49801641414930126,0.06900987965310712,20.943610140133472,1.1734241722420051,-0.7987500000000001,0.0033071891388307415,3.6636347228697694,0.0,-1.0998585974776154,1.058654848501861,8,8,4,0.6989700043360189,Cad_4ppm_4.xlsx
1.7364048354978325,0.7113069185520005,-0.5962500000000001,0.027810744326608728,0.11489628845237912,0.05499999999999999,-1.2268148951861415,1.9426147622522718,30.120531996419544,0.9975516788461927,-0.8,0.0,3.815263368327698,0.0,-0.27110241463436574,0.8171626122264095,8,8,4,0.6989700043360189,Cad_4ppm_40.xlsx
1.7288397756493517,0.9091635593298106,-0.5925,0.03491060010942234,0.10144853884343333,0.05249999999999999,-0.6370671441761961,1.5331759479102036,30.888395894155835,1.0502417639208632,-0.8,0.0,3.822278705544554,0.0,-0.2028630533353696,0.8819072043501888,8,8,4,0.6989700043360189,Cad_4ppm_41.xlsx
1.7782097061688407,0.7994423117850261,-0.60375,0.028695600708122482,0.09738606893398248,0.05499999999999999,-0.5350561635983642,1.586018782163615,29.3865881599567,0.8731111043336294,-0.8,0.0,3.9258759505395027,0.0,-0.4119447056236355,0.6402268399683675,8,8,4,0.6989700043360189,Cad_4ppm_42.xlsx
1.629871096717185,0.5358536537051171,-0.58875,0.035509681778354465,0.11716841470923506,0.05499999999999999,-1.3750648586997487,1.9422730884811534,29.846297148106046,1.0098579893219681,-0.8,0.0,3.8678190758469517,0.0,-0.30877578248685134,0.6354798731540731,8,8,4,0.6989700043360189,Cad_4ppm_43.xlsx
1.7556141228355013,0.7090894848190449,-0.60625,0.0291279504943276,0.10506567190205562,0.060000000000000026,-0.7450478163809213,1.5131345520253192,30.607061049494938,0.9203178895641634,-0.8,0.0,3.878124017782829,0.0,-0.27021212811056716,0.7475621930087359,8,8,4,0.6989700043360189,Cad_4ppm_44.xlsx
1.7091630691558564,0.7110713614983168,-0.61375,0.016535945694153707,0.11189308001280662,0.060000000000000026,-1.26216807307618,1.9487114297535646,31.006083350252517,0.8012347393489991,-0.8,0.0,3.900159227130593,0.0,-0.23574782835751057,0.7575329542021063,8,8,4,0.6989700043360189,Cad_4ppm_45.xlsx
1.9078637048340554,0.6956216558088114,-0.6,0.029580398915498074,0.12933915429545328,0.05499999999999999,-1.2343613694928575,2.0362923980092162,30.939673473728348,1.0068458919097254,-0.8,0.0,3.8696227881971073,0.0,-0.22177388314042673,0.784333913521152,8,8,4,0.6989700043360189,Cad_4ppm_46.xlsx
1.9614586005411025,0.7803599816219964,-0.605,0.018708286933869722,0.12786608320815052,0.06999999999999995,-1.1195775438773592,2.0235179028246884,30.94768961973304,0.5508353325825583,-0.8,0.0,3.8544574558046554,0.0,-0.22142995660191223,0.831824622496827,8,8,4,0.6989700043360189,Cad_4ppm_47.xlsx
2.001647363672432,0.701078794787967,-0.61375,0.008569568250501314,0.13284524973033743,0.060000000000000026,-1.1001861755711755,1.8083450169754405,31.566944304274884,0.949998682594849,-0.8,0.0,3.845727996666939,0.0,-0.14593973870751883,0.8658621826990551,8,8,4,0.6989700043360189,Cad_4ppm_48.xlsx
2.157626203643576,0.71677173610545,-0.6125,0.009682458365518551,0.12947534682719924,0.060000000000000026,-0.7568829115184577,1.255049643915779,32.00202090703462,0.7803106686929632,-0.8,0.0,3.9171481463778868,0.0,-0.14045859925683646,0.8126280261508152,8,8,4,0.6989700043360189,Cad_4ppm_49.xlsx
1.4289963565295891,0.5400278654088833,-0.5562499999999999,0.03935019059674297,0.09731990005898233,0.065,-0.79022196433316,0.8571217460327549,22.654391005537505,0.8433805513081354,-0.8,0.0,3.7387497036853343,0.0,-0.9879886075566463,0.9643806236502999,8,8,4,0.6989700043360189,Cad_4ppm_5.xlsx
2.0532170961399654,0.7082809194996313,-0.615,0.007071067811865481,0.1330085052615423,0.060000000000000026,-0.8968670664495806,1.1336804477951654,29.55175055926226,1.10229682249399,-0.8,0.0,4.08369955390093,0.0,-0.42627329639593137,0.41068453989467585,8,8,4,0.6989700043360189,Cad_4ppm_50.xlsx
1.4627588240620506,0.467299750138432,-0.58875,0.034798527267687625,0.10253065437842697,0.0833333333333333,-1.3736819803515266,2.213496499078857,24.148381854698766,1.0345440953558414,-0.8,0.0,3.8154920218806367,0.0,-0.9140291097542472,0.9721438747703327,8,8,4,0.6989700043360189,Cad_4ppm_6.xlsx
1.5816590308802345,0.6291482393051957,-0.585,0.040620192023179784,0.10203403029310895,0.05499999999999999,-1.055128794399037,2.022026338523095,26.46076303640872,0.810572734993939,-0.8,0.0,3.7438120591652706,0.0,-0.6105958432918239,0.7608437501746996,8,8,4,0.6989700043360189,Cad_4ppm_7.xlsx
1.5975869034271377,0.5971849073064154,-0.585,0.04527692569068707,0.10382827323665166,0.04666666666666671,-0.9828070943303983,1.4356651974170875,26.691865514871925,0.8887990442782226,-0.8,0.0,3.752773204624865,0.0,-0.6038950389925145,0.8103831896735643,8,8,4,0.6989700043360189,Cad_4ppm_8.xlsx
1.337072125396816,0.6465970003119943,-0.57375,0.039666579131556065,0.09105820954797936,0.05199999999999998,-1.0781236645672523,1.2725063716795826,26.608285048187224,0.8963495841081153,-0.8,0.0,3.727606940973441,0.0,-0.612325212459197,0.8380266967271675,8,8,4,0.6989700043360189,Cad_4ppm_9.xlsx
3.354390587409811,0.4919467323632755,-0.50875,0.005994789404140905,0.21263428513365665,0.060000000000000026,-0.131012707744104,-1.255928054947732,25.147017285425676,0.4564648768505756,-0.7987500000000001,0.0033071891388307415,3.81903096720671,0.0,-0.15227432184456174,-1.051857052512898,8,8,6,0.8450980400142568,Cad_6ppm_1.xlsx
1.270135838311703,0.23804615340744192,-0.54,0.046636895265444074,0.0651407828632756,0.050000000000000044,0.2729446047892538,-1.1355960095724362,20.06116856639609,0.47220349234647935,-0.8,0.0,3.4410631603534476,0.0,-0.6140268229444275,-0.5114121671147911,8,8,6,0.8450980400142568,Cad_6ppm_10.xlsx
1.1173054378427287,0.33560122519566365,-0.5537500000000001,0.05170529469986608,0.05263547180483431,0.050000000000000044,0.38071840138626767,-0.9217907960368945,20.064069816792916,0.6775463905263818,-0.7987500000000001,0.0033071891388307415,3.4548200767736303,0.0,-0.6266387100707642,-0.4620325170744873,8,8,6,0.8450980400142568,Cad_6ppm_11.xlsx
1.0254344302309102,0.20599387984144965,-0.5549999999999999,0.05049752469181038,0.051634250350289956,0.04500000000000004,0.25561100445497775,-0.9643724722938186,20.425178184740247,0.802425453422566,-0.7987500000000001,0.0033071891388307415,3.512981104161077,0.0,-0.6205349374411699,-0.511780232559295,8,8,6,0.8450980400142568,Cad_6ppm_12.xlsx
1.1105652375541388,0.5168484521435517,-0.5437500000000001,0.04470388685561916,0.05520112567514491,0.04333333333333337,0.07525662345167966,-0.5191132992706836,20.90414997768758,0.7211992239410947,-0.7987500000000001,0.0033071891388307415,3.535227226198415,0.0,-0.5863623965974494,-0.5295060586806852,8,8,6,0.8450980400142568,Cad_6ppm_13.xlsx
1.1160157861832842,0.44189991871335915,-0.55375,0.04897384506039932,0.05217378381944529,0.04500000000000004,0.4007309030307924,-0.587762076947618,20.89400618690475,0.5977708694087984,-0.7987500000000001,0.0033071891388307415,3.585693585862015,0.0,-0.6078375369381677,-0.5203670932247845,8,8,6,0.8450980400142568,Cad_6ppm_14.xlsx
0.9150033019841546,0.24992918330197103,-0.5425,0.04548351349665063,0.04826669995238238,0.050000000000000044,0.0997145900915567,-0.8538037766669042,20.866761970220047,0.489134704468047,-0.8,0.0,3.5919705292160016,0.0,-0.6233090968560019,-0.48535111508735135,8,8,6,0.8450980400142568,Cad_6ppm_15.xlsx
1.0999708493867506,0.7409990016778657,-0.5775,0.05517019122678477,0.0480958589159471,0.050000000000000044,0.3263621045061579,-0.7868637936978291,21.259085798845593,0.521792761993446,-0.8,0.0,3.645940714270025,0.0,-0.6241704689361113,-0.4987080320075812,8,8,6,0.8450980400142568,Cad_6ppm_16.xlsx
0.9922737834415987,0.3004305781291396,-0.56625,0.05406882188470541,0.049381792648631795,0.050000000000000044,0.11198289122373742,-0.740297234056184,21.213829602867953,0.5535301921235921,-0.7987500000000001,0.0033071891388307415,3.639532721672982,0.0,-0.6368861906531103,-0.44741669351613594,8,8,6,0.8450980400142568,Cad_6ppm_17.xlsx
1.1069421451659642,0.26036959908467977,-0.55125,0.05372092236736074,0.0559730248019492,0.050000000000000044,0.21566703110537264,-1.0830798556882961,21.238024145977626,0.5292204388370754,-0.7987500000000001,0.0033071891388307415,3.6201685259026903,0.0,-0.6192480030175458,-0.4971291973222906,8,8,6,0.8450980400142568,Cad_6ppm_18.xlsx
1.1698786303751945,0.4730289955617101,-0.54375,0.04580870550452173,0.05444116740566397,0.04666666666666671,0.32060222536103344,-1.0320152671860652,21.06247643989898,0.6855160359855291,-0.7987500000000001,0.0033071891388307415,3.6016077484387656,0.0,-0.6142101601922308,-0.4974499365568341,8,8,6,0.8450980400142568,Cad_6ppm_19.xlsx
3.3803416774531123,0.25667742630976725,-0.5125000000000001,0.006614378277661482,0.21445187626731527,0.060000000000000026,-0.1436755372326853,-1.2669409550438269,23.487452406872283,0.3648635490638287,-0.8,0.0,3.614860321176498,0.0,-0.2206129059730908,-0.953835154978451,8,8,6,0.8450980400142568,Cad_6ppm_2.xlsx
1.2132077608946945,0.45057125278178706,-0.55375,0.05146297212559725,0.06094758755339276,0.05500000000000005,0.1784283967518121,-0.8638321816760969,21.00825865705266,0.7578773447068274,-0.7987500000000001,0.0033071891388307415,3.628568253536349,0.0,-0.6188036424728403,-0.5196740511642258,8,8,6,0.8450980400142568,Cad_6ppm_20.xlsx
1.0521422339827047,0.2881526640030087,-0.5700000000000001,0.05024937810560444,0.04918065441522504,0.050000000000000044,0.30785984308717557,-0.4634937880889781,21.257569629924227,0.6375684474216645,-0.7987500000000001,0.0033071891388307415,3.6336206879285733,0.0,-0.6159587104244966,-0.4880712458221154,8,8,6,0.8450980400142568,Cad_6ppm_21.xlsx
1.2147320899711658,0.582861048571418,-0.5912499999999999,0.04728570079844434,0.05469556770400594,0.060000000000000026,0.266677622270728,-0.29599425872858615,21.352848948845587,0.6659707750607373,-0.8,0.0,3.6913916005676417,0.0,-0.630565733813337,-0.4820702265079991,8,8,6,0.8450980400142568,Cad_6ppm_22.xlsx
1.237200484235239,0.4528891372882505,-0.5675,0.05285593627966493,0.04801860067388349,0.060000000000000026,0.7323749994677179,-0.14720107419246256,21.294528924621204,0.7207172416872296,-0.8,0.0,3.6506962947665076,0.0,-0.6102185841313665,-0.5065301966336848,8,8,6,0.8450980400142568,Cad_6ppm_23.xlsx
1.1104729727633722,0.4937808224700805,-0.5525,0.05261891294962297,0.048201867462122086,0.050000000000000044,0.5940101794749599,-0.3586047594965599,21.594959760930728,0.6702487884461666,-0.8,0.0,3.6893902841737036,0.0,-0.6145861634710013,-0.5111161707915779,8,8,6,0.8450980400142568,Cad_6ppm_24.xlsx
1.4209167652236965,0.46397804270132936,-0.56875,0.05158427570490837,0.060128561300145836,0.040000000000000036,0.5694201143607125,-0.35506087147383275,21.495026283513695,0.6276903516671294,-0.8,0.0,3.6875806790995695,0.0,-0.6190741102603974,-0.512426778210201,8,8,6,0.8450980400142568,Cad_6ppm_25.xlsx
1.1546551650793915,0.4985154511641263,-0.565,0.05291502622129181,0.05720362464141526,0.050000000000000044,0.19761207671471612,-0.6886963595149651,21.41567350999277,0.5802031135298445,-0.7987500000000001,0.0033071891388307415,3.6671484313145752,0.0,-0.6083591900137195,-0.5163844071058333,8,8,6,0.8450980400142568,Cad_6ppm_26.xlsx
1.1604572915945428,0.43298962278551256,-0.58125,0.050109255632068604,0.04607927687698568,0.050000000000000044,0.648490859055532,-0.1782394221770187,21.283869052398984,0.4633412476801294,-0.8,0.0,3.6658822146983256,0.0,-0.6183660048821396,-0.4957766642970789,8,8,6,0.8450980400142568,Cad_6ppm_27.xlsx
1.1454554430014698,0.26369368940668686,-0.5874999999999999,0.048153400710645555,0.05226536679257002,0.040000000000000036,0.419959517861921,-0.4894768837537649,21.65181583327921,0.5853012610517636,-0.8,0.0,3.703250957226283,0.0,-0.6115074825833238,-0.5103587240380356,8,8,6,0.8450980400142568,Cad_6ppm_28.xlsx
1.1939944973304781,0.3933384696041998,-0.565,0.055452682532047076,0.05306855894552893,0.050000000000000044,0.48625225649524717,-0.7067950465375767,21.631510675432896,0.6134639013680804,-0.7987500000000001,0.0033071891388307415,3.7063367453140366,0.0,-0.6206680174718191,-0.4840013019743422,8,8,6,0.8450980400142568,Cad_6ppm_29.xlsx
2.9995026672799425,0.23535329576845646,-0.51125,0.007806247497998005,0.18053439747691058,0.060000000000000026,-0.03207813974418276,-1.415511158812631,21.453806350541115,0.6484153836686566,-0.7987500000000001,0.0033071891388307415,3.4477836076919197,0.0,-0.37293497744850596,-0.7599121929656153,8,8,6,0.8450980400142568,Cad_6ppm_3.xlsx
1.2764785186508276,0.2881205108261482,-0.5537500000000001,0.05170529469986608,0.05873032441089661,0.050000000000000044,0.4642477187609738,-0.9781374960797938,21.574292954924232,0.631269253146659,-0.8,0.0,3.6800775296606267,0.0,-0.609367070416902,-0.5207660890764317,8,8,6,0.8450980400142568,Cad_6ppm_30.xlsx
1.152797137770592,0.36621894783211806,-0.58125,0.05060570619999289,0.05482722190115583,0.050000000000000044,0.1911312218204222,-0.6014253998668382,21.7451352106782,0.5980507581675212,-0.7987500000000001,0.0033071891388307415,3.713007107959328,0.0,-0.6112820537311181,-0.5114227591320228,8,8,6,0.8450980400142568,Cad_6ppm_31.xlsx
1.2250349273088288,0.45797154504837095,-0.58,0.05172040216394299,0.05303963134379679,0.050000000000000044,0.4661481408440282,-0.07211807700777628,21.84826433318902,0.4189460111400794,-0.8,0.0,3.7104468643212503,0.0,-0.5926249734464286,-0.5377443497964027,8,8,6,0.8450980400142568,Cad_6ppm_32.xlsx
1.1605653823232611,0.5401703559742876,-0.5525,0.05261891294962297,0.052746605044374076,0.060000000000000026,0.35414730158518737,-0.4475478898646293,21.45414901533188,0.49920642489976713,-0.8,0.0,3.694188832805919,0.0,-0.6182894574060791,-0.5011116597725573,8,8,6,0.8450980400142568,Cad_6ppm_33.xlsx
1.2994310174603485,0.38706554568398127,-0.55375,0.05170529469986608,0.05784139585173284,0.050000000000000044,0.4151364460277541,-0.564353262919017,21.507707719552656,0.4227493054499184,-0.7987500000000001,0.0033071891388307415,3.687052150609038,0.0,-0.6058413249067174,-0.5381966422961854,8,8,6,0.8450980400142568,Cad_6ppm_34.xlsx
1.1803503687590426,0.3320351399512167,-0.55125,0.05372092236736074,0.05369220140945277,0.050000000000000044,0.444857987714675,-0.9704958721742659,21.780657811832604,0.6344013438715406,-0.8,0.0,3.706011822377347,0.0,-0.6062352626207363,-0.5308441935608252,8,8,6,0.8450980400142568,Cad_6ppm_35.xlsx
1.1402319572150263,0.2462408579573253,-0.59125,0.04985917668794782,0.054501844617064685,0.060000000000000026,0.313962134352897,-0.9629371209229937,21.775116131114714,0.7343826215792024,-0.8,0.0,3.7336528426952595,0.0,-0.6059114756092394,-0.5178095413136796,8,8,6,0.8450980400142568,Cad_6ppm_36.xlsx
1.1628333364358094,0.428385238928792,-0.58,0.05196152422706631,0.057209365375903494,0.050000000000000044,0.05911487899554963,-0.3756457413393292,21.725236623502873,0.7295998604245764,-0.7987500000000001,0.0033071891388307415,3.7189295269652796,0.0,-0.61491116620467,-0.510536936181892,8,8,6,0.8450980400142568,Cad_6ppm_37.xlsx
1.1788125473665412,0.5750078658950737,-0.56375,0.05655473012931809,0.04943755925974098,0.050000000000000044,0.5467562126752935,-0.25742368855686454,21.94553564936867,0.7665176558979443,-0.8,0.0,3.735821527860481,0.0,-0.6187790211822504,-0.508410691952969,8,8,6,0.8450980400142568,Cad_6ppm_38.xlsx
1.0639993259740543,0.33737966618886933,-0.58125,0.050109255632068604,0.04570927931168993,0.050000000000000044,0.5627427460851967,-0.3097819663510422,21.875376649314568,0.3099209655083858,-0.8,0.0,3.7284858325281425,0.0,-0.60551161315844,-0.5236349971523699,8,8,6,0.8450980400142568,Cad_6ppm_39.xlsx
2.447347927200587,0.23453290110367744,-0.5125,0.006614378277661483,0.14458943886670184,0.060000000000000026,0.022844186767203307,-1.4585826328196076,20.110899395202004,0.7497534798090872,-0.7987500000000001,0.0033071891388307415,3.370357380273179,0.0,-0.5192052823283526,-0.616291651310428,8,8,6,0.8450980400142568,Cad_6ppm_4.xlsx
1.23876288557,0.6453141033168049,-0.5700000000000001,0.05074445782546109,0.054511981635643324,0.040000000000000036,0.3714325853184475,-0.7575075758750517,22.18680360723304,0.6226996993400498,-0.7987500000000001,0.0033071891388307415,3.7466780890317497,0.0,-0.5857804654272141,-0.5364767732149742,8,8,6,0.8450980400142568,Cad_6ppm_40.xlsx
1.1936922951659774,0.478017504655905,-0.5525,0.05261891294962296,0.05654116670995814,0.050000000000000044,0.31574142192056426,-0.6220601904379195,22.134729101551216,0.515903600820128,-0.8,0.0,3.7836991339098147,0.0,-0.593691618843343,-0.5452973959540004,8,8,6,0.8450980400142568,Cad_6ppm_41.xlsx
1.0253604703463486,0.4207823874979732,-0.60625,0.03637908052713812,0.04313682424783734,0.060000000000000026,0.36782185429845726,0.07099162255404359,22.03662238903318,0.43787519311058604,-0.8,0.0,3.7619077794639275,0.0,-0.6001621127551973,-0.5507452168770739,8,8,6,0.8450980400142568,Cad_6ppm_42.xlsx
1.186369250144327,0.42775555156020606,-0.56875,0.05182603110406969,0.055344416664864574,0.04500000000000004,0.1776954301438635,-0.38240245610142615,22.247561276334764,0.7285977817588006,-0.8,0.0,3.778812041311691,0.0,-0.5994773550696298,-0.5406459870581123,8,8,6,0.8450980400142568,Cad_6ppm_43.xlsx
1.2133132275252754,0.5257595433490863,-0.57875,0.053487732238336666,0.05500579866522519,0.040000000000000036,0.21991822492525423,-0.19029186625331956,22.132296879960304,0.7178156748793736,-0.8,0.0,3.758970914640604,0.0,-0.604488948125218,-0.5336170927549999,8,8,6,0.8450980400142568,Cad_6ppm_44.xlsx
1.245608172655151,0.4965490780190071,-0.56625,0.054068821884705416,0.05564241862229611,0.060000000000000026,0.411709319740591,-0.3384843077168263,21.924034686634187,0.5535093487692806,-0.8,0.0,3.748474917742877,0.0,-0.6057877462905874,-0.5310308825375862,8,8,6,0.8450980400142568,Cad_6ppm_45.xlsx
1.0684861340548606,0.5035224190393245,-0.5537500000000001,0.05170529469986608,0.04628475928427268,0.050000000000000044,0.4727588288324116,-0.43387681017583835,22.302882260714274,0.6357407845024263,-0.8,0.0,3.8050474982281766,0.0,-0.6009570576054937,-0.5203364597309746,8,8,6,0.8450980400142568,Cad_6ppm_46.xlsx
1.217976426623406,0.29885895626103776,-0.5925,0.04789311015167003,0.05520144370202198,0.050000000000000044,0.3439377245251839,-0.8684685981980962,22.492071043722934,0.7076776054366185,-0.8,0.0,3.821089044834418,0.0,-0.5923766182651106,-0.5384439843044153,8,8,6,0.8450980400142568,Cad_6ppm_47.xlsx
1.2895958845599105,0.4792593763533542,-0.5925,0.04763139720814412,0.05692071613780822,0.060000000000000026,0.366273614732193,-0.35249496267831965,22.44221644761904,0.4368588960696055,-0.8,0.0,3.8293864271654066,0.0,-0.6020417918782814,-0.5283713189722213,8,8,6,0.8450980400142568,Cad_6ppm_48.xlsx
1.3712746943723197,0.6246299116707194,-0.5912499999999999,0.047020607184510066,0.05926511643723115,0.060000000000000026,0.42424275385767873,0.042146121153121,22.45234901908368,0.754264742486141,-0.8,0.0,3.848462308906928,0.0,-0.610762432929405,-0.5152678676457545,8,8,6,0.8450980400142568,Cad_6ppm_49.xlsx
2.2655459745310353,0.3875265110584613,-0.51125,0.007806247497998005,0.1269629616587295,0.06000000000000005,0.16379314222269092,-1.378136477623371,19.593715913636355,0.5028031050015812,-0.8,0.0,3.3440121451854274,0.0,-0.5929487032938923,-0.5140430104985834,8,8,6,0.8450980400142568,Cad_6ppm_5.xlsx
1.2018321230519784,0.32514088031753297,-0.565,0.055677643628300216,0.05416863475036292,0.050000000000000044,0.36635144145550014,-0.5195974941965665,22.610936371626973,0.6004886092167334,-0.8,0.0,3.8337870625610586,0.0,-0.6017290883466974,-0.5081085785920862,8,8,6,0.8450980400142568,Cad_6ppm_50.xlsx
2.1854592943362317,0.39711829625339345,-0.51125,0.007806247497998005,0.11296981095616787,0.060000000000000026,0.27673367735653076,-1.3179381129811862,19.53001851702741,0.607560652455812,-0.7987500000000001,0.0033071891388307415,3.3369636155616904,0.0,-0.5968934253466265,-0.5137319196135923,8,8,6,0.8450980400142568,Cad_6ppm_6.xlsx
1.9995586353174768,0.3236096891376579,-0.5162500000000001,0.0048412291827592754,0.10605540704725754,0.06000000000000005,0.276549279736657,-1.4150981205677997,19.305500283152945,0.5871606511259947,-0.7987500000000001,0.0033071891388307415,3.299980418786437,0.0,-0.5983345656978232,-0.5183758139193899,8,8,6,0.8450980400142568,Cad_6ppm_7.xlsx
1.6386681803030383,0.1592877117610897,-0.51125,0.007806247497998005,0.08363899335479703,0.050000000000000044,0.2987433147734361,-1.3201381236505152,19.660289112085128,0.6962247162816307,-0.8,0.0,3.3533395897003992,0.0,-0.5990053988584487,-0.50166324101208,8,8,6,0.8450980400142568,Cad_6ppm_8.xlsx
1.595631313708521,0.15243305797911333,-0.5125,0.008291561975888507,0.07963205851875799,0.05666666666666672,0.39048045060318815,-1.2601423339924862,19.793681342857134,0.7970975146390823,-0.7987500000000001,0.0033071891388307415,3.3623528722377367,0.0,-0.5833831392911367,-0.5136150241030535,8,8,6,0.8450980400142568,Cad_6ppm_9.xlsx
13.015999037481981,7.0564561156859025,-0.605,0.03968626966596886,0.40140441029617535,0.060000000000000026,1.1119123763428553,0.19883111750766502,65.59554709074672,17.86459077924594,-0.8,0.0,10.370464020377977,0.0,-0.3559434662128924,-0.6967882252548301,8,8,8,0.9542425094393249,Cad_8ppm_1.xlsx
4.952361859307425,1.620851025288284,-0.62,0.0,0.1820030034740317,0.060000000000000026,0.6355963281988064,-0.3515974901561196,107.78385538980879,3.5975084186395443,-0.795,0.010000000000000009,14.283850775596417,0.0,0.2586381929028162,-0.8765122952671017,8,8,8,0.9542425094393249,Cad_8ppm_10.xlsx
4.641162354725898,1.3634370944974723,-0.62,0.0,0.16834343420924086,0.060000000000000026,0.7729028933492716,0.015843457263796018,106.37780496414138,2.298479506796599,-0.795,0.010000000000000009,14.17990079412139,0.0,0.2691354187467522,-0.9047687488083526,8,8,8,0.9542425094393249,Cad_8ppm_11.xlsx
4.518520138636418,1.0161889034874978,-0.62,0.0,0.14968585563636697,0.060000000000000026,0.9699233208718432,0.38687464812298505,105.49134121877701,1.781076531682186,-0.79125,0.013635890143294655,14.177229876368056,0.0,0.2872914005392675,-0.9487911298937661,8,8,8,0.9542425094393249,Cad_8ppm_12.xlsx
4.595849832539738,0.8216375125299047,-0.62,0.0,0.15543533090657013,0.060000000000000026,1.086105211013137,0.8851919410902301,104.12485458201657,1.6190850920672775,-0.7937500000000001,0.011110243021644496,13.701562482835772,0.0,0.31942749667001435,-0.8981522371525896,8,8,8,0.9542425094393249,Cad_8ppm_13.xlsx
4.751807427417082,0.690093897295488,-0.62,0.0,0.13821914503355334,0.060000000000000026,1.4133892129605257,1.6131904727668105,100.14191755541123,1.453996609463215,-0.795,0.010000000000000009,13.074722210694627,0.0,0.328191725929264,-0.877540771219674,8,8,8,0.9542425094393249,Cad_8ppm_14.xlsx
5.6348611103175195,0.4698719640625171,-0.62,0.0,0.13532125893867752,0.060000000000000026,1.7510697278454188,2.248781147388661,96.54330598654397,0.8296952694410992,-0.79625,0.006959705453537534,12.556824091782651,0.0,0.33809431929872397,-0.8571652522183514,8,8,8,0.9542425094393249,Cad_8ppm_15.xlsx
5.997312828427189,0.4667510418844862,-0.62,0.0,0.15143180615765336,0.060000000000000026,1.5492889614319467,1.4498827786398358,96.55717630477992,2.0844077231636824,-0.7925,0.010897247358851694,12.74468695910922,0.0,0.35118941938606885,-0.9004863698099952,8,8,8,0.9542425094393249,Cad_8ppm_16.xlsx
6.1576984344156465,0.36498856829396825,-0.62,0.0,0.15653339833586394,0.060000000000000026,1.5547652417354607,1.4828539644698286,94.1681573777056,1.5269144943259043,-0.7875000000000001,0.009682458365518551,12.643061487288422,0.0,0.34063906672604033,-0.9422992292667721,8,8,8,0.9542425094393249,Cad_8ppm_17.xlsx
7.519295623737428,1.0854990331811503,-0.62,0.0,0.19016198329546002,0.060000000000000026,1.506978282515188,1.3236119684605794,89.87213367068901,0.5337981087018797,-0.7887500000000001,0.010532687216470457,12.132879039825307,0.0,0.33095415323867483,-0.9135106980869152,8,8,8,0.9542425094393249,Cad_8ppm_18.xlsx
7.640621804329057,0.9237837731523731,-0.62,0.0,0.21966045716306448,0.060000000000000026,1.32202102447624,0.7104548742748271,84.34925673656201,0.3769036480171082,-0.79125,0.007806247497998005,11.439340553542479,0.0,0.3145544447796571,-0.9013839126625204,8,8,8,0.9542425094393249,Cad_8ppm_19.xlsx
9.2322400470058,4.533802788615803,-0.605,0.03968626966596886,0.29310777554383166,0.060000000000000026,1.1663481089686907,0.3243390349121982,84.37466934051224,6.593290085999688,-0.8,0.0,11.49353024423539,0.0,0.04532367991815868,-0.8409866619283648,8,8,8,0.9542425094393249,Cad_8ppm_2.xlsx
6.784692973448836,1.9941783705630023,-0.62,0.0,0.22601402686472377,0.060000000000000026,0.9943304639055257,0.06791231246540608,79.02176814319984,0.5013705557278825,-0.79,0.007071067811865481,10.868496644046811,0.0,0.277681491984465,-0.904185819810821,8,8,8,0.9542425094393249,Cad_8ppm_20.xlsx
5.4721933861472465,1.431224357319082,-0.62,0.0,0.19254981991126074,0.060000000000000026,0.9115061667632327,0.05231717931931884,78.28543139819622,0.8004836229727607,-0.78,0.0050000000000000044,10.9503489219807,0.0,0.26047075854916363,-0.9633816208104152,8,8,8,0.9542425094393249,Cad_8ppm_21.xlsx
5.678507269119843,1.4703786110761505,-0.62,0.0,0.18132557948773964,0.060000000000000026,1.1880526933215552,0.546673491778266,78.94738813219695,0.6839556602817838,-0.77375,0.006959705453537534,11.076424421607864,0.0,0.2588883703570798,-1.0077832430725504,8,8,8,0.9542425094393249,Cad_8ppm_22.xlsx
4.633220333838443,1.0139193985908916,-0.62,0.0,0.16868429437302035,0.060000000000000026,0.7952784179586304,-0.2562339161418588,73.92620698701296,0.8053061032208563,-0.78,0.007071067811865481,10.456993750380683,0.0,0.22839627467077714,-0.9565190849359327,8,8,8,0.9542425094393249,Cad_8ppm_23.xlsx
4.059067606132818,0.7812959252429852,-0.605,0.03968626966596886,0.15655835371284726,0.060000000000000026,0.543946410279379,-0.527399483474987,67.2504152446248,1.149656631792286,-0.7887500000000001,0.007806247497998005,9.652975740121576,0.0,0.17081977619419314,-0.9185979210655308,8,8,8,0.9542425094393249,Cad_8ppm_24.xlsx
3.5595861185426196,0.4672023030334469,-0.605,0.03968626966596886,0.1624570421143622,0.060000000000000026,0.23731378645227108,-1.20113234154788,62.684642439249615,0.7494568299150032,-0.7937500000000001,0.006959705453537534,9.110662693521917,0.0,0.11357229303119412,-0.8952691256499921,8,8,8,0.9542425094393249,Cad_8ppm_25.xlsx
3.325640322438729,0.4331704546652505,-0.5750000000000001,0.05809475019311125,0.14443293022294834,0.060000000000000026,0.3734723760541363,-1.1087274568453558,62.921919308387416,0.9910873125860431,-0.785,0.0050000000000000044,9.15447748946113,0.0,0.1358269022994416,-0.9165642969829895,8,8,8,0.9542425094393249,Cad_8ppm_26.xlsx
3.793481538383907,0.6019621340418402,-0.62,0.0,0.1391132344855749,0.060000000000000026,0.7679986428825784,0.012158623585339506,66.59081476439391,1.3670722403916846,-0.7725000000000001,0.006614378277661482,9.699576488328374,0.0,0.16203513198610586,-1.0057844818943087,8,8,8,0.9542425094393249,Cad_8ppm_27.xlsx
3.6093275515873495,0.5369109051890232,-0.60625,0.03637908052713812,0.14752088201479469,0.060000000000000026,0.4172544723352277,-0.7976450508634814,62.89991935957791,0.33070051685845175,-0.78,0.0050000000000000044,9.14145143879582,0.0,0.14700057556568097,-0.9461166069051381,8,8,8,0.9542425094393249,Cad_8ppm_28.xlsx
6.182018733333392,1.6836464623690446,-0.62,0.0,0.19436435651804218,0.060000000000000026,1.1259066462716705,0.24057599575665867,68.35005044911614,0.3412544792371643,-0.77125,0.010532687216470457,9.991774323108856,0.0,0.16277385525827998,-1.0085148358080196,8,8,8,0.9542425094393249,Cad_8ppm_29.xlsx
10.031151941955322,7.184329704654215,-0.605,0.03968626966596886,0.30200880961021265,0.060000000000000026,1.153440015284657,0.28541487748707045,92.92452166982319,2.667851826620497,-0.8,0.0,13.78110738809515,0.0,-0.08873919152148702,-1.0062677620547986,8,8,8,0.9542425094393249,Cad_8ppm_3.xlsx
4.088930252525303,0.6927443998153077,-0.62,0.0,0.14244466378968718,0.060000000000000026,0.8549083561358944,0.27861645793673306,64.26868741675685,0.43465063870297466,-0.77625,0.0048412291827592754,9.318018818958066,0.0,0.16754669428128344,-0.9686958524595028,8,8,8,0.9542425094393249,Cad_8ppm_30.xlsx
3.9685883369408934,0.41965069418940876,-0.62,0.0,0.14048422735750854,0.060000000000000026,0.7975610115024729,0.10257933170251898,63.338292879815995,1.1986602148552246,-0.7675000000000001,0.004330127018922197,9.25965489513447,0.0,0.14737862860993006,-1.0026270482982726,8,8,8,0.9542425094393249,Cad_8ppm_31.xlsx
3.9207620411977375,0.5831783345991939,-0.62,0.0,0.13606997219949918,0.060000000000000026,0.8179773845555284,0.12299296942065516,62.465436296789306,0.43625071574980473,-0.7675000000000001,0.004330127018922197,9.130660460732596,0.0,0.1454448592418067,-0.9955121563306141,8,8,8,0.9542425094393249,Cad_8ppm_32.xlsx
3.3457355107504085,0.6771305606597725,-0.62,0.0,0.1258840971619813,0.060000000000000026,0.5866115103634812,-0.5772360304941677,59.483405959920624,0.43683853933002514,-0.77375,0.0048412291827592754,8.747925236760913,0.0,0.1217585500048955,-0.9568058967294081,8,8,8,0.9542425094393249,Cad_8ppm_33.xlsx
2.9246546828283346,0.6472693379631689,-0.57625,0.05655473012931809,0.12127806303860436,0.060000000000000026,0.46164604520850105,-0.9557915821853362,56.872750154292916,0.6172948027821106,-0.7775000000000001,0.004330127018922197,8.352683521770565,0.0,0.1077958839137173,-0.9235264717889338,8,8,8,0.9542425094393249,Cad_8ppm_34.xlsx
2.900229653607565,0.6046593995732881,-0.5475,0.05629165124598851,0.12545206571537196,0.060000000000000026,0.3745410175375986,-1.0667697159660394,55.813700550108194,0.5596803260399804,-0.77875,0.0033071891388307415,8.198629000904765,0.0,0.09918379833811,-0.907743287330771,8,8,8,0.9542425094393249,Cad_8ppm_35.xlsx
2.7054012870130473,0.5986997483893567,-0.57625,0.05655473012931809,0.12114644239214047,0.060000000000000026,0.27475407338028324,-1.0942499583814183,57.423573726533164,0.6453092726894936,-0.77625,0.0048412291827592754,8.37018534353328,0.0,0.1246802803213311,-0.9353678700898518,8,8,8,0.9542425094393249,Cad_8ppm_36.xlsx
3.0286428424964456,0.6960307275172,-0.605,0.03968626966596886,0.12347884736436267,0.060000000000000026,0.43040764032753814,-0.8046086128867729,57.844896328733746,0.44712679297692104,-0.77,0.0050000000000000044,8.451826646346412,0.0,0.12495858053421693,-0.951350293773064,8,8,8,0.9542425094393249,Cad_8ppm_37.xlsx
2.9370972368687385,0.5102242151765555,-0.5900000000000001,0.05196152422706632,0.12781283545310668,0.060000000000000026,0.33160266394158905,-1.0174059258905601,56.37550654709594,0.41327522011187795,-0.77375,0.006959705453537534,8.266782024607597,0.0,0.11076856564567578,-0.9292389091130902,8,8,8,0.9542425094393249,Cad_8ppm_38.xlsx
2.7887593251804477,0.3382272017603792,-0.57625,0.05655473012931809,0.12234363148773947,0.060000000000000026,0.3087643001005724,-1.1828927302640242,54.548323076713544,0.4319787335411245,-0.77625,0.0048412291827592754,8.018766249671538,0.0,0.09783783925770285,-0.9188801312066335,8,8,8,0.9542425094393249,Cad_8ppm_39.xlsx
7.704900158585939,0.9651763056866575,-0.62,0.0,0.21455824087518732,0.060000000000000026,1.3703250097804882,1.0362275562050667,101.69079712328639,2.0258450203480556,-0.7937500000000001,0.016535945694153707,16.045618820314484,0.0,-0.03485839685249084,-1.1861037047591763,8,8,8,0.9542425094393249,Cad_8ppm_4.xlsx
2.9577209740260297,0.5581593367386627,-0.56125,0.058829733128750464,0.13253669564214013,0.060000000000000026,0.3123681867053497,-1.1321517651994966,54.77970797090546,0.3934937634137943,-0.7775000000000001,0.004330127018922197,8.024844599195168,0.0,0.10237044715312354,-0.9065714343547839,8,8,8,0.9542425094393249,Cad_8ppm_40.xlsx
3.0933014195527155,0.6088485682808832,-0.5750000000000001,0.05809475019311125,0.13050568092893627,0.060000000000000026,0.3932046728022953,-0.8676736063241293,55.088822255591616,0.39153352831328786,-0.775,0.0050000000000000044,8.070548943982327,0.0,0.10658374809778406,-0.918521055944648,8,8,8,0.9542425094393249,Cad_8ppm_41.xlsx
3.137792213708572,0.44589059291502064,-0.62,0.0,0.130408696655488,0.060000000000000026,0.36960317583067626,-0.9457346645725483,57.85096463275612,2.022030931996415,-0.7662500000000001,0.0048412291827592754,8.504071044915499,0.0,0.10330370244960776,-0.9529758934384217,8,8,8,0.9542425094393249,Cad_8ppm_42.xlsx
4.2522095629870575,0.6521459009652393,-0.62,0.0,0.13390014129365502,0.060000000000000026,1.1734424348263761,0.9085237430969736,59.99134890333691,0.573219656033006,-0.76375,0.006959705453537534,8.754306062297081,0.0,0.12931456358825724,-0.968042319748291,8,8,8,0.9542425094393249,Cad_8ppm_43.xlsx
3.193511650360805,0.6551075923191501,-0.5900000000000001,0.05196152422706632,0.13315285524459258,0.060000000000000026,0.3976291840571701,-0.91990905684485,55.18005018897907,0.9439020086075531,-0.77,0.0050000000000000044,8.134519614551682,0.0,0.0882486572285992,-0.9184210843319109,8,8,8,0.9542425094393249,Cad_8ppm_44.xlsx
2.962535091919243,0.28811569799751907,-0.5750000000000001,0.05809475019311125,0.1306836130836983,0.060000000000000026,0.3251191715146175,-1.1766699291555593,53.08261363138527,0.5643571178071843,-0.77125,0.0033071891388307415,7.870716547674785,0.0,0.06876021226045273,-0.9045533070045334,8,8,8,0.9542425094393249,Cad_8ppm_45.xlsx
3.117822240187637,0.5678402777546692,-0.605,0.03968626966596886,0.12611950034379965,0.060000000000000026,0.43959668309767275,-0.8856484600715321,54.13208601538598,0.5283048076697928,-0.76875,0.0033071891388307415,7.972855688117155,0.0,0.0805685780175329,-0.9081649462870263,8,8,8,0.9542425094393249,Cad_8ppm_46.xlsx
3.251855474242472,0.7214504442126777,-0.605,0.03968626966596886,0.12802594431493902,0.060000000000000026,0.5267793100093487,-0.6355690140702983,54.59553718136722,0.37908183359623615,-0.76625,0.0048412291827592754,8.040565794173704,0.0,0.08221744358791823,-0.928736581310581,8,8,8,0.9542425094393249,Cad_8ppm_47.xlsx
3.192824714141463,0.5465839385346023,-0.605,0.03968626966596886,0.1311153299877386,0.060000000000000026,0.4809217937353384,-0.7406984075310554,54.6222113851551,1.5596540683622817,-0.7662500000000001,0.0048412291827592754,8.097739510608047,0.0,0.07200689619026894,-0.9304901675701714,8,8,8,0.9542425094393249,Cad_8ppm_48.xlsx
3.369265805772052,0.5121300596664627,-0.62,0.0,0.1391882961547662,0.060000000000000026,0.44124250498822676,-0.8300325543873367,54.804752138329704,0.8422974602141791,-0.77,0.0050000000000000044,8.114097839670729,0.0,0.069466931079126,-0.9056452461731817,8,8,8,0.9542425094393249,Cad_8ppm_49.xlsx
8.743197997258362,1.9761907717628564,-0.62,0.0,0.23686638465440712,0.060000000000000026,1.317093808252947,0.9759221197508935,105.47942488899704,5.764763603902933,-0.76875,0.02521780125229004,16.180770731995494,0.0,0.059493747267077575,-1.2110716165336757,8,8,8,0.9542425094393249,Cad_8ppm_5.xlsx
2.888894798484891,0.5240998740457232,-0.54625,0.05721396245672904,0.1303182441302351,0.060000000000000026,0.30701738650777594,-1.232620087263197,51.74692134727631,0.9885554638055082,-0.7737499999999999,0.0048412291827592754,7.706847764741163,0.0,0.04048816402217831,-0.8725102882226211,8,8,8,0.9542425094393249,Cad_8ppm_50.xlsx
8.816405416450303,2.736679621315657,-0.62,0.0,0.23497237131458146,0.060000000000000026,1.390635100144424,1.1780509049050993,111.24126337337655,4.788077545936415,-0.7825,0.022776083947860768,16.210127970166305,0.0,0.14061058954934652,-1.1401719047247534,8,8,8,0.9542425094393249,Cad_8ppm_6.xlsx
8.358552696031804,2.042192378734956,-0.62,0.0,0.22089778681963107,0.060000000000000026,1.4460741495051637,1.3497948565831495,110.75085900189387,4.462932583721646,-0.7887500000000001,0.019645292056877157,15.143601076160083,0.0,0.2124191044093308,-0.9755000402976628,8,8,8,0.9542425094393249,Cad_8ppm_7.xlsx
6.904009341702821,1.368337653428737,-0.62,0.0,0.19515966909344076,0.060000000000000026,1.3455618248117975,1.2288372970269699,110.63736806991336,5.064238247214537,-0.7925,0.013919410907075068,14.627133809528498,0.0,0.24676917102655993,-0.8757351663085933,8,8,8,0.9542425094393249,Cad_8ppm_8.xlsx
5.631117647041911,1.6344702552963,-0.62,0.0,0.18788672780520027,0.060000000000000026,0.9037480433192346,0.3473434803349585,108.8905282647907,3.4376024299946994,-0.7937500000000001,0.013169567191065936,14.453304843735928,0.0,0.2507747262771852,-0.8834623165498041,8,8,8,0.9542425094393249,Cad_8ppm_9.xlsx
2.471198982539689,0.3459205091981708,-0.5125,0.006614378277661483,0.12914473074043908,0.050000000000000044,0.258323816631434,-1.3738971738332606,28.602211358116875,1.0264127770106606,-0.8,0.0,4.5519279730303035,0.0,-0.3294870798604286,-0.8008684057057498,8,8,10,1.0413926851582251,Cad_10ppm_1.xlsx
1.9022323690837104,0.2541708909804803,-0.51125,0.007806247497998005,0.09147148528896044,0.060000000000000026,0.37160309571904415,-1.2551245420275854,26.934042981331153,0.3451830233531928,-0.7925,0.008291561975888507,4.527147375580629,0.0,-0.44495120065299854,-0.5750235165770274,8,8,10,1.0413926851582251,Cad_10ppm_10.xlsx
1.832732766089479,0.23161566471149944,-0.51125,0.009270248108869587,0.08550228030375137,0.050000000000000044,0.4745328467506461,-1.1087745741617838,27.686456917694795,0.29761902710343763,-0.7862500000000001,0.006959705453537534,4.576732252952024,0.0,-0.37291064045077527,-0.6227744851422592,8,8,10,1.0413926851582251,Cad_10ppm_11.xlsx
1.7496887874819738,0.210337625393533,-0.51125,0.007806247497998005,0.08381674749855672,0.050000000000000044,0.3952733383745539,-1.2627862279823288,28.318436643199846,0.23022602042005977,-0.785,0.0050000000000000044,4.646837772916579,0.0,-0.3319700369665337,-0.6569974201372424,8,8,10,1.0413926851582251,Cad_10ppm_12.xlsx
1.8553145262626378,0.27379856157458454,-0.51125,0.007806247497998005,0.08816999301695438,0.050000000000000044,0.4213152338865346,-1.2970845510495506,28.89486914852091,0.13737542379294276,-0.7837500000000001,0.006959705453537534,4.6937754611369975,0.0,-0.30728852908531523,-0.6559407874730301,8,8,10,1.0413926851582251,Cad_10ppm_13.xlsx
1.867638559595993,0.24170803501259033,-0.515,0.007071067811865481,0.08439322245923628,0.050000000000000044,0.5362479696114638,-1.0965007895778665,29.267440939213554,0.31941644556768484,-0.785,0.0050000000000000044,4.691663559329639,0.0,-0.2630012779487493,-0.6843494702133928,8,8,10,1.0413926851582251,Cad_10ppm_14.xlsx
1.7593252700216588,0.25963093841427504,-0.51375,0.008569568250501312,0.08266048052867916,0.05500000000000005,0.40243505607832636,-1.2760425941050908,30.686029362554102,0.24928139459502388,-0.78125,0.0033071891388307415,4.778191385301501,0.0,-0.17284552299297934,-0.7100551991054176,8,8,10,1.0413926851582251,Cad_10ppm_15.xlsx
1.6097779860750565,0.29162566082055996,-0.52375,0.03705991770093398,0.06810484278643648,0.060000000000000026,0.614591982517017,-0.938844402932698,31.906085087626245,0.395997277176945,-0.78,0.0,4.877784571428213,0.0,-0.11324959418210814,-0.7336674043442033,8,8,10,1.0413926851582251,Cad_10ppm_16.xlsx
1.7572801603535675,0.20602765818584576,-0.5275000000000001,0.03561951712193751,0.0851673066720789,0.050000000000000044,0.37846660236623003,-1.1834848454661666,32.037494568596664,0.43518522957677286,-0.78125,0.0033071891388307415,4.883301228823505,0.0,-0.1062932091771616,-0.7276219563906045,8,8,10,1.0413926851582251,Cad_10ppm_17.xlsx
1.6246930225829894,0.20960224730510332,-0.525,0.03674234614174767,0.07215158101262617,0.050000000000000044,0.48554373397594863,-1.103626571959576,32.05959314069263,0.381447538840114,-0.78125,0.0033071891388307415,4.886409874735843,0.0,-0.10769473360545856,-0.7132336034108456,8,8,10,1.0413926851582251,Cad_10ppm_18.xlsx
1.7575411710678424,0.27235062841742813,-0.52125,0.037893765978060295,0.08513077554184698,0.060000000000000026,0.34029126212192773,-1.3258131864128204,31.869910614015136,0.5349927418099948,-0.7825,0.004330127018922197,4.901917759266055,0.0,-0.13505704519356504,-0.7095719590321654,8,8,10,1.0413926851582251,Cad_10ppm_19.xlsx
1.6343379234127355,0.2605346982770044,-0.5237499999999999,0.03739568825412898,0.07676242572763478,0.040000000000000036,0.3569030768110913,-1.3164183024593576,24.873580953373004,1.1387104562549935,-0.7975000000000001,0.004330127018922197,4.292126977527058,0.0,-0.6320438920506014,-0.4054616154744284,8,8,10,1.0413926851582251,Cad_10ppm_2.xlsx
1.7701222047980076,0.21020062586501861,-0.51125,0.005994789404140905,0.08265526652669596,0.050000000000000044,0.43790005481015026,-1.2581346454226816,31.800508920165925,0.3968833400028757,-0.78375,0.0048412291827592754,4.873829975097224,0.0,-0.12893204057065483,-0.7178627752028666,8,8,10,1.0413926851582251,Cad_10ppm_20.xlsx
1.8746519756133058,0.1894104950257076,-0.51125,0.007806247497998005,0.09090362137229527,0.06000000000000005,0.39968266527355606,-1.2645538891183583,31.771376985371553,0.45335171280160114,-0.78125,0.0033071891388307415,4.8944679364798,0.0,-0.14182732390178157,-0.6987336507099171,8,8,10,1.0413926851582251,Cad_10ppm_21.xlsx
1.65382946699137,0.15376472265962857,-0.525,0.03674234614174767,0.07837483273809615,0.060000000000000026,0.4206040589595558,-1.2347124259377005,32.592244031872276,0.31873067396318405,-0.78,0.0,4.923945243536799,0.0,-0.07094539732531827,-0.744407658533907,8,8,10,1.0413926851582251,Cad_10ppm_22.xlsx
1.6964332256133021,0.2363991918842137,-0.51125,0.007806247497998005,0.07961783045418497,0.060000000000000026,0.42681332502587876,-1.2911652774990978,33.71371469090907,0.4041116389303833,-0.78,0.0,5.0450322848702225,0.0,-0.032962521382741715,-0.7466222956106152,8,8,10,1.0413926851582251,Cad_10ppm_23.xlsx
1.5418623488095475,0.17791870692053752,-0.54125,0.04567206476611277,0.0731841869350658,0.050000000000000044,0.43954542798255847,-1.229701928735783,33.62524370108224,0.34546387529857087,-0.78,0.0,5.0421252832838235,0.0,-0.03995870602726869,-0.7603530304591536,8,8,10,1.0413926851582251,Cad_10ppm_24.xlsx
1.7645818922799652,0.19191263456496277,-0.5225000000000001,0.0373329613076702,0.08057646173665267,0.060000000000000026,0.44153234378909856,-1.0642696865377723,33.49118168465005,0.487712322897727,-0.78,0.0,4.996931965040587,0.0,-0.04004491094358101,-0.7400483638727071,8,8,10,1.0413926851582251,Cad_10ppm_25.xlsx
1.7519479345959894,0.26062049339359933,-0.51125,0.005994789404140905,0.08739023233874514,0.050000000000000044,0.31431884339380606,-1.3003801742403351,33.20672180575396,0.47696195840224753,-0.78,0.0,4.980542151962035,0.0,-0.049818526179206964,-0.744235928798273,8,8,10,1.0413926851582251,Cad_10ppm_26.xlsx
1.8328390055555754,0.35001029931202216,-0.51125,0.007806247497998005,0.08639000082936502,0.060000000000000026,0.4188131684143871,-1.277567630646614,32.64723880959594,0.6540133402309339,-0.78125,0.0033071891388307415,4.91019379868615,0.0,-0.06337879806353747,-0.7378189632642305,8,8,10,1.0413926851582251,Cad_10ppm_27.xlsx
2.000898653427144,0.3554033343059715,-0.50875,0.007806247497998005,0.09153592000468931,0.060000000000000026,0.45304128423433415,-1.213301934764992,32.73671115355337,0.45774290280528507,-0.78,0.0,4.957755565096592,0.0,-0.08003564789646533,-0.7331142896270578,8,8,10,1.0413926851582251,Cad_10ppm_28.xlsx
1.8344571231241265,0.26117037179410585,-0.51125,0.007806247497998005,0.08313817692027475,0.050000000000000044,0.4978299149167278,-1.1928074076600206,33.192283593813116,0.25646630057702846,-0.78,0.0,4.995654056486563,0.0,-0.04598674454435326,-0.7666966295908304,8,8,10,1.0413926851582251,Cad_10ppm_29.xlsx
1.5026192263708942,0.2924338256933854,-0.5375000000000001,0.048153400710645555,0.07068313667568796,0.060000000000000026,0.3558169461362658,-1.1629640330318165,25.244820152849915,0.8290398289424785,-0.7975000000000001,0.004330127018922197,4.376735105923252,0.0,-0.6407124197639171,-0.3822793542793988,8,8,10,1.0413926851582251,Cad_10ppm_3.xlsx
1.8300977991702894,0.12386016220198899,-0.50875,0.007806247497998005,0.08912014808676019,0.060000000000000026,0.36153263427861937,-1.2489369773900751,33.356904714556265,0.34464829435909144,-0.78,0.0,5.016416963911709,0.0,-0.03604911413554271,-0.7801892709098015,8,8,10,1.0413926851582251,Cad_10ppm_30.xlsx
1.8753611216450468,0.24751285432866316,-0.51125,0.007806247497998005,0.08630643642857148,0.050000000000000044,0.46230202771137124,-1.0926321104722287,33.11350195202019,0.35862352283016646,-0.78,0.0,4.9748602306287,0.0,-0.04136307064828561,-0.7642917065069308,8,8,10,1.0413926851582251,Cad_10ppm_31.xlsx
1.7125050275613427,0.18802916695370558,-0.5125000000000001,0.006614378277661482,0.08272302072474706,0.050000000000000044,0.41493016213518774,-1.2918960529272905,32.40162710735929,0.5948474489416185,-0.78125,0.0033071891388307415,4.885375955075579,0.0,-0.05351089637383683,-0.768340462114791,8,8,10,1.0413926851582251,Cad_10ppm_32.xlsx
1.9004713658369736,0.330492665126338,-0.5125000000000001,0.006614378277661482,0.09452685334199176,0.050000000000000044,0.363019616507153,-1.2828381436135388,31.831676051154382,0.599123960730713,-0.78125,0.0033071891388307415,4.813243376025165,0.0,-0.07136451722466737,-0.7529250646302394,8,8,10,1.0413926851582251,Cad_10ppm_33.xlsx
1.9027018835137346,0.24852619752689656,-0.5125000000000001,0.006614378277661482,0.09179643804581505,0.060000000000000026,0.34706409210965805,-1.3834562818162488,31.110622887409797,0.7078979764540961,-0.78375,0.0048412291827592754,4.753491690059345,0.0,-0.11547200683339516,-0.7374279603611051,8,8,10,1.0413926851582251,Cad_10ppm_34.xlsx
1.9648101282828403,0.2912616143283912,-0.5225,0.037666297933298405,0.09997022974873661,0.050000000000000044,0.2870549109191918,-1.3058463555693347,30.613670760173147,0.699814163583795,-0.78375,0.0048412291827592754,4.704425895848036,0.0,-0.12619508779229843,-0.7440771865082245,8,8,10,1.0413926851582251,Cad_10ppm_35.xlsx
1.8583483008658264,0.2727858092007724,-0.51,0.007071067811865481,0.0889126776235575,0.060000000000000026,0.4337752494083267,-1.2394076179546474,30.954005772889598,0.6109741917160765,-0.78125,0.0033071891388307415,4.738581556039415,0.0,-0.10548301074151892,-0.7523358576065868,8,8,10,1.0413926851582251,Cad_10ppm_36.xlsx
1.779912223051971,0.1003732142491629,-0.51,0.007071067811865481,0.0823029228488451,0.060000000000000026,0.44345925840058753,-1.2504334350219977,31.897046346031733,0.4732954363272952,-0.78,0.0,4.855539955588748,0.0,-0.07285980105025569,-0.7809694434034815,8,8,10,1.0413926851582251,Cad_10ppm_37.xlsx
1.6556489756493704,0.2424241110640842,-0.51,0.007071067811865481,0.08045877537752501,0.060000000000000026,0.3976150116168668,-1.2894623566578336,31.77174711690114,0.34210895909895617,-0.78,0.0,4.834850361042481,0.0,-0.07553831320172576,-0.7834047575780834,8,8,10,1.0413926851582251,Cad_10ppm_38.xlsx
1.8057998635281667,0.2699948443483216,-0.5125,0.008291561975888507,0.09147807933658031,0.060000000000000026,0.248221112758229,-1.2471034535795442,31.384186644318167,0.40938714274477617,-0.78125,0.0033071891388307415,4.788898889639975,0.0,-0.10472677749255922,-0.7661737840234872,8,8,10,1.0413926851582251,Cad_10ppm_39.xlsx
1.503713233405516,0.21559795487508887,-0.55125,0.053487732238336666,0.07210431951659646,0.050000000000000044,0.3151406942090378,-1.228145754872704,25.23040521764068,0.6832547980301628,-0.7975000000000001,0.004330127018922197,4.371958918361113,0.0,-0.6055061924261427,-0.4235774014985906,8,8,10,1.0413926851582251,Cad_10ppm_4.xlsx
1.6855803123376765,0.2816597100656717,-0.5137499999999999,0.006959705453537534,0.08107577685407591,0.060000000000000026,0.39312876114661355,-1.3205376792111663,30.735501891071408,0.6509182146847636,-0.7825,0.004330127018922197,4.740499773658822,0.0,-0.13492336360499085,-0.7412711318041323,8,8,10,1.0413926851582251,Cad_10ppm_40.xlsx
1.9949624925324825,0.2832792952367614,-0.5125,0.008291561975888507,0.1001760644484119,0.050000000000000044,0.3739283856254597,-1.2676368912572125,30.129692912824662,0.5649843710959902,-0.78125,0.0033071891388307415,4.6964970674917055,0.0,-0.1711232721823022,-0.7347387725635914,8,8,10,1.0413926851582251,Cad_10ppm_41.xlsx
1.7517224249639436,0.29622295320333664,-0.52625,0.03603383826349893,0.0851860216764069,0.060000000000000026,0.3962341762112954,-1.2933489887966427,29.460325206331152,0.7754236643801364,-0.7862500000000001,0.006959705453537534,4.614971761339377,0.0,-0.19416180602197436,-0.7284507818294037,8,8,10,1.0413926851582251,Cad_10ppm_42.xlsx
1.8303808364718832,0.2700084958019276,-0.5125000000000001,0.008291561975888507,0.09766790274368684,0.040000000000000036,0.28420659743368704,-1.1918128180759753,28.985237694300128,0.7016649841648952,-0.7862500000000001,0.0048412291827592754,4.5665076923602115,0.0,-0.20842007179095184,-0.7244341856611712,8,8,10,1.0413926851582251,Cad_10ppm_43.xlsx
1.5382017701659745,0.19103089484717328,-0.5075,0.008291561975888507,0.07029834731818281,0.060000000000000026,0.5006039565176865,-1.1059744956548014,30.51589106551225,0.43577125790250154,-0.775,0.007071067811865481,4.82636456892704,0.0,-0.1632852416671642,-0.7894507400033506,8,8,10,1.0413926851582251,Cad_10ppm_44.xlsx
1.3943775997835735,0.3198992073437177,-0.52625,0.03603383826349893,0.06586326594552724,0.050000000000000044,0.408609752767211,-0.9529704510610679,30.18712404623015,0.28749103033359974,-0.78,0.0,4.777013232187683,0.0,-0.19262745611519394,-0.7361297612727884,8,8,10,1.0413926851582251,Cad_10ppm_45.xlsx
1.255280928210718,0.18872616771183653,-0.52625,0.03637908052713812,0.05889314651515366,0.04500000000000004,0.49590110188779263,-0.9394732108040591,30.292852829256837,0.42813449241139356,-0.78125,0.0033071891388307415,4.753144859304927,0.0,-0.1943552783915124,-0.7211649772453363,8,8,10,1.0413926851582251,Cad_10ppm_46.xlsx
1.4170142088384257,0.27912003390845014,-0.5275000000000001,0.03561951712193751,0.0652809629595986,0.050000000000000044,0.42833651120730654,-1.074249629256335,29.93265707584775,0.40880026216236653,-0.7825,0.004330127018922197,4.7137864700129,0.0,-0.2102992670479288,-0.7106797697538649,8,8,10,1.0413926851582251,Cad_10ppm_47.xlsx
1.275841881241015,0.24511873880074114,-0.52125,0.037893765978060295,0.05881681362121448,0.040000000000000036,0.4215429254014693,-1.0862409931277304,29.643500521266215,0.32737635379836494,-0.78125,0.0033071891388307415,4.697422946333065,0.0,-0.22613461831437587,-0.7198062347867584,8,8,10,1.0413926851582251,Cad_10ppm_48.xlsx
1.3695005074314954,0.3758363540123377,-0.53625,0.048717938174762686,0.06146577116847171,0.050000000000000044,0.4592181757861672,-1.1575175197798546,29.65575340781023,0.27821238028970824,-0.78125,0.0033071891388307415,4.708926774101824,0.0,-0.22782061374765128,-0.7259677449779012,8,8,10,1.0413926851582251,Cad_10ppm_49.xlsx
1.5242546971501052,0.1481402604440666,-0.52,0.03840572873934304,0.06905366077741881,0.050000000000000044,0.5151241226624963,-1.0866315544789078,25.552881959271264,0.6199943805078523,-0.7975000000000001,0.004330127018922197,4.428728274079637,0.0,-0.5973747448654776,-0.43158220709674366,8,8,10,1.0413926851582251,Cad_10ppm_5.xlsx
1.2388123254690147,0.32246611414350307,-0.55,0.054543560573178565,0.0596282424087324,0.050000000000000044,0.387097158122148,-1.1068543263187087,29.91937442741702,0.20418246915877308,-0.78,0.0,4.7330719731374495,0.0,-0.19867464009195693,-0.753656453741764,8,8,10,1.0413926851582251,Cad_10ppm_50.xlsx
1.7042392722583224,0.21358897379677827,-0.52375,0.03739568825412897,0.07877483119480637,0.04666666666666671,0.5291243619322374,-1.062292162076318,25.58440071253606,0.4479893325688589,-0.79375,0.006959705453537534,4.411716953232235,0.0,-0.5659731117114009,-0.46653611433357817,8,8,10,1.0413926851582251,Cad_10ppm_6.xlsx
1.5292719386724691,0.2586088977860983,-0.5125,0.006614378277661483,0.06883550092352186,0.060000000000000026,0.5027749159138477,-1.1157975747287177,25.679833657449485,0.5045795519497505,-0.795,0.007071067811865481,4.428266408086943,0.0,-0.5524922211721776,-0.4988809985944442,8,8,10,1.0413926851582251,Cad_10ppm_7.xlsx
1.7103146796897777,0.14388997814766252,-0.5125,0.004330127018922197,0.08295419923376618,0.050000000000000044,0.3740948778363719,-1.3194629988840312,25.828296432846308,0.3242400475468595,-0.7975000000000001,0.004330127018922197,4.44271215910922,0.0,-0.5378475079986006,-0.50175781252354,8,8,10,1.0413926851582251,Cad_10ppm_8.xlsx
1.8404142602092626,0.16542934358317696,-0.51125,0.007806247497998005,0.08565590371897605,0.060000000000000026,0.48237448289205387,-1.2306934571736172,26.153715980375168,0.44429537277685377,-0.7925,0.006614378277661483,4.4711346667323255,0.0,-0.4968243147161906,-0.5482313632360086,8,8,10,1.0413926851582251,Cad_10ppm_9.xlsx
2.2947523436508277,0.47092947653492173,-0.62,0.0,0.07846217250036375,0.060000000000000026,0.8970517336696935,0.3353959496956943,25.367142204834046,1.0963341779494313,-0.7987500000000001,0.0033071891388307415,4.414552073130594,0.0,-0.7057692521896977,-0.31165027316164046,8,8,20,1.3222192947339193,Cad_20ppm_1.xlsx
2.1029075717171875,0.19305327580769957,-0.51375,0.006959705453537534,0.10740924979274805,0.050000000000000044,0.33630256508606304,-1.3537715848481402,25.573849468632744,0.6335982734663991,-0.8,0.0,4.316799880322603,0.0,-0.613309123580793,-0.48459302130930426,8,8,20,1.3222192947339193,Cad_20ppm_10.xlsx
2.2192396986652367,0.4668406834469332,-0.51125,0.007806247497998005,0.10999441806908301,0.06000000000000005,0.34741882922188033,-1.2997797034242975,25.446887884776324,0.619894393047279,-0.8,0.0,4.340906217836402,0.0,-0.617460842195007,-0.4943311091023401,8,8,20,1.3222192947339193,Cad_20ppm_11.xlsx
2.414223718217906,0.24855433546903466,-0.51125,0.005994789404140905,0.12995603598610977,0.060000000000000026,0.23284553401446095,-1.4415833777283655,25.16225668026694,0.6112851842267611,-0.8,0.0,4.272948460327021,0.0,-0.5973811579108343,-0.5428636127285122,8,8,20,1.3222192947339193,Cad_20ppm_12.xlsx
2.3074268023809696,0.24693490641953034,-0.515,0.0050000000000000044,0.12724707398232243,0.060000000000000026,0.1981846669329198,-1.4346090825638451,25.20789104552668,0.5135869354204345,-0.8,0.0,4.261697320167208,0.0,-0.595192063132649,-0.5456943721259473,8,8,20,1.3222192947339193,Cad_20ppm_13.xlsx
2.605631469805199,0.2796555550327954,-0.51,0.008660254037844395,0.134178144176766,0.06000000000000005,0.3011754332475697,-1.381743319762645,24.815404959559874,0.7225211230912703,-0.8,0.0,4.223651400015876,0.0,-0.6039353641196188,-0.5413831018461145,8,8,20,1.3222192947339193,Cad_20ppm_14.xlsx
2.620827055772011,0.19364715642888156,-0.51125,0.007806247497998005,0.13769866397438515,0.060000000000000026,0.27018958823969325,-1.3702106861058796,24.620134849494935,0.4544940100728699,-0.8,0.0,4.183821067847225,0.0,-0.5955989866528033,-0.551454349006838,8,8,20,1.3222192947339193,Cad_20ppm_15.xlsx
2.5030056430736045,0.2707917964244237,-0.51,0.007071067811865481,0.1419178549089092,0.060000000000000026,0.09724091860194321,-1.4989603182487328,24.603821600126253,0.6442014653340793,-0.8,0.0,4.183532162726463,0.0,-0.6027106670614095,-0.5253375008277893,8,8,20,1.3222192947339193,Cad_20ppm_16.xlsx
2.738649600685435,0.3744759159220149,-0.50875,0.007806247497998005,0.146025007426586,0.060000000000000026,0.19564035251360157,-1.2913170013421076,24.6067780340909,0.7231718133327483,-0.8,0.0,4.198113104899894,0.0,-0.6064719741785084,-0.5276429929414725,8,8,20,1.3222192947339193,Cad_20ppm_17.xlsx
2.917287710642135,0.45599936213810005,-0.50875,0.007806247497998005,0.1620380828764413,0.060000000000000026,0.12693631730520474,-1.3572857825018187,24.38352833551586,0.6083923327778086,-0.8,0.0,4.164422203549515,0.0,-0.590572471073917,-0.5603950873068664,8,8,20,1.3222192947339193,Cad_20ppm_18.xlsx
2.6707863886724503,0.2714841831783321,-0.51125,0.005994789404140905,0.14698963027561213,0.060000000000000026,0.16467734189800587,-1.4439962385023999,24.53165508261182,0.5819932640133867,-0.8,0.0,4.171588743496576,0.0,-0.6025357452742454,-0.5427767310472191,8,8,20,1.3222192947339193,Cad_20ppm_19.xlsx
2.933201983261216,0.496580446581522,-0.62,0.0,0.08883106679509653,0.060000000000000026,1.2331313794786263,1.0499392163294843,26.28226116706348,0.7453156641309353,-0.8,0.0,4.654959395650616,0.0,-0.770077837050528,-0.20845824581932687,8,8,20,1.3222192947339193,Cad_20ppm_2.xlsx
2.658880068686873,0.24306021877015804,-0.51125,0.007806247497998005,0.1506412603057346,0.060000000000000026,0.13105876560177349,-1.329088178747908,24.45881153457791,0.8177379213099857,-0.8,0.0,4.148242233457886,0.0,-0.5955865459957941,-0.5395424907258176,8,8,20,1.3222192947339193,Cad_20ppm_20.xlsx
2.7192498361111177,0.4112960545545827,-0.50875,0.005994789404140905,0.1508584823470404,0.060000000000000026,0.14592545880229335,-1.352182858940417,24.271232056709955,0.5502249663485934,-0.7987500000000001,0.0033071891388307415,4.164856551647731,0.0,-0.5944359909826842,-0.570997115043334,8,8,20,1.3222192947339193,Cad_20ppm_21.xlsx
2.8062842397186243,0.3462581257832808,-0.51375,0.006959705453537534,0.15590028746392345,0.060000000000000026,0.16252039262362142,-1.3717632806385383,24.374810550288586,0.5828378759103815,-0.8,0.0,4.15816832049441,0.0,-0.5963842091409095,-0.5509462479715289,8,8,20,1.3222192947339193,Cad_20ppm_22.xlsx
2.865826536002892,0.42590226752942834,-0.5062500000000001,0.0048412291827592754,0.1618286031199478,0.060000000000000026,0.12673818704645848,-1.3683823984977246,24.077523199711386,0.6612214589541568,-0.8,0.0,4.150567005799786,0.0,-0.6103321855487261,-0.5224817121789538,8,8,20,1.3222192947339193,Cad_20ppm_23.xlsx
2.8719710640692733,0.24144902047042205,-0.51,0.008660254037844395,0.1605166145557349,0.060000000000000026,0.13482023656889866,-1.3692652954994489,24.14999085757574,0.5785947992140335,-0.8,0.0,4.142585190399533,0.0,-0.5983874249935734,-0.5450817132477771,8,8,20,1.3222192947339193,Cad_20ppm_24.xlsx
2.5460005549783697,0.1908779893466486,-0.51,0.008660254037844395,0.13732528720346202,0.060000000000000026,0.22892098699808122,-1.4178871065151917,24.36937345418469,0.6845553512348905,-0.8,0.0,4.169142160691921,0.0,-0.6000811446973762,-0.5640574592192116,8,8,20,1.3222192947339193,Cad_20ppm_25.xlsx
2.781980501370857,0.31822621776319443,-0.51125,0.005994789404140905,0.1570638785131658,0.060000000000000026,0.13487746021288716,-1.4463270812176248,24.408240009181092,0.6352332726511694,-0.8,0.0,4.157075369345152,0.0,-0.6054765217334512,-0.5387931594749803,8,8,20,1.3222192947339193,Cad_20ppm_26.xlsx
2.8371001715007367,0.3436928220219624,-0.5125000000000001,0.008291561975888507,0.16074813462301515,0.060000000000000026,0.10306986643392424,-1.3353782719908938,24.152657559794356,0.5692660481141181,-0.8,0.0,4.127012639237105,0.0,-0.5944775223607925,-0.5681465594025905,8,8,20,1.3222192947339193,Cad_20ppm_27.xlsx
2.6256109027777845,0.27664129002889115,-0.50875,0.009270248108869587,0.14105940472673043,0.060000000000000026,0.19759876036690158,-1.4002358545774327,24.280621882720045,0.514767760051253,-0.8,0.0,4.146432828097584,0.0,-0.5979045336023385,-0.5462899264514468,8,8,20,1.3222192947339193,Cad_20ppm_28.xlsx
2.7188678314935184,0.36358819887597804,-0.51,0.008660254037844395,0.14608966670815143,0.060000000000000026,0.2333397028624644,-1.3063935392860961,24.444987043362186,0.713366029142146,-0.7987500000000001,0.0033071891388307415,4.175303737355252,0.0,-0.595487161226068,-0.5525656550331355,8,8,20,1.3222192947339193,Cad_20ppm_29.xlsx
2.6674991139971453,0.42516139363541267,-0.62,0.0,0.08704209168290297,0.060000000000000026,1.088222529088416,0.7389039472658467,26.502100919011532,0.6227625869735959,-0.8,0.0,4.723752777682002,0.0,-0.7846391520095641,-0.201839313181216,8,8,20,1.3222192947339193,Cad_20ppm_3.xlsx
2.5788875378787925,0.28654755952089433,-0.51125,0.007806247497998005,0.14102524928733637,0.060000000000000026,0.1733572638368331,-1.354841852423632,24.500920407720045,0.6398202424377853,-0.8,0.0,4.176751166478537,0.0,-0.5978291919143277,-0.5576057488023669,8,8,20,1.3222192947339193,Cad_20ppm_30.xlsx
2.3971135797619074,0.28388800436065215,-0.51,0.0050000000000000044,0.13193596295165771,0.060000000000000026,0.17326055858762696,-1.443073666499188,24.41708772564934,0.686897392832487,-0.8,0.0,4.139868392294556,0.0,-0.588669836547997,-0.5627899493304791,8,8,20,1.3222192947339193,Cad_20ppm_31.xlsx
2.528151704761914,0.22633090576793471,-0.51375,0.0048412291827592754,0.13664783992081386,0.060000000000000026,0.2554149556712743,-1.3871866537467579,24.82087861479075,0.6168254174485475,-0.8,0.0,4.212020588511366,0.0,-0.5783922796146672,-0.5867595216442065,8,8,20,1.3222192947339193,Cad_20ppm_32.xlsx
2.5009028976551355,0.22882229616344363,-0.51,0.008660254037844395,0.1321974655799052,0.060000000000000026,0.274124214177503,-1.4127414838549792,25.26371032974386,0.6357201325379753,-0.8,0.0,4.265633629117156,0.0,-0.5840588114613592,-0.5609964010325078,8,8,20,1.3222192947339193,Cad_20ppm_33.xlsx
2.4411746049422924,0.25696618455200143,-0.51,0.007071067811865481,0.1331061809837649,0.060000000000000026,0.20150044936586764,-1.3159273907853604,24.938539527236642,0.47165537588097517,-0.8,0.0,4.23659112109975,0.0,-0.5944330860551441,-0.5466704285239435,8,8,20,1.3222192947339193,Cad_20ppm_34.xlsx
2.336417125108241,0.3064381752336074,-0.51125,0.005994789404140905,0.12383074686994827,0.060000000000000026,0.21885035160150978,-1.3402422113396273,24.790127018344144,0.43891162372925757,-0.8,0.0,4.21242062843624,0.0,-0.5925278136320629,-0.5539993668066834,8,8,20,1.3222192947339193,Cad_20ppm_35.xlsx
2.325866476046191,0.2620194695895613,-0.51,0.007071067811865481,0.11505925770400302,0.060000000000000026,0.3712151662566446,-1.2393311094201382,25.08332133897906,0.6545187874094026,-0.8,0.0,4.233131851258029,0.0,-0.5907729972578777,-0.5503560204243831,8,8,20,1.3222192947339193,Cad_20ppm_36.xlsx
2.3389173662698597,0.348006483610027,-0.51125,0.005994789404140905,0.1206218030308436,0.060000000000000026,0.32304690370672073,-1.2724914173183728,25.584729913852797,0.7169212655307607,-0.8,0.0,4.283409373130594,0.0,-0.5675326227714981,-0.5679035294427697,8,8,20,1.3222192947339193,Cad_20ppm_37.xlsx
2.232271978138536,0.25581129991695056,-0.51125,0.005994789404140905,0.11743830673683125,0.060000000000000026,0.2975036366789585,-1.3260944129858305,25.746492617821048,0.5381095060053813,-0.8,0.0,4.3208329703443376,0.0,-0.5671831898672919,-0.5889715400005369,8,8,20,1.3222192947339193,Cad_20ppm_38.xlsx
2.267531449386738,0.22196210186231172,-0.51,0.007071067811865481,0.11624786399729317,0.060000000000000026,0.3245348024360157,-1.339696890441202,25.7121980230339,0.5516650696210245,-0.8,0.0,4.352203711545908,0.0,-0.5872794673855817,-0.5426245038968558,8,8,20,1.3222192947339193,Cad_20ppm_39.xlsx
1.6056463142136046,0.4148470565610234,-0.60625,0.03637908052713812,0.0676800544779968,0.060000000000000026,0.43404256119389695,-0.43860303757467756,26.197937958405475,0.5683148053886686,-0.8,0.0,4.597055176351553,0.0,-0.7282495283135006,-0.31760138527737974,8,8,20,1.3222192947339193,Cad_20ppm_4.xlsx
2.1436598986291653,0.10856230592768824,-0.5125000000000001,0.006614378277661482,0.1146359346933612,0.060000000000000026,0.22446658604322384,-1.3712343931555786,25.70531745440114,0.6103915167938392,-0.8,0.0,4.326968070023812,0.0,-0.5718280326584526,-0.5601407593169618,8,8,20,1.3222192947339193,Cad_20ppm_40.xlsx
2.006941761652252,0.29499242488599187,-0.5125,0.006614378277661483,0.10188963326803654,0.060000000000000026,0.30748574628029424,-1.4180897686207667,26.403962335443715,0.6799371095354895,-0.8,0.0,4.370233980847136,0.0,-0.5483520326190614,-0.5906700811986385,8,8,20,1.3222192947339193,Cad_20ppm_41.xlsx
2.182888294913437,0.36456819631592774,-0.5125,0.004330127018922197,0.10914892184902514,0.050000000000000044,0.3851975494233919,-1.374796209116935,26.54521552566738,0.6128352255791422,-0.8,0.0,4.408950287374191,0.0,-0.5547792493176611,-0.5618602442522264,8,8,20,1.3222192947339193,Cad_20ppm_42.xlsx
2.0445832929292953,0.19846281286046405,-0.5125,0.008291561975888507,0.10582828190403865,0.060000000000000026,0.2803111003239981,-1.2684945565652077,26.171260294300133,0.5404253746004946,-0.8,0.0,4.378300815103718,0.0,-0.5730880842741268,-0.5491469095080482,8,8,20,1.3222192947339193,Cad_20ppm_43.xlsx
2.1140006651154595,0.15567266774667643,-0.51,0.0050000000000000044,0.10458610706673821,0.060000000000000026,0.3682498737497303,-1.3012691781462817,26.481552405050493,0.5255937485840483,-0.8,0.0,4.402761583538783,0.0,-0.5709232113650382,-0.5402219867455579,8,8,20,1.3222192947339193,Cad_20ppm_44.xlsx
2.0047634084415797,0.08630962688233224,-0.51125,0.007806247497998005,0.09857885080248906,0.050000000000000044,0.3876589657196419,-1.2833363171742784,26.93333482171716,0.5901659991079159,-0.8,0.0,4.416636434519664,0.0,-0.5458599671887825,-0.5831627735854976,8,8,20,1.3222192947339193,Cad_20ppm_45.xlsx
2.0532142458153038,0.11133125891853941,-0.51125,0.007806247497998005,0.09907341595905353,0.060000000000000026,0.43552034137661133,-1.3007722898954652,26.92087273605699,0.4567286064556725,-0.8,0.0,4.417056623194538,0.0,-0.5462579306442492,-0.5686808406589705,8,8,20,1.3222192947339193,Cad_20ppm_46.xlsx
2.03249818896105,0.14997461780830432,-0.50875,0.005994789404140905,0.09929855517640632,0.060000000000000026,0.40946229443607485,-1.2854817213341152,26.764615197095946,0.7881256984478413,-0.8,0.0,4.396033288408281,0.0,-0.5520152812297889,-0.545780499664668,8,8,20,1.3222192947339193,Cad_20ppm_47.xlsx
1.949460617496415,0.289549305519387,-0.51,0.008660254037844395,0.09307571293596667,0.060000000000000026,0.471885514775081,-1.1923571401728776,26.270413917099553,0.498755835749137,-0.8,0.0,4.369044436857687,0.0,-0.5696887809563199,-0.5418857362256032,8,8,20,1.3222192947339193,Cad_20ppm_48.xlsx
2.0603510701298857,0.1877012543437742,-0.50875,0.007806247497998005,0.09973463258964577,0.060000000000000026,0.43268172342104344,-1.2694680595422203,26.324275344823224,0.7977791015388856,-0.8,0.0,4.376989751627979,0.0,-0.5635061724978562,-0.553592408367261,8,8,20,1.3222192947339193,Cad_20ppm_49.xlsx
1.3614120497114346,0.4871192678714199,-0.5375000000000001,0.048153400710645555,0.06296134691486512,0.04500000000000004,0.29657761307883723,-1.0118021290881263,26.006470483513695,0.3872337173679902,-0.8,0.0,4.496049490546358,0.0,-0.6890746284046958,-0.3736757358459037,8,8,20,1.3222192947339193,Cad_20ppm_5.xlsx
1.9228849380231043,0.15901101492581715,-0.5137499999999999,0.0048412291827592754,0.09362368581204816,0.060000000000000026,0.4304422765348833,-1.35373253668772,26.746224190530285,0.8009810957375838,-0.8,0.0,4.3981520537702945,0.0,-0.5222604730466027,-0.6032336377811813,8,8,20,1.3222192947339193,Cad_20ppm_50.xlsx
1.382502159199177,0.24953172631423412,-0.5125,0.006614378277661482,0.06491915556926628,0.060000000000000026,0.44311792066813066,-1.2487804907236322,25.932094396843425,0.5290431355727985,-0.8,0.0,4.4728026572670485,0.0,-0.6802619479383739,-0.36523460383463374,8,8,20,1.3222192947339193,Cad_20ppm_6.xlsx
1.4945256786436083,0.17390207237382782,-0.5162500000000001,0.0048412291827592754,0.07550642994733112,0.050000000000000044,0.34936026741912135,-1.3318683272041274,26.027645547709227,0.8684266305778603,-0.8,0.0,4.40224103369039,0.0,-0.6329451227773297,-0.42895676344299044,8,8,20,1.3222192947339193,Cad_20ppm_7.xlsx
1.7807986430375369,0.18159438139920564,-0.5125000000000001,0.006614378277661482,0.08826221921031714,0.050000000000000044,0.3792528597253263,-1.2844422333562346,25.916495297853523,0.8645742811583291,-0.8,0.0,4.387802074578737,0.0,-0.6244174830440907,-0.4586755296104454,8,8,20,1.3222192947339193,Cad_20ppm_8.xlsx
1.9464983632395567,0.23373680472978223,-0.51375,0.006959705453537534,0.10260604343921273,0.060000000000000026,0.2318822724351893,-1.3803279367530723,25.74083438529941,0.6786658027967131,-0.8,0.0,4.371274442697423,0.0,-0.6214298738090676,-0.4867981807038084,8,8,20,1.3222192947339193,Cad_20ppm_9.xlsx
2.345300236038991,0.6198383068756625,-0.5925,0.04789311015167003,0.094889678624822,0.060000000000000026,0.5076670729935071,-0.5317011970119431,26.3284147473124,1.2202780107044644,-0.8,0.0,4.516128129497025,0.0,-0.6756895829765004,-0.3476772368850803,8,8,40,1.6127838567197355,Cad_40ppm_1.xlsx
2.8796710766594567,0.28326903560241007,-0.51,0.007071067811865481,0.16646230805681686,0.060000000000000026,0.07342846277316933,-1.343261357187193,22.835163670670987,0.6298586049968911,-0.7987500000000001,0.0033071891388307415,3.8418866030009946,0.0,-0.5266315852829633,-0.6777628763932787,8,8,40,1.6127838567197355,Cad_40ppm_10.xlsx
2.81127954574315,0.23896362021406106,-0.50875,0.007806247497998005,0.16448495751208364,0.060000000000000026,0.04258083827200874,-1.3512108505240223,22.597700868524523,0.5963765988282604,-0.8,0.0,3.818535134254242,0.0,-0.5200589340994209,-0.6989804887038907,8,8,40,1.6127838567197355,Cad_40ppm_11.xlsx
2.850162029437239,0.4608811268413103,-0.51125,0.005994789404140905,0.16394899051244466,0.060000000000000026,0.1053435800291516,-1.3325350111401075,22.772198332052653,0.6085761717093433,-0.7987500000000001,0.0033071891388307415,3.799499858802221,0.0,-0.524098844519244,-0.6655935976891892,8,8,40,1.6127838567197355,Cad_40ppm_12.xlsx
2.8498100520202154,0.4460549485314829,-0.5125,0.006614378277661482,0.16736132954924174,0.060000000000000026,0.04170877614667765,-1.3899701506302153,22.400954748809518,0.46360059483597355,-0.8,0.0,3.7687216883625565,0.0,-0.52502975380937,-0.6770266109039402,8,8,40,1.6127838567197355,Cad_40ppm_13.xlsx
2.810998014971153,0.5209049984167591,-0.51,0.007071067811865481,0.16004441146392395,0.060000000000000026,0.1114863674082074,-1.3340609264032426,22.715754315259726,0.5799586376999375,-0.8,0.0,3.8410347795781044,0.0,-0.5332327057195538,-0.6691024001796813,8,8,40,1.6127838567197355,Cad_40ppm_14.xlsx
2.8940166221500836,0.3069305959087622,-0.5125,0.006614378277661482,0.16580809482088618,0.060000000000000026,0.1053522933526421,-1.4161057744333831,22.32516460052308,0.57894871852281,-0.8,0.0,3.7631959260450065,0.0,-0.5305336298663086,-0.687471300446914,8,8,40,1.6127838567197355,Cad_40ppm_15.xlsx
2.9998740146825447,0.3474029299621011,-0.5062500000000001,0.0048412291827592754,0.16424503001172316,0.060000000000000026,0.1728300484754418,-1.30059781947149,22.364250083026683,0.5760638611700651,-0.7987500000000001,0.0033071891388307415,3.77485987271095,0.0,-0.5436867520615287,-0.6596012346700836,8,8,40,1.6127838567197355,Cad_40ppm_16.xlsx
2.8973475905122754,0.3886294250237041,-0.5075000000000001,0.008291561975888507,0.16138960349693277,0.060000000000000026,0.12958209267643664,-1.402980562529529,22.21923273681456,0.5483987147537733,-0.8,0.0,3.7744583103550697,0.0,-0.545847078749804,-0.6484582720573154,8,8,40,1.6127838567197355,Cad_40ppm_17.xlsx
2.8553557991342084,0.2388365224931879,-0.50875,0.009270248108869587,0.16169657026569173,0.060000000000000026,0.11981962844678024,-1.3538695698700274,22.261574681655834,0.7827000140542348,-0.8,0.0,3.731220111684255,0.0,-0.5341174390585279,-0.6475098666423662,8,8,40,1.6127838567197355,Cad_40ppm_18.xlsx
2.796234258658018,0.4145505175851389,-0.51125,0.005994789404140905,0.1596296758782456,0.060000000000000026,0.10463399350711083,-1.4550010472733277,22.158143614538226,0.6206339024899526,-0.8,0.0,3.718617738127166,0.0,-0.5261739415717435,-0.6783188772438988,8,8,40,1.6127838567197355,Cad_40ppm_19.xlsx
1.9606402116161892,0.35098440664903024,-0.50875,0.007806247497998005,0.09271546644228074,0.060000000000000026,0.3433137983394777,-1.2993580952334622,27.069827186165213,0.6931528579518431,-0.8,0.0,4.398905580520294,0.0,-0.572575766886684,-0.4748956233200319,8,8,40,1.6127838567197355,Cad_40ppm_2.xlsx
2.8191562966089525,0.3446686419094078,-0.51375,0.006959705453537534,0.15875281780122535,0.060000000000000026,0.1299806338554623,-1.3805397210229056,22.17104803235929,0.5459602239536356,-0.8,0.0,3.732131478182721,0.0,-0.5238567954009381,-0.6914223616999698,8,8,40,1.6127838567197355,Cad_40ppm_20.xlsx
2.7876270817460456,0.3805300317295067,-0.51125,0.007806247497998005,0.16062025547853448,0.060000000000000026,0.08428253199061653,-1.4047914571693074,22.136188098773438,0.3833882952442705,-0.8,0.0,3.738027040919916,0.0,-0.5297371967058222,-0.6890305930880976,8,8,40,1.6127838567197355,Cad_40ppm_21.xlsx
2.7778566132756204,0.36371235643125877,-0.51375,0.008569568250501312,0.15600044880609545,0.060000000000000026,0.14531259886344952,-1.4153141057127634,22.018064168560596,0.4712913861585621,-0.8,0.0,3.7316302858698616,0.0,-0.5429608405107508,-0.665467015772607,8,8,40,1.6127838567197355,Cad_40ppm_22.xlsx
2.8101237033910573,0.4013892473608065,-0.51,0.007071067811865481,0.16082725090458017,0.060000000000000026,0.09892690148679517,-1.3161283682147564,22.077396008603884,0.5197599591610684,-0.8,0.0,3.7292932615886563,0.0,-0.5453722617736423,-0.6477909802709095,8,8,40,1.6127838567197355,Cad_40ppm_23.xlsx
2.5939271061327673,0.250675182400358,-0.50875,0.005994789404140905,0.1429476703335127,0.060000000000000026,0.19700504789467638,-1.4120464155557488,22.211243595274162,0.5095837781127225,-0.7987500000000001,0.0033071891388307415,3.744696306839468,0.0,-0.5254784374437851,-0.6747398100485348,8,8,40,1.6127838567197355,Cad_40ppm_24.xlsx
2.7135389388528215,0.21012907409663867,-0.5125,0.006614378277661483,0.1551938879556265,0.060000000000000026,0.0886137491615124,-1.3928511483924715,22.027446882756124,0.6614522757844258,-0.7987500000000001,0.0033071891388307415,3.706107172525164,0.0,-0.5288037361165494,-0.6815232280732576,8,8,40,1.6127838567197355,Cad_40ppm_25.xlsx
2.726645855772011,0.3291841678694319,-0.5125,0.006614378277661483,0.1570932307020188,0.060000000000000026,0.08373451167404604,-1.3788824427647959,21.67888151235569,0.409664515401519,-0.8,0.0,3.690342298909906,0.0,-0.5498268700903308,-0.6406309927925317,8,8,40,1.6127838567197355,Cad_40ppm_26.xlsx
2.721954158080817,0.34045949232658484,-0.51,0.007071067811865481,0.1553481303024879,0.060000000000000026,0.10575878748332822,-1.2797112741787413,21.903282002994214,0.7600994070999316,-0.8,0.0,3.7176340159588754,0.0,-0.5494044203581395,-0.6398581145732807,8,8,40,1.6127838567197355,Cad_40ppm_27.xlsx
2.687178497582977,0.38210300712741796,-0.51125,0.007806247497998005,0.15373989289971027,0.060000000000000026,0.07649175741674792,-1.3070384894660596,22.356949319606777,0.8124994445284022,-0.8,0.0,3.755696187858498,0.0,-0.544206477213391,-0.6505969280474726,8,8,40,1.6127838567197355,Cad_40ppm_28.xlsx
2.471932784090922,0.36642792640241617,-0.51125,0.005994789404140905,0.1324229365304826,0.060000000000000026,0.2358840602143327,-1.2891658233915781,22.120372085515864,0.6539173392055186,-0.8,0.0,3.726509427365894,0.0,-0.5384430568605383,-0.653752054577807,8,8,40,1.6127838567197355,Cad_40ppm_29.xlsx
2.2387482458874515,0.30211641737799316,-0.5075000000000001,0.008291561975888507,0.11336513359217035,0.060000000000000026,0.37527441252808913,-1.2156569077288715,25.66603651859667,0.6060494047650791,-0.8,0.0,4.168153193599659,0.0,-0.5562656310665401,-0.5014386929155893,8,8,40,1.6127838567197355,Cad_40ppm_3.xlsx
2.6317072153318954,0.3054679271595576,-0.51125,0.009270248108869587,0.14672233612860602,0.060000000000000026,0.10693752124285412,-1.3940709059542815,21.812115611886714,0.4819174435962455,-0.8,0.0,3.6852661986359148,0.0,-0.546715447611626,-0.6348072487483694,8,8,40,1.6127838567197355,Cad_40ppm_30.xlsx
2.548371461219345,0.24655584149378668,-0.51,0.007071067811865481,0.14023780088455878,0.060000000000000026,0.16783755158362645,-1.4145309996622057,21.31018359668109,0.5159123498703315,-0.8,0.0,3.6224292974136025,0.0,-0.5486513374982296,-0.6569125525880983,8,8,40,1.6127838567197355,Cad_40ppm_31.xlsx
2.375025606998572,0.3190297995057247,-0.5125,0.006614378277661482,0.13349497581367128,0.060000000000000026,0.14376666281602002,-1.3242181541512115,21.314045958441547,0.6421015469389779,-0.7987500000000001,0.0033071891388307415,3.6282465979224403,0.0,-0.5452990929575944,-0.6550435557010987,8,8,40,1.6127838567197355,Cad_40ppm_32.xlsx
2.349960006565661,0.2905111316724164,-0.5137499999999999,0.0048412291827592754,0.13313126827651375,0.050000000000000044,0.15238896573492383,-1.3729496265758145,21.96522750339104,0.7972991897391223,-0.8,0.0,3.6993122209574327,0.0,-0.5261769907540403,-0.6765195541538755,8,8,40,1.6127838567197355,Cad_40ppm_33.xlsx
2.174092397438681,0.24162385186743776,-0.51625,0.0048412291827592754,0.12190744943993363,0.060000000000000026,0.16239143961003627,-1.4114190995233824,22.050746035263337,0.6400552330228568,-0.8,0.0,3.736000188828375,0.0,-0.53315198987044,-0.693222233897896,8,8,40,1.6127838567197355,Cad_40ppm_34.xlsx
2.140208672294382,0.30024824806258826,-0.5125,0.006614378277661482,0.11153253732431398,0.060000000000000026,0.2990674777858666,-1.4295785251397881,22.058551744769105,0.6246954828769905,-0.7987500000000001,0.0033071891388307415,3.7100989179049435,0.0,-0.5450162672783196,-0.6466422379144023,8,8,40,1.6127838567197355,Cad_40ppm_35.xlsx
2.1329520286075185,0.23646786048621682,-0.51125,0.007806247497998005,0.1163172314339821,0.060000000000000026,0.2003785396232487,-1.4467579175192937,21.548777736634193,0.5729100621450174,-0.7987500000000001,0.0033071891388307415,3.6590649860098323,0.0,-0.5468357982659116,-0.6532516120512641,8,8,40,1.6127838567197355,Cad_40ppm_36.xlsx
2.204279185317477,0.33890930788148077,-0.5225000000000001,0.03733296130767019,0.10823184880717848,0.060000000000000026,0.36109924395398385,-1.1477183463735985,22.03754603032106,0.8649500332183768,-0.8,0.0,3.7249925483597606,0.0,-0.5478466797017092,-0.6527995508512744,8,8,40,1.6127838567197355,Cad_40ppm_37.xlsx
1.2632484301226672,0.35639749436392104,-0.54125,0.04621620386834037,0.06045652363077096,0.050000000000000044,0.4004340548644577,-0.5767290937501924,26.629400202272716,1.9794434264295313,-0.8,0.0,4.360301557302672,0.0,-0.48830695099710436,-0.7064753557478706,8,8,40,1.6127838567197355,Cad_40ppm_38.xlsx
1.516513523412716,0.13279256358866037,-0.515,0.0050000000000000044,0.08148452554743815,0.050000000000000044,0.2591949918558343,-1.332135740403639,22.902945029365068,0.767833721276119,-0.8,0.0,3.86266314773936,0.0,-0.5508682137742638,-0.6338830515025755,8,8,40,1.6127838567197355,Cad_40ppm_39.xlsx
2.434753160281401,0.18462945296042413,-0.50875,0.007806247497998005,0.12525568162644207,0.060000000000000026,0.2943361964405627,-1.3646961981540295,25.04981061423159,0.7080980652445845,-0.8,0.0,4.103788242801139,0.0,-0.5486946687367433,-0.5490890356696438,8,8,40,1.6127838567197355,Cad_40ppm_4.xlsx
1.4507891800866015,0.27699738383464306,-0.5175000000000001,0.004330127018922197,0.07205581092063487,0.050000000000000044,0.39451136097078254,-1.2919842056835356,22.755721172763337,0.6525939375702057,-0.8,0.0,3.8455221001966113,0.0,-0.5388678440920849,-0.6597182867429721,8,8,40,1.6127838567197355,Cad_40ppm_40.xlsx
1.5473049330447446,0.1779669764609032,-0.5137499999999999,0.0048412291827592754,0.0830426551592707,0.050000000000000044,0.24381157488712196,-1.2817562623060315,22.44147870138888,0.6758005512287262,-0.7987500000000001,0.0033071891388307415,3.798212903181731,0.0,-0.5515257419355855,-0.6422333959446744,8,8,40,1.6127838567197355,Cad_40ppm_41.xlsx
1.4301313029942402,0.33666972290368263,-0.51125,0.007806247497998005,0.07344308563311644,0.06000000000000005,0.3117259054290447,-1.0221302068408435,22.723254905519475,0.51971848476592,-0.8,0.0,3.8116326923834807,0.0,-0.5397438430711771,-0.6459868367747212,8,8,40,1.6127838567197355,Cad_40ppm_42.xlsx
1.5361876895382438,0.36682330079000314,-0.5275000000000001,0.03596873642484539,0.07565267162770453,0.050000000000000044,0.306883311235017,-1.1772854268112278,22.86470489062048,0.5812807515250049,-0.8,0.0,3.8392958639375925,0.0,-0.553737697700623,-0.6113222060756544,8,8,40,1.6127838567197355,Cad_40ppm_43.xlsx
1.334102740728731,0.17845657154116282,-0.5125,0.008291561975888507,0.06539824101695488,0.050000000000000044,0.4489959354569283,-1.173159215622234,22.79617905214645,0.6240630569028428,-0.8,0.0,3.7971034961373578,0.0,-0.5430318785981137,-0.6200584173513429,8,8,40,1.6127838567197355,Cad_40ppm_44.xlsx
1.4307516806277358,0.2706175326870753,-0.5262500000000001,0.03603383826349893,0.07431150801605428,0.050000000000000044,0.2540186699877915,-1.1930894136955599,22.227963224170264,0.6759826819743852,-0.8,0.0,3.718333387275977,0.0,-0.5407874887520004,-0.6343947698038084,8,8,40,1.6127838567197355,Cad_40ppm_45.xlsx
1.6142670493867368,0.3166756105031999,-0.52625,0.03637908052713812,0.07988936690548289,0.050000000000000044,0.3537182924842851,-1.229898167495068,21.751825809469686,0.746556447121871,-0.7987500000000001,0.0033071891388307415,3.6758943294263187,0.0,-0.5539466293774978,-0.6182195504052584,8,8,40,1.6127838567197355,Cad_40ppm_46.xlsx
1.4113455589466284,0.11271868316142335,-0.51375,0.008569568250501314,0.07409475737878753,0.04500000000000004,0.29887237553793794,-1.2875316885929942,21.998975328228703,0.6111602806162287,-0.8,0.0,3.7092761004761026,0.0,-0.5517127195082849,-0.6384026190874591,8,8,40,1.6127838567197355,Cad_40ppm_47.xlsx
1.2407789560606193,0.398496631826636,-0.5225,0.03799671038392666,0.06012287331493511,0.04333333333333337,0.4794829715742349,-0.9635115331764916,22.785713735299414,0.8205467284318229,-0.8,0.0,3.8180654416548547,0.0,-0.541728455893656,-0.6378102670379249,8,8,40,1.6127838567197355,Cad_40ppm_48.xlsx
1.1573537755411403,0.23732307312489853,-0.54125,0.04621620386834037,0.05518182785407614,0.060000000000000026,0.3837813811284125,-1.0522315696488964,22.574081215981234,0.6360007965267358,-0.8,0.0,3.7972478814368715,0.0,-0.535553000396427,-0.6424342708681908,8,8,40,1.6127838567197355,Cad_40ppm_49.xlsx
2.4622317017676987,0.23221558233416378,-0.5137499999999999,0.006959705453537534,0.13236643221284247,0.060000000000000026,0.2229082086781625,-1.4201265637080103,24.39290651823592,0.8012196815917064,-0.7987500000000001,0.0033071891388307415,4.013393549513802,0.0,-0.5115396410080388,-0.6483975152043813,8,8,40,1.6127838567197355,Cad_40ppm_5.xlsx
1.3337578997474906,0.34072301018620055,-0.5237499999999999,0.03705991770093398,0.06663021137626231,0.050000000000000044,0.32627064059758787,-1.2531885001089464,22.259832633080798,0.6628953449411937,-0.8,0.0,3.7623806291320374,0.0,-0.5552560808067442,-0.6180029122066298,8,8,40,1.6127838567197355,Cad_40ppm_50.xlsx
2.5818124430375313,0.30024779131055523,-0.51125,0.005994789404140905,0.1423687006863268,0.060000000000000026,0.19721425004367302,-1.4000025108196374,24.280742821861466,0.6594001996371324,-0.8,0.0,4.02537888646952,0.0,-0.533591023699848,-0.6319782797917989,8,8,40,1.6127838567197355,Cad_40ppm_6.xlsx
2.604673926118339,0.32815853092787184,-0.5125,0.006614378277661483,0.14339506158441462,0.060000000000000026,0.19299536510458537,-1.3921377202498761,23.971761498809514,0.5392946552228579,-0.8,0.0,3.967715299911979,0.0,-0.5198184348042967,-0.6433976710190081,8,8,40,1.6127838567197355,Cad_40ppm_7.xlsx
2.746893955230887,0.35157001607006705,-0.5125000000000001,0.006614378277661482,0.16126681322456554,0.060000000000000026,0.04924781524058577,-1.3283191676775457,23.39076886087661,0.5087309362728589,-0.8,0.0,3.8906684734540957,0.0,-0.515391506864389,-0.6692732349283634,8,8,40,1.6127838567197355,Cad_40ppm_8.xlsx
3.0364945544372373,0.2710558991184311,-0.5075000000000001,0.008291561975888507,0.1688772895741329,0.060000000000000026,0.11748855035153785,-1.3127430371559228,22.965733098845586,0.6205162505676323,-0.7987500000000001,0.0033071891388307415,3.86085551664322,0.0,-0.5417021459515474,-0.6352046891286436,8,8,40,1.6127838567197355,Cad_40ppm_9.xlsx
4.208350205303021,0.7516621333942646,-0.61375,0.006959705453537534,0.283722024399889,0.060000000000000026,-0.6698925065467919,0.14785077132317537,41.16789891190476,3.048261886880887,-0.8,0.0,4.947031202161436,0.0,-0.026399612162004357,0.7077707110463836,8,8,60,1.7853298350107671,Cad_60ppm_1.xlsx
6.5624572909090775,0.813091276204668,-0.62,0.0,0.24434343659740024,0.060000000000000026,0.9052402897357413,-0.12934026565029594,48.62422277413419,1.4523764480391257,-0.8,0.0,3.9375692075829756,0.0,1.391804256347122,3.729240348697661,8,8,60,1.7853298350107671,Cad_60ppm_10.xlsx
7.234993847979794,0.6828276216029735,-0.62,0.0,0.28021956549747307,0.060000000000000026,0.8192930348702414,-0.4344674999003895,50.59523351509738,1.3043587691769516,-0.8,0.0,4.0067057730390525,0.0,1.4948451990842888,4.085955217082777,8,8,60,1.7853298350107671,Cad_60ppm_11.xlsx
6.989991090187582,0.6332582940752829,-0.62,0.0,0.26168805851226334,0.060000000000000026,0.8730645804718543,-0.31389844273676715,49.975694736489885,1.0130089273999938,-0.8,0.0,4.042400961070618,0.0,1.413817980763032,3.8161776541307093,8,8,60,1.7853298350107671,Cad_60ppm_12.xlsx
6.564980519444443,0.7360612654599863,-0.62,0.0,0.22453091684577794,0.060000000000000026,1.0670628009056726,0.16560584216569169,48.21524429558078,1.1027698544004723,-0.8,0.0,4.024604901545366,0.0,1.3049706229978826,3.516745305473268,8,8,60,1.7853298350107671,Cad_60ppm_13.xlsx
6.485651081818177,0.7614633488234531,-0.62,0.0,0.23991994561940694,0.060000000000000026,0.9195382917086578,-0.1905440298102149,48.67379119619406,1.4567746483098405,-0.8,0.0,4.021326602284543,0.0,1.3327804207042382,3.4290327655880617,8,8,60,1.7853298350107671,Cad_60ppm_14.xlsx
6.0874085857142735,0.8113181414838142,-0.62,0.0,0.22180812468217706,0.060000000000000026,0.9785075648663395,-0.03223586434645226,49.396499905952375,1.0162507350556396,-0.8,0.0,4.039312570458154,0.0,1.376845674987614,3.508320451580193,8,8,60,1.7853298350107671,Cad_60ppm_15.xlsx
5.656049266197687,0.6500856229217421,-0.62,0.0,0.2155322675770187,0.060000000000000026,0.8694723754687874,-0.3364981130057713,48.410140711525955,0.9590805711934597,-0.8,0.0,3.9876308789943193,0.0,1.3329938129623597,3.333354765171198,8,8,60,1.7853298350107671,Cad_60ppm_16.xlsx
5.477421238023072,0.7994304020892441,-0.62,0.0,0.20144522593325934,0.060000000000000026,0.9507812024390936,-0.10143837392945682,48.64680557420634,0.8424241307685232,-0.8,0.0,4.00159407443164,0.0,1.3551522767329065,3.352416227667887,8,8,60,1.7853298350107671,Cad_60ppm_17.xlsx
5.442845666053387,0.6838114381660961,-0.62,0.0,0.19299939462103025,0.060000000000000026,1.0115157994252861,0.054545696065556426,47.76479652696608,0.5211572702751236,-0.8,0.0,3.937100987260375,0.0,1.3333693896044845,3.33850663518264,8,8,60,1.7853298350107671,Cad_60ppm_18.xlsx
5.2156530269119745,0.5406566007163901,-0.62,0.0,0.18791804393362097,0.060000000000000026,1.0109171001386044,0.14818252417597866,46.60856558205266,0.9177901830491032,-0.8,0.0,3.905943370403051,0.0,1.279161369022272,3.195790910980393,8,8,60,1.7853298350107671,Cad_60ppm_19.xlsx
2.902979087950937,0.476149217822687,-0.51875,0.009270248108869587,0.19323787606204765,0.07333333333333332,-0.24444763030218616,-1.0873687515607915,19.732436870941548,0.8563535355481864,-0.7962500000000001,0.006959705453537534,3.3617284879411082,0.0,-0.7427158692563461,0.02651377269800148,8,8,60,1.7853298350107671,Cad_60ppm_2.xlsx
4.5039474814574145,0.7328078910334364,-0.62,0.0,0.16240377029779732,0.060000000000000026,0.94828838611112,0.1551313975954025,44.5870801227453,0.8843748517193272,-0.8,0.0,3.836802967725381,0.0,1.1763268642917375,2.950579208855589,8,8,60,1.7853298350107671,Cad_60ppm_20.xlsx
4.266885390115425,0.8679447915425091,-0.62,0.0,0.15811515983098617,0.060000000000000026,0.9528481651046318,0.04380334367685035,42.92279146217531,0.7106471959274456,-0.8,0.0,3.8268034559367807,0.0,1.0398779493691304,2.6573321364069593,8,8,60,1.7853298350107671,Cad_60ppm_21.xlsx
4.025066335678208,0.9736338717791708,-0.6187499999999999,0.0033071891388307415,0.1507186384940466,0.060000000000000026,0.9578595653384421,0.1355025247880109,41.68764536580086,0.9613976939773787,-0.8,0.0,3.764062523668472,0.0,0.9837496069063757,2.485397891440189,8,8,60,1.7853298350107671,Cad_60ppm_22.xlsx
4.291567713492073,0.7137523533540544,-0.62,0.0,0.14689166179401136,0.060000000000000026,1.0391560946320948,0.5519440977870036,41.99912579945885,1.2711290184445936,-0.8,0.0,3.756163422373739,0.0,1.0170651921705536,2.5834251764217253,8,8,60,1.7853298350107671,Cad_60ppm_23.xlsx
4.603194479184705,0.9116780133659295,-0.62,0.0,0.1660190744089099,0.060000000000000026,0.9960180581452571,0.5848158569831572,42.414163204238804,0.8271254074333702,-0.8,0.0,3.762998481338837,0.0,1.039578499112843,2.5837359598240814,8,8,60,1.7853298350107671,Cad_60ppm_24.xlsx
4.042542314177492,0.5276540532975431,-0.62,0.0,0.1513317357638877,0.060000000000000026,0.912234667703505,0.1834402291149701,42.728273264267656,1.337789569625234,-0.8,0.0,3.7872885711097597,0.0,1.0518157800304708,2.687198674158255,8,8,60,1.7853298350107671,Cad_60ppm_25.xlsx
4.2292895869408405,0.7727342003908887,-0.62,0.0,0.1475262563163774,0.060000000000000026,1.0521137607478759,0.21739694814280408,43.614429295851345,0.7313286309392543,-0.8,0.0,3.79133407205177,0.0,1.1246011520022559,2.854787338728495,8,8,60,1.7853298350107671,Cad_60ppm_26.xlsx
4.178613514502151,0.7253329699587451,-0.62,0.0,0.1475596010885623,0.060000000000000026,1.0536904662716315,0.4729356924177935,44.23436586814572,0.9604066659484631,-0.8,0.0,3.7852634096742444,0.0,1.1701818221085494,2.937420398974859,8,8,60,1.7853298350107671,Cad_60ppm_27.xlsx
4.170654024062063,0.7377721418873363,-0.62,0.0,0.13340525427380961,0.060000000000000026,1.1394870681345908,0.4137777500868982,43.15564901920993,0.968411010855453,-0.8,0.0,3.7879163662755246,0.0,1.0829827544561315,2.7567826837635674,8,8,60,1.7853298350107671,Cad_60ppm_28.xlsx
3.763415677128426,0.8506563493604564,-0.62,0.0,0.13635168891774777,0.060000000000000026,0.9922768248072895,0.24785290834111579,43.86128418015872,1.0236045405977785,-0.8,0.0,3.7984302196953488,0.0,1.1448761766736884,2.88919089458994,8,8,60,1.7853298350107671,Cad_60ppm_29.xlsx
2.0844143072150154,0.31649599614460106,-0.52,0.0050000000000000044,0.12625312659054755,0.06799999999999999,0.006080700882729259,-1.1825866010418222,20.789605516089456,1.3095069327692166,-0.7987500000000001,0.0033071891388307415,3.309878519933262,0.0,-0.6275314141954891,-0.07109808380702815,8,8,60,1.7853298350107671,Cad_60ppm_3.xlsx
3.8249955647546967,0.7847458160685338,-0.62,0.0,0.135499451420454,0.060000000000000026,1.022890293188556,0.1452367622262848,42.67242885173157,1.1081347233621093,-0.8,0.0,3.7498707884494964,0.0,1.064549273031971,2.6823747745113597,8,8,60,1.7853298350107671,Cad_60ppm_30.xlsx
3.9793031690836917,0.6159163359517733,-0.62,0.0,0.16063913483784134,0.060000000000000026,0.7763098352067763,0.29477804715729994,42.77613727518036,1.1069407341365827,-0.8,0.0,3.7632103137539703,0.0,1.093279488586193,2.7543363253396187,8,8,60,1.7853298350107671,Cad_60ppm_31.xlsx
4.30280465919913,0.6710958798218722,-0.62,0.0,0.1658420853791471,0.060000000000000026,0.8198646666464313,0.11726326341139948,43.8638186763528,0.9827192293212897,-0.8,0.0,3.8109906834174807,0.0,1.1426779760921568,2.850687692086544,8,8,60,1.7853298350107671,Cad_60ppm_32.xlsx
3.9241932363997045,0.6969731013778826,-0.6187499999999999,0.0033071891388307415,0.15652756370923396,0.060000000000000026,0.8541047674478184,0.5124811568186701,42.27820106049782,0.8697809963729745,-0.8,0.0,3.7804979482373753,0.0,1.037477296835825,2.6061452199207933,8,8,60,1.7853298350107671,Cad_60ppm_33.xlsx
3.7051010341269937,0.9095805960926578,-0.62,0.0,0.13755117365512248,0.060000000000000026,0.8769415759252532,0.37737633933650444,41.833210679906195,0.5641564034815466,-0.8,0.0,3.733580043669555,0.0,1.0213167616335463,2.518130912834555,8,8,60,1.7853298350107671,Cad_60ppm_34.xlsx
3.351868579112566,0.6968398451071645,-0.62,0.0,0.11346052837247494,0.060000000000000026,1.1219038533806214,0.3936500899129973,41.75926772025612,0.7238334928446809,-0.8,0.0,3.7903036988658925,0.0,0.9723672346721935,2.454785427285109,8,8,60,1.7853298350107671,Cad_60ppm_35.xlsx
3.4769982754689863,0.5683927159716812,-0.62,0.0,0.13357474585461737,0.060000000000000026,0.8854336417601391,0.1933675717894699,40.9034657372655,0.9293444693737617,-0.8,0.0,3.7243031072505426,0.0,0.9585300773071769,2.3466947633621014,8,8,60,1.7853298350107671,Cad_60ppm_36.xlsx
3.2517398364358034,0.9260275812271279,-0.62,0.0,0.11989631540620493,0.060000000000000026,0.8987630677401971,0.45328253175808836,40.53763786982322,0.9848471426238563,-0.8,0.0,3.7044136328254886,0.0,0.9341639515972234,2.3220840018553535,8,8,60,1.7853298350107671,Cad_60ppm_37.xlsx
3.321526268109677,0.6835121132975857,-0.62,0.0,0.12636523721356452,0.060000000000000026,0.8590934149896324,0.23651956745102445,39.738391142099545,1.0592397450888886,-0.8,0.0,3.692429042992787,0.0,0.8740936090193059,2.141489344502817,8,8,60,1.7853298350107671,Cad_60ppm_38.xlsx
3.4535342853896123,0.5611741525696065,-0.62,0.0,0.13097577294642837,0.060000000000000026,0.9414262272095302,0.27261447523203786,39.49680655970417,1.1436916159105832,-0.8,0.0,3.6960271282956367,0.0,0.8533877770177576,2.1545258925911095,8,8,60,1.7853298350107671,Cad_60ppm_39.xlsx
1.3361411040404216,0.2192340654089989,-0.535,0.03316624790355399,0.07238940431764088,0.05250000000000005,0.25316685599946454,-0.899665690574855,23.239959973899698,0.8029451739209212,-0.8,0.0,3.379928549271014,0.0,-0.5157819964790927,0.06193672896533553,8,8,60,1.7853298350107671,Cad_60ppm_4.xlsx
2.8923984121572865,0.7411927748466258,-0.62,0.0,0.10916425444029518,0.060000000000000026,0.8740016117139044,0.4072965341266018,39.26918591796536,0.970673170160155,-0.8,0.0,3.6468847777353917,0.0,0.86020965743048,2.1956294004264256,8,8,60,1.7853298350107671,Cad_60ppm_40.xlsx
3.0507327293650848,0.47272716364474177,-0.62,0.0,0.10863170359704181,0.060000000000000026,1.0707484694389242,0.6263730610177847,39.273742106709946,1.2982903171554248,-0.8,0.0,3.624462996500724,0.0,0.8760969984075234,2.2202273532551517,8,8,60,1.7853298350107671,Cad_60ppm_41.xlsx
3.6223225957431433,0.7118455746441358,-0.6187499999999999,0.0033071891388307415,0.13831665237247373,0.060000000000000026,0.9319107633595332,0.3877067472904855,41.71010196706348,1.04183987607428,-0.8,0.0,3.704353370972224,0.0,1.032176166917326,2.5811319438355147,8,8,60,1.7853298350107671,Cad_60ppm_42.xlsx
4.085340963852822,0.7219874302598968,-0.62,0.0,0.14603226033982597,0.060000000000000026,1.0209000216307609,0.3962670175306339,42.83347903519119,0.460381996637169,-0.8,0.0,3.750145425923072,0.0,1.1117179315641565,2.7403006457583183,8,8,60,1.7853298350107671,Cad_60ppm_43.xlsx
3.4089304582611932,0.6777615889967343,-0.62,0.0,0.13384431456511497,0.060000000000000026,0.8416483544891709,0.07574263823589839,42.40343389274891,0.6942034826193527,-0.8,0.0,3.807238608092534,0.0,1.0103941669352174,2.448985739519853,8,8,60,1.7853298350107671,Cad_60ppm_44.xlsx
3.224512246645017,0.7072264447699564,-0.6187499999999999,0.0033071891388307415,0.13095942492694734,0.060000000000000026,0.7475536231210167,0.18064611328220864,41.30432393073592,0.6489644495859109,-0.8,0.0,3.7561852542734506,0.0,0.9746975659767698,2.3686210481274714,8,8,60,1.7853298350107671,Cad_60ppm_45.xlsx
2.990353975000001,0.8154415185292225,-0.62,0.0,0.10374652808676002,0.060000000000000026,1.0324380416949896,0.4469546254441431,40.1488634476551,0.8915357661916782,-0.8,0.0,3.7821398840375196,0.0,0.8432171403999418,2.061071102186721,8,8,60,1.7853298350107671,Cad_60ppm_46.xlsx
2.852007289718626,0.6647307988167394,-0.62,0.0,0.10513343734866493,0.060000000000000026,0.827341233395515,0.8138186935922789,39.02591613701298,0.8953098794754942,-0.8,0.0,3.6670066890310276,0.0,0.8296285705327605,1.991730380661917,8,8,60,1.7853298350107671,Cad_60ppm_47.xlsx
2.8731816606421425,0.7527508982871058,-0.62,0.0,0.1014229054078279,0.060000000000000026,0.948296546158079,0.6436655724971987,38.62855132929292,0.9852710605288212,-0.8,0.0,3.699838390196972,0.0,0.7705605459896137,1.849792236914408,8,8,60,1.7853298350107671,Cad_60ppm_48.xlsx
2.4920558218975577,0.4965208697647108,-0.6187499999999999,0.0033071891388307415,0.09225739415873077,0.060000000000000026,1.0534196612541706,0.736595236712318,37.76146386877704,1.0605857635666973,-0.8,0.0,3.642797102449045,0.0,0.7392248703316975,1.7946166446293017,8,8,60,1.7853298350107671,Cad_60ppm_49.xlsx
1.3266710509740438,0.38766820580625233,-0.54375,0.04442338910979215,0.06631553175342789,0.050000000000000044,0.23757388274023042,-0.2060533509266579,24.68969133066377,1.2719899364838265,-0.8,0.0,3.38699878486959,0.0,-0.39465265401096744,0.10659994716908705,8,8,60,1.7853298350107671,Cad_60ppm_5.xlsx
4.922725185245303,1.3095149673509363,-0.62,0.0,0.2133558752588364,0.060000000000000026,0.6405836257549891,-0.6382709028156023,38.21831590862192,1.924082186326678,-0.8,0.0,4.315380233310788,0.0,0.29742443329592455,0.3829337836144937,8,8,60,1.7853298350107671,Cad_60ppm_50.xlsx
9.635577056818173,2.450057054743846,-0.62,0.0,0.46874409764880737,0.060000000000000026,0.4217254934721265,-0.9168876459473827,66.80529142914861,14.969159443848088,-0.8,0.0,5.2837879770678216,0.0,1.4633189371634225,2.3101595767256553,8,8,60,1.7853298350107671,Cad_60ppm_6.xlsx
4.434724129184696,0.893659576955836,-0.62,0.0,0.17862074107737946,0.060000000000000026,0.7834599489642249,-0.11092536713996692,41.823186315620475,1.2544495431313654,-0.8,0.0,3.8376663288434356,0.0,0.9814840866343575,1.9418597953999042,8,8,60,1.7853298350107671,Cad_60ppm_7.xlsx
4.273412942027411,0.5908212142390805,-0.62,0.0,0.17446849475450774,0.060000000000000026,0.6851957583933128,-0.12830690346219698,40.18414671480879,3.167477921384445,-0.8,0.0,3.6825817547075244,0.0,0.9310145144583721,2.2065417480952623,8,8,60,1.7853298350107671,Cad_60ppm_8.xlsx
5.697784489862905,0.46613145815397644,-0.62,0.0,0.21998471161020713,0.060000000000000026,0.8450652590397547,-0.27030647625962306,46.21567664195526,1.321605404092863,-0.8,0.0,3.876783753487557,0.0,1.2734598061148215,3.2990213107152733,8,8,60,1.7853298350107671,Cad_60ppm_9.xlsx
2.0260154518759155,0.18025783307753437,-0.51875,0.005994789404140905,0.11110623929833938,0.05500000000000005,0.19447601016998162,-1.223813204543255,43.632723815070335,1.5835385893927623,-0.8,0.0,6.546865258817595,0.0,-0.409969293860936,-0.23443491762363483,8,8,80,1.9084850188786497,Cad_LS_80ppm_01.xlsx
3.1185890312770637,0.526427752783006,-0.5175000000000001,0.004330127018922197,0.17854834125667202,0.05333333333333338,0.15808704401792592,-1.1979828895129045,46.71754638890691,1.417688437565888,-0.8,0.0,6.732849950264882,0.0,-0.2975986503854443,-0.19071957176684118,8,8,80,1.9084850188786497,Cad_LS_80ppm_02.xlsx
3.8473287367965607,0.4502121166980148,-0.515,0.007071067811865481,0.23669271408369294,0.06000000000000005,-0.05575772801927143,-1.3097966078252745,46.20689219585136,1.2214786843281868,-0.8,0.0,6.68927027003355,0.0,-0.29468892304052685,-0.21694560748917535,8,8,80,1.9084850188786497,Cad_LS_80ppm_03.xlsx
4.047107377056281,0.8056807257272205,-0.5175000000000001,0.006614378277661483,0.2607747066715344,0.06999999999999995,-0.27905610908961787,-0.859923757540431,48.23512882898628,1.6124369246150074,-0.78,0.027838821814150136,7.464016110349839,0.0,-0.17263667642380132,-0.6001375555934284,8,8,80,1.9084850188786497,Cad_LS_80ppm_04.xlsx
4.426532867460329,0.4311147688153319,-0.5137499999999999,0.008569568250501312,0.2643272432407993,0.060000000000000026,0.02527465983365032,-1.205869203165189,54.64680287436867,1.377731820870593,-0.8,0.0,7.506377679796087,0.0,-0.08238575540867046,-0.1817978007318331,8,8,80,1.9084850188786497,Cad_LS_80ppm_05.xlsx
4.161700954617626,0.5131838390429218,-0.5162500000000001,0.0048412291827592754,0.2569221184381293,0.060000000000000026,-0.0572823420041948,-1.2786927410404374,54.44867907866159,1.9381267249776004,-0.79125,0.009270248108869587,7.66172788015404,0.0,-0.003941392642628357,-0.36737432968273737,8,8,80,1.9084850188786497,Cad_LS_80ppm_06.xlsx
4.365629768434357,1.09133395920887,-0.5162500000000001,0.0048412291827592754,0.26784719770977433,0.050000000000000044,-0.055947592626185746,-1.1038297416237843,54.97473395052306,1.9411270306284754,-0.77875,0.009270248108869587,8.167305894724207,0.0,-0.012288510891523252,-0.5870336656109112,8,8,80,1.9084850188786497,Cad_LS_80ppm_07.xlsx
5.6001459469696995,0.6849519635928767,-0.50375,0.006959705453537534,0.31277975999152063,0.060000000000000026,0.16637728274461283,-1.216341827563583,57.38586234289319,4.2924441515107095,-0.8,0.0,8.160496911702202,0.0,-0.2902896261415687,-0.18659342041919508,8,8,80,1.9084850188786497,Cad_LS_80ppm_08.xlsx
5.969914127308811,0.383539754752796,-0.505,0.0050000000000000044,0.3273239218672419,0.060000000000000026,0.1667700827044617,-1.3415126383980933,52.02306203508296,2.0675521060526294,-0.8,0.0,7.784217853566651,0.0,-0.37540981006507324,-0.2786801065291381,8,8,80,1.9084850188786497,Cad_LS_80ppm_09.xlsx
6.116574298340571,0.6296112412360746,-0.5025,0.004330127018922197,0.3461282569756477,0.060000000000000026,0.11694898396405438,-1.2820520231233823,51.376988145779194,1.8470013588832077,-0.8,0.0,7.757865315342351,0.0,-0.34100763923758165,-0.3319219007185847,8,8,80,1.9084850188786497,Cad_LS_80ppm_10.xlsx
5.710211602020212,0.30659346027215256,-0.50875,0.005994789404140905,0.32969154979328785,0.060000000000000026,0.0910153172297465,-1.4141635860405581,52.8421096234668,1.589749889051717,-0.8,0.0,7.544071143598577,0.0,-0.30448246461485173,-0.1633065730919434,8,8,80,1.9084850188786497,Cad_LS_80ppm_11.xlsx
5.968097710858602,0.3095105945909598,-0.5062500000000001,0.0048412291827592754,0.34794444775613065,0.060000000000000026,0.053659509143578865,-1.3802435468421754,55.08075037128425,0.6969724408815348,-0.8,0.0,7.790024856494769,0.0,-0.18562546118916137,-0.22637353651053344,8,8,80,1.9084850188786497,Cad_LS_80ppm_12.xlsx
6.100218348196268,0.5117251227523169,-0.5037499999999999,0.0048412291827592754,0.34173543744498414,0.060000000000000026,0.14746321764424464,-1.338394172034179,56.75814017301586,0.8269465659305608,-0.7987500000000001,0.0033071891388307415,7.9734037706056125,0.0,-0.1417270772601037,-0.22023934670627549,8,8,80,1.9084850188786497,Cad_LS_80ppm_13.xlsx
8.7886104770202,1.3070912703582147,-0.50125,0.0033071891388307415,0.4647880134581508,0.060000000000000026,0.22469790793625377,-1.2650387389439253,55.480404520652925,4.401957943362071,-0.7875000000000001,0.004330127018922197,8.321013504663421,0.0,-0.14148769539816686,-0.5684185136729774,8,8,80,1.9084850188786497,Cad_LS_80ppm_14.xlsx
7.029930502272734,0.2522862432137425,-0.505,0.0050000000000000044,0.40709243028048114,0.060000000000000026,0.08427530668522043,-1.3337321307288705,51.063221431439366,0.8516329726565013,-0.79,0.0,7.662655239500543,0.0,-0.18892858889749237,-0.44416783078587285,8,8,80,1.9084850188786497,Cad_LS_80ppm_15.xlsx
6.519015384090916,0.5632827712578611,-0.5062500000000001,0.0048412291827592754,0.38517835381980314,0.060000000000000026,0.05825841750876152,-1.389008084557084,49.83105871594515,0.7188958372657726,-0.79625,0.0048412291827592754,7.363506273419735,0.0,-0.19421414176194038,-0.3670609978343595,8,8,80,1.9084850188786497,Cad_LS_80ppm_16.xlsx
6.4440918196609145,0.45929272741677973,-0.5062500000000001,0.0048412291827592754,0.361140481988815,0.060000000000000026,0.14854157550684144,-1.387276316064508,53.21152280445526,0.9742980369956953,-0.7975000000000001,0.004330127018922197,7.696308720552491,0.0,-0.1591316912941007,-0.3110164860537559,8,8,80,1.9084850188786497,Cad_LS_80ppm_17.xlsx
7.928484429292947,3.022603507979509,-0.505,0.0050000000000000044,0.4392095824677115,0.060000000000000026,0.12727208755324693,-1.362403056724259,49.95433630660172,5.781717296290627,-0.795,0.0050000000000000044,7.901071341257217,0.0,-0.320802541825302,-0.5137656880371986,8,8,80,1.9084850188786497,Cad_LS_80ppm_18.xlsx
6.4135595552308935,0.642462115116165,-0.5075000000000001,0.004330127018922197,0.36925984695742975,0.060000000000000026,0.08555698513969492,-1.345287555841778,46.51670595573591,0.5416534865751987,-0.79375,0.0048412291827592754,7.153935646226824,0.0,-0.2900518576014741,-0.44816653616915386,8,8,80,1.9084850188786497,Cad_LS_80ppm_19.xlsx
6.381231407034637,0.4845867631628108,-0.50625,0.006959705453537534,0.37123575498033695,0.060000000000000026,0.07102988601517835,-1.366504796137633,46.79859729188309,0.6739567277277322,-0.7975000000000001,0.004330127018922197,7.128018033313223,0.0,-0.29186760772652603,-0.4060698375041307,8,8,80,1.9084850188786497,Cad_LS_80ppm_20.xlsx
6.480462409054851,0.712002671642891,-0.50625,0.006959705453537534,0.3799106546488083,0.060000000000000026,0.04906332520033781,-1.3585446987397336,47.60886452175322,0.8896815290801862,-0.7987500000000001,0.0033071891388307415,7.127529011029492,0.0,-0.29027960950199394,-0.3520589686367808,8,8,80,1.9084850188786497,Cad_LS_80ppm_21.xlsx
6.092102956673886,0.45757836402751445,-0.5062500000000001,0.0048412291827592754,0.3579648907718234,0.060000000000000026,0.05861938771086368,-1.3654128743438951,49.08667014498555,0.846090221683723,-0.8,0.0,7.199198226655844,0.0,-0.2543510313095587,-0.34370653605450585,8,8,80,1.9084850188786497,Cad_LS_80ppm_22.xlsx
7.768982283044749,1.5272976808355292,-0.505,0.007071067811865481,0.42649374936399537,0.060000000000000026,0.14173469073215966,-1.3184055068536649,48.93284014251441,3.325843700201276,-0.79,0.0,7.658511324616885,0.0,-0.26141980882503957,-0.5866533590103522,8,8,80,1.9084850188786497,Cad_LS_80ppm_23.xlsx
7.051904352525258,0.6174809987546309,-0.505,0.0050000000000000044,0.4084334100891036,0.060000000000000026,0.05700685689761019,-1.2518508820138818,46.209957841323934,0.6835606913662867,-0.79125,0.0033071891388307415,7.152848568057361,0.0,-0.28457950571000534,-0.49523197896252324,8,8,80,1.9084850188786497,Cad_LS_80ppm_24.xlsx
6.715637742171734,0.6166144062297771,-0.51,0.007071067811865481,0.3853791891919175,0.060000000000000026,0.10547910287150622,-1.3672774564959482,46.45724772772364,0.5704279708618937,-0.7962500000000001,0.0048412291827592754,7.124398861142407,0.0,-0.2717182908222686,-0.4786343837425353,8,8,80,1.9084850188786497,Cad_LS_80ppm_25.xlsx
6.492990430050515,0.7802326339079807,-0.5062500000000001,0.006959705453537534,0.3747878235131657,0.060000000000000026,0.08415841309271599,-1.3333002556579467,49.28521888759016,0.5483060920933566,-0.7975000000000001,0.004330127018922197,7.383511581860751,0.0,-0.23619002834160652,-0.41783333056017624,8,8,80,1.9084850188786497,Cad_LS_80ppm_26.xlsx
7.353432597474761,0.5922585337602255,-0.5037499999999999,0.0048412291827592754,0.4230896621168814,0.060000000000000026,0.08722597922659682,-1.3245391418476515,49.72720725853173,0.5484778087150275,-0.795,0.0050000000000000044,7.448309360141958,0.0,-0.20680820102234004,-0.43458063769805244,8,8,80,1.9084850188786497,Cad_LS_80ppm_27.xlsx
7.028156542424243,0.5628498474790796,-0.505,0.0050000000000000044,0.4098335559148608,0.060000000000000026,0.06740304963427482,-1.3628252057185772,50.23541450680011,0.4585386295803438,-0.795,0.0050000000000000044,7.558895050650975,0.0,-0.21992830251231385,-0.42828779702546926,8,8,80,1.9084850188786497,Cad_LS_80ppm_28.xlsx
7.2139925528138695,0.7091435848286479,-0.505,0.0050000000000000044,0.3944976810046878,0.060000000000000026,0.1790604373469743,-1.2314682901223306,52.12497657947328,0.4968178073327519,-0.79625,0.0048412291827592754,7.7311043286084065,0.0,-0.18705930337750387,-0.3941279261371953,8,8,80,1.9084850188786497,Cad_LS_80ppm_29.xlsx
8.94451712121213,2.42006003686817,-0.5,0.0,0.43957649621825223,0.060000000000000026,0.32600849090471634,-1.160314341309597,52.02153108450576,5.929623394430677,-0.7875,0.008291561975888507,8.14494464484461,0.0,-0.23081738717575814,-0.6934787526221788,8,8,80,1.9084850188786497,Cad_LS_80ppm_30.xlsx
7.083491721969709,0.6867932803762911,-0.5025,0.004330127018922197,0.37762262279924075,0.060000000000000026,0.23770648283664064,-1.304522475292011,47.08123468614717,1.2661760614633462,-0.79125,0.0033071891388307415,7.3532807617169915,0.0,-0.29626315593561703,-0.5345563230365051,8,8,80,1.9084850188786497,Cad_LS_80ppm_31.xlsx
6.792921224206365,0.65002556246264,-0.505,0.0050000000000000044,0.38230795311940696,0.060000000000000026,0.14551664034772976,-1.3521327837564345,45.80456896975108,0.36582618221867724,-0.795,0.0050000000000000044,7.142784572489811,0.0,-0.31048774506701665,-0.5138847311376046,8,8,80,1.9084850188786497,Cad_LS_80ppm_32.xlsx
7.003890127020211,0.597143958199008,-0.50375,0.0048412291827592754,0.3936077081358208,0.060000000000000026,0.11066099701452543,-1.3306377262589604,45.78422368414499,0.37379195201993604,-0.79375,0.0048412291827592754,7.08632472916838,0.0,-0.3037661089845266,-0.46862007772919956,8,8,80,1.9084850188786497,Cad_LS_80ppm_33.xlsx
6.754825664141409,0.6549929242265254,-0.505,0.0050000000000000044,0.36838013937084857,0.060000000000000026,0.19731007475396634,-1.3131662094518526,49.04564706064212,0.7001565845933164,-0.79125,0.0033071891388307415,7.491289041194989,0.0,-0.2412308618508859,-0.5047746271353383,8,8,80,1.9084850188786497,Cad_LS_80ppm_34.xlsx
7.01654868308081,0.6575018818978643,-0.5037499999999999,0.0048412291827592754,0.38946959666684516,0.060000000000000026,0.16426664329418317,-1.3216542374953737,49.28503800752162,0.46777374217356693,-0.7925,0.004330127018922197,7.487460214457883,0.0,-0.23556571880771718,-0.4770457736993967,8,8,80,1.9084850188786497,Cad_LS_80ppm_35.xlsx
7.163807584090919,0.6147436009782322,-0.505,0.0050000000000000044,0.3991005862925671,0.060000000000000026,0.15586710223969388,-1.275251162808667,50.14064084471498,0.4347281155075623,-0.79125,0.0033071891388307415,7.589968581395832,0.0,-0.21402121817952505,-0.4841151790254123,8,8,80,1.9084850188786497,Cad_LS_80ppm_36.xlsx
7.033926738888907,0.776510817188469,-0.505,0.0050000000000000044,0.3829586435411237,0.060000000000000026,0.19153959090010772,-1.3090163757656978,50.17606579278497,0.5410337016525849,-0.7925,0.004330127018922197,7.567757168518581,0.0,-0.21174916155510992,-0.4698285868564135,8,8,80,1.9084850188786497,Cad_LS_80ppm_37.xlsx
7.8432386125902065,0.48719540411815937,-0.50125,0.0033071891388307415,0.4104401525339092,0.060000000000000026,0.28508592355753165,-1.2433935072282263,53.39179047548699,1.4942732226580053,-0.7875000000000001,0.004330127018922197,8.104548127827293,0.0,-0.15837655325467132,-0.6135576140390835,8,8,80,1.9084850188786497,Cad_LS_80ppm_38.xlsx
8.099844860173171,0.36864668944586315,-0.50125,0.0033071891388307415,0.40434651639808633,0.060000000000000026,0.34865235333139266,-1.2411106370546348,53.57557045863994,1.7365607891236756,-0.78625,0.0048412291827592754,8.185819028122836,0.0,-0.16390442222974433,-0.6596431364886153,8,8,80,1.9084850188786497,Cad_LS_80ppm_39.xlsx
7.7468016532106985,0.6138579866282067,-0.50125,0.0033071891388307415,0.38198934709144866,0.060000000000000026,0.38833225232480184,-1.1640945169256167,51.45198186848843,0.8098205181315039,-0.7887500000000001,0.0033071891388307415,7.876744918192912,0.0,-0.18350602852802247,-0.6364104653163931,8,8,80,1.9084850188786497,Cad_LS_80ppm_40.xlsx
7.256371501226571,0.7371820431799498,-0.505,0.0050000000000000044,0.3909291989375884,0.060000000000000026,0.21176738115766974,-1.2896645521907204,49.1538493861652,0.5109486352669997,-0.79,0.0,7.552682144440567,0.0,-0.21958129995348852,-0.599346863922242,8,8,80,1.9084850188786497,Cad_LS_80ppm_41.xlsx
7.073480872691211,0.6610630193678007,-0.50375,0.0048412291827592754,0.3744022556729779,0.060000000000000026,0.23983592635972065,-1.2658008384377966,48.54402382880589,0.33028038166620133,-0.79,0.0,7.4469547313220605,0.0,-0.22701659742051777,-0.5783078743635504,8,8,80,1.9084850188786497,Cad_LS_80ppm_42.xlsx
7.028203490404041,0.5255141690894705,-0.50375,0.0048412291827592754,0.38023427729725634,0.060000000000000026,0.18835911735780414,-1.312422030645362,49.090709584613975,0.4588479826809113,-0.79,0.0,7.526438703087393,0.0,-0.22002728113448022,-0.5953102480135541,8,8,80,1.9084850188786497,Cad_LS_80ppm_43.xlsx
7.270813304798002,0.46713472250700555,-0.50125,0.0033071891388307415,0.3578684535162323,0.060000000000000026,0.39145789027867095,-1.2003965484688601,50.88352354662695,1.9030835528888677,-0.7875000000000001,0.004330127018922197,7.881548869459326,0.0,-0.20314400694467571,-0.6741600443195082,8,8,80,1.9084850188786497,Cad_LS_80ppm_44.xlsx
6.889352164213571,0.3479344340904431,-0.5025,0.004330127018922197,0.34921176818957245,0.060000000000000026,0.36078960354553224,-1.2123661250910533,48.94257790391412,2.1932037589895375,-0.7887500000000001,0.0033071891388307415,7.637968015593348,0.0,-0.24213104055177623,-0.6563683911942444,8,8,80,1.9084850188786497,Cad_LS_80ppm_45.xlsx
6.443364373015883,0.7420042095482692,-0.505,0.0050000000000000044,0.34214867928968073,0.060000000000000026,0.24181140142401925,-1.2723759637885865,45.915998750992046,0.5279332955482205,-0.79125,0.0033071891388307415,7.211861734000724,0.0,-0.29324956644867356,-0.5709467207154695,8,8,80,1.9084850188786497,Cad_LS_80ppm_46.xlsx
6.449932667207808,0.4507051205844274,-0.505,0.0050000000000000044,0.3381874195012614,0.060000000000000026,0.2774666014037275,-1.3502332726622954,46.77043286354616,0.8521938322646517,-0.79125,0.0033071891388307415,7.302784577173522,0.0,-0.27156210069694764,-0.5897696004602926,8,8,80,1.9084850188786497,Cad_LS_80ppm_47.xlsx
6.3891398328282945,0.5025579388633453,-0.5062500000000001,0.0048412291827592754,0.3584948119045798,0.060000000000000026,0.1643970370556342,-1.3501863458061343,45.419071316468234,0.37225090586896525,-0.79375,0.0048412291827592754,7.093774369515693,0.0,-0.2930891571124664,-0.5686447959748564,8,8,80,1.9084850188786497,Cad_LS_80ppm_48.xlsx
6.3806597684343656,0.5917158686271264,-0.5037499999999999,0.0048412291827592754,0.3332007500928913,0.060000000000000026,0.2936043569992231,-1.2599856294692304,46.91326961107501,1.3352556570872764,-0.79,0.0050000000000000044,7.311623024468435,0.0,-0.2586914392300281,-0.6176831024557389,8,8,80,1.9084850188786497,Cad_LS_80ppm_49.xlsx
6.436829366883131,0.7227348987671425,-0.50625,0.0048412291827592754,0.33396851763582114,0.060000000000000026,0.2889518196387624,-1.3432056369954417,45.62497757316016,0.7674176547740121,-0.79125,0.0033071891388307415,7.118079175524983,0.0,-0.2826655612106517,-0.5894740853414663,8,8,80,1.9084850188786497,Cad_LS_80ppm_50.xlsx
4.427296904437238,0.3673340587088616,-0.5162500000000001,0.0048412291827592754,0.26334013741991164,0.06000000000000005,0.04198851925918305,-1.336593820694457,39.314138061273425,0.742002362093574,-0.8,0.0,6.07633352144291,0.0,-0.579133033974187,-0.14762020389633496,8,8,100,2.0043213737826426,Cad_LS_100ppm_01.xlsx
4.468627838167403,0.6370603093949351,-0.51375,0.008569568250501314,0.2649501929724011,0.06,0.0606477460633254,-1.3056354881913803,36.25119647806636,0.6925467234912661,-0.8,0.0,5.839449782093075,0.0,-0.66242171615319,-0.10699137748444726,8,8,100,2.0043213737826426,Cad_LS_100ppm_02.xlsx
4.816771059884573,0.47448926905183375,-0.515,0.007071067811865481,0.2909500514893564,0.060000000000000026,-0.013174104560880164,-1.3346565961342596,38.24529821367242,1.1733487749739624,-0.8,0.0,6.007645531418471,0.0,-0.6095819426493708,-0.1453508239514607,8,8,100,2.0043213737826426,Cad_LS_100ppm_03.xlsx
5.07304700555557,0.5931273094414038,-0.51375,0.006959705453537534,0.30179143388708346,0.060000000000000026,0.03157546480011663,-1.3226715818293715,39.41939885777416,0.7989285568666015,-0.8,0.0,6.170621306254601,0.0,-0.6008304527395278,-0.15064428983187483,8,8,100,2.0043213737826426,Cad_LS_100ppm_04.xlsx
5.467876686760472,0.43012081188970624,-0.51625,0.0048412291827592754,0.3326649822150051,0.060000000000000026,-0.017368557302807015,-1.3018544209904621,40.02413905456348,0.7110858203202981,-0.8,0.0,6.234308428272098,0.0,-0.5962552094948532,-0.14881260701684185,8,8,100,2.0043213737826426,Cad_LS_100ppm_05.xlsx
5.475904720707091,0.4608407322702583,-0.5162500000000001,0.0048412291827592754,0.32893681042802897,0.060000000000000026,0.009096609893767565,-1.3520588506328046,40.46014247662336,0.6300581372201977,-0.8,0.0,6.259442469832794,0.0,-0.5806629669096248,-0.1527811941743642,8,8,100,2.0043213737826426,Cad_LS_100ppm_06.xlsx
5.544543853751819,0.441489109715873,-0.51625,0.0048412291827592754,0.3386321325950562,0.060000000000000026,-0.024070532291408687,-1.3462519544063212,39.7157762299603,0.7266960194366665,-0.8,0.0,6.218899420653769,0.0,-0.6092465210037542,-0.1209870205823767,8,8,100,2.0043213737826426,Cad_LS_100ppm_07.xlsx
5.41403880310246,0.5100749694218154,-0.51125,0.007806247497998005,0.3273399000992048,0.060000000000000026,-0.007835943645849212,-1.3453103650795875,43.18344186619767,0.7835778357018908,-0.8,0.0,6.5088919371327565,0.0,-0.5261527694670716,-0.12801160211594287,8,8,100,2.0043213737826426,Cad_LS_100ppm_08.xlsx
5.614301700144324,0.5082795925951133,-0.51375,0.006959705453537534,0.33544123645292095,0.060000000000000026,0.018484551406201623,-1.3661834624938636,43.15800109399349,0.6816449677845485,-0.8,0.0,6.526978587113186,0.0,-0.5351489054048674,-0.15372621942444709,8,8,100,2.0043213737826426,Cad_LS_100ppm_09.xlsx
5.538244541702749,0.6827727533840865,-0.5125000000000001,0.006614378277661482,0.33581036661056807,0.060000000000000026,-0.012982935742213434,-1.360264855976595,43.01207882049061,0.5321033936337811,-0.8,0.0,6.508579341762086,0.0,-0.5613983080641229,-0.08189891557829482,8,8,100,2.0043213737826426,Cad_LS_100ppm_10.xlsx
5.820566560425695,0.5091946155547021,-0.51125,0.009270248108869587,0.34602748633044567,0.060000000000000026,0.02624061796846087,-1.3736145396348514,44.51522730461759,0.641891959696057,-0.8,0.0,6.6349636640501455,0.0,-0.5074486486914613,-0.12060366873527223,8,8,100,2.0043213737826426,Cad_LS_100ppm_11.xlsx
5.417217008441571,0.5733717371151622,-0.51125,0.007806247497998005,0.32792824348232186,0.060000000000000026,-0.03860617424923099,-1.341937047682847,41.704194400631295,1.5220048991009392,-0.8,0.0,6.546665795963655,0.0,-0.5733422334658789,-0.18886129871776142,8,8,100,2.0043213737826426,Cad_LS_100ppm_12.xlsx
4.989953837229451,0.3535087226918762,-0.515,0.0050000000000000044,0.2963168845211022,0.060000000000000026,0.04347172345605087,-1.372032903131466,39.00319779076477,0.7521835429631044,-0.8,0.0,6.22921005934524,0.0,-0.6403960510124771,-0.15919430219898578,8,8,100,2.0043213737826426,Cad_LS_100ppm_13.xlsx
5.351818788961052,0.5011746212217988,-0.51625,0.0048412291827592754,0.3245916761661236,0.060000000000000026,-0.00790131532196204,-1.3091594289416886,37.68313051742422,0.8785500831722465,-0.8,0.0,6.07799052044679,0.0,-0.648060097215764,-0.1611434648291481,8,8,100,2.0043213737826426,Cad_LS_100ppm_14.xlsx
5.23348823870852,0.5493535784652499,-0.51375,0.006959705453537534,0.3139869948405457,0.060000000000000026,-0.00763788009931006,-1.377207630303774,37.722581249278484,0.6155942824875377,-0.8,0.0,6.089944641789684,0.0,-0.6572616465119532,-0.12867410700858084,8,8,100,2.0043213737826426,Cad_LS_100ppm_15.xlsx
5.524278608152967,0.5375361537024779,-0.515,0.0050000000000000044,0.3363553690622276,0.060000000000000026,-0.026263099171995638,-1.342931972786886,38.736757530717874,0.8271529826497985,-0.8,0.0,6.190942744118958,0.0,-0.6474005728375439,-0.11865164765379849,8,8,100,2.0043213737826426,Cad_LS_100ppm_16.xlsx
4.404494689466112,0.5753135276483298,-0.51625,0.0048412291827592754,0.2676659857656917,0.06000000000000005,-0.007940643058927693,-1.2211432287446877,36.70874829310965,1.5137201263704578,-0.8,0.0,5.999953633793109,0.0,-0.6500101973640704,-0.18823290519200686,8,8,100,2.0043213737826426,Cad_LS_100ppm_17.xlsx
4.2160884856421506,0.4239437354468161,-0.51625,0.006959705453537534,0.25018913100162177,0.05500000000000005,0.05019026552845063,-1.2918445940600436,34.356477707828276,0.6213322015711721,-0.8,0.0,5.7099011251740635,0.0,-0.7010430221900295,-0.11631886298167798,8,8,100,2.0043213737826426,Cad_LS_100ppm_18.xlsx
4.370589517748921,0.4819374003218873,-0.5175000000000001,0.004330127018922197,0.2744730951123717,0.050000000000000044,-0.09680892492759903,-1.1957512186470427,32.740449822961736,0.716600664587955,-0.8,0.0,5.547282053308351,0.0,-0.7288006154830821,-0.09398736687098552,8,8,100,2.0043213737826426,Cad_LS_100ppm_19.xlsx
4.556815769913436,0.38593150949294835,-0.5162500000000001,0.0048412291827592754,0.2757981728400057,0.050000000000000044,-0.01427871279709813,-1.3617239177925256,33.05671038645381,0.7200500440625263,-0.8,0.0,5.582176286845328,0.0,-0.7298405787704771,-0.08384000004711611,8,8,100,2.0043213737826426,Cad_LS_100ppm_20.xlsx
4.440839947763355,0.5651826542855569,-0.515,0.007071067811865481,0.26852715025216245,0.060000000000000026,-0.018394284897316676,-1.3859206360441372,34.40085303315295,0.6915928243531019,-0.8,0.0,5.669899045866163,0.0,-0.6991541875834493,-0.11765442154873157,8,8,100,2.0043213737826426,Cad_LS_100ppm_21.xlsx
4.873289798845617,0.4059966599564324,-0.51625,0.006959705453537534,0.29080978628950094,0.060000000000000026,0.024959496990150144,-1.3130902225234546,34.20611609709595,0.8457222967588806,-0.8,0.0,5.710502081498468,0.0,-0.7187071230870232,-0.11042344730485498,8,8,100,2.0043213737826426,Cad_LS_100ppm_22.xlsx
4.999744570707076,0.40145525157807943,-0.5162500000000001,0.0048412291827592754,0.2989915921805537,0.060000000000000026,0.013661964734857989,-1.3778964332376573,34.81908118492062,0.7769588674695234,-0.8,0.0,5.72084699102327,0.0,-0.6895850331955853,-0.11971091041424908,8,8,100,2.0043213737826426,Cad_LS_100ppm_23.xlsx
4.8664783393939475,0.4121595668290027,-0.5175000000000001,0.004330127018922197,0.2928276630968598,0.060000000000000026,0.008877229330519164,-1.3586326598597305,34.62917995853173,0.7591287057843746,-0.8,0.0,5.701053338962213,0.0,-0.6942495197691111,-0.14290948427645667,8,8,100,2.0043213737826426,Cad_LS_100ppm_24.xlsx
4.986367154870144,0.45045127221366954,-0.5162500000000001,0.0048412291827592754,0.3018697809758283,0.060000000000000026,0.007105931537219997,-1.3520215577442662,35.468098438437934,0.8377533479184959,-0.8,0.0,5.775161960000812,0.0,-0.672915521755802,-0.13709704998038608,8,8,100,2.0043213737826426,Cad_LS_100ppm_25.xlsx
4.724035297077938,0.3858656751663448,-0.5162500000000001,0.0048412291827592754,0.28077666900414716,0.060000000000000026,0.02648619509414827,-1.3561680449132032,35.93239136280662,0.6790730004412727,-0.8,0.0,5.846165746830989,0.0,-0.6766664287054214,-0.13010605633702949,8,8,100,2.0043213737826426,Cad_LS_100ppm_26.xlsx
4.858848259704196,0.6813075405102613,-0.515,0.007071067811865481,0.29300237599963763,0.060000000000000026,-0.005786879732918776,-1.3717959278517449,35.49324572272725,0.8884153718792817,-0.8,0.0,5.789616282243147,0.0,-0.68016060432262,-0.13088022373272035,8,8,100,2.0043213737826426,Cad_LS_100ppm_27.xlsx
5.0123697129509495,0.47121244302459236,-0.51875,0.0033071891388307415,0.29338798815692446,0.060000000000000026,0.07071883896017542,-1.3759250321647047,34.892474545670986,0.7083872796550592,-0.8,0.0,5.730028469051589,0.0,-0.6850867032314739,-0.14217108747718532,8,8,100,2.0043213737826426,Cad_LS_100ppm_28.xlsx
4.795756270346342,0.5376329167890599,-0.5125,0.006614378277661483,0.2876745338051936,0.060000000000000026,0.014523779610449428,-1.376394507373492,35.58950173264788,0.5385372330357943,-0.8,0.0,5.788355871026695,0.0,-0.6720733160673769,-0.1357380814123475,8,8,100,2.0043213737826426,Cad_LS_100ppm_29.xlsx
4.871749984668121,0.5385353508517744,-0.5125,0.008291561975888507,0.28632333233423346,0.060000000000000026,0.04625682999269808,-1.3093856866807103,34.96773973876262,0.7674699751231775,-0.8,0.0,5.732524817333064,0.0,-0.6954133353957208,-0.10121096698338772,8,8,100,2.0043213737826426,Cad_LS_100ppm_30.xlsx
4.951441368326123,0.560229932794626,-0.51375,0.006959705453537534,0.2972588535532086,0.060000000000000026,-0.01463214416399954,-1.243548651426524,34.543959759271274,0.7339202645194143,-0.8,0.0,5.669707782076479,0.0,-0.6989324371534918,-0.11037324441605312,8,8,100,2.0043213737826426,Cad_LS_100ppm_31.xlsx
4.833739535245334,0.5533478471081675,-0.51625,0.0048412291827592754,0.2930856679462472,0.060000000000000026,-0.024748765421386536,-1.3867285622756895,34.29580911134559,0.7272346773928728,-0.8,0.0,5.633398598341181,0.0,-0.6919036814641437,-0.1365306139949799,8,8,100,2.0043213737826426,Cad_LS_100ppm_32.xlsx
4.75928495400435,0.5823408496174663,-0.5125000000000001,0.006614378277661482,0.27796002692225724,0.060000000000000026,0.05905952079240169,-1.3494328725854234,35.108871211868674,0.7109717638127703,-0.8,0.0,5.705533324600291,0.0,-0.6889266909437529,-0.09490157512930208,8,8,100,2.0043213737826426,Cad_LS_100ppm_33.xlsx
4.805082189502166,0.3744986293737522,-0.51375,0.006959705453537534,0.2837739855467151,0.060000000000000026,0.05918386825535696,-1.3396808497619763,34.862085363365786,0.6117412417034693,-0.8,0.0,5.70887840238483,0.0,-0.6813568638887344,-0.13765468023138594,8,8,100,2.0043213737826426,Cad_LS_100ppm_34.xlsx
4.675150800072163,0.5437019758482307,-0.515,0.0050000000000000044,0.27305221908495536,0.050000000000000044,0.08357498012032288,-1.3290810682870982,35.77284275212842,0.7270486650847453,-0.8,0.0,5.79494865794138,0.0,-0.6619751834027148,-0.1528633362290282,8,8,100,2.0043213737826426,Cad_LS_100ppm_35.xlsx
4.270313203679658,0.8126638575028683,-0.5125000000000001,0.008291561975888507,0.2535373356385259,0.06000000000000002,0.05084075329698197,-1.2184459541886667,35.96627830966809,0.6799413270770744,-0.8,0.0,5.862499079876445,0.0,-0.6440632032729441,-0.18899828499812088,8,8,100,2.0043213737826426,Cad_LS_100ppm_36.xlsx
3.5768142392135776,0.5314185282081454,-0.5162500000000001,0.0048412291827592754,0.20663661312121098,0.050000000000000044,0.12156461240312104,-1.2641254512077396,34.12375554475106,0.6529741278262572,-0.8,0.0,5.696997310952112,0.0,-0.6808274345002303,-0.17696577673080177,8,8,100,2.0043213737826426,Cad_LS_100ppm_37.xlsx
2.996405528318916,0.6533692042173025,-0.5175000000000001,0.004330127018922197,0.18439364884036608,0.06000000000000002,-0.047491002959601486,-0.9501729155784611,33.62437835541124,1.0667771319090873,-0.8,0.0,5.656132330082253,0.0,-0.6993179615227954,-0.1534386436323864,8,8,100,2.0043213737826426,Cad_LS_100ppm_38.xlsx
3.024297988239555,0.5819384890909916,-0.5175000000000001,0.004330127018922197,0.17632773272474644,0.05333333333333338,0.16485260855363565,-1.1360157896057506,32.011447880465354,0.6540094820570563,-0.8,0.0,5.426409684492516,0.0,-0.7181304344647852,-0.14497173221436238,8,8,100,2.0043213737826426,Cad_LS_100ppm_39.xlsx
2.8349802117604668,0.6418306551207041,-0.5175000000000001,0.006614378277661483,0.16267302045328083,0.05750000000000005,0.16454978855339883,-1.1921375282332314,31.755079040674588,0.8007903845371561,-0.8,0.0,5.370634008980068,0.0,-0.7189978241460995,-0.1307023513827063,8,8,100,2.0043213737826426,Cad_LS_100ppm_40.xlsx
3.0011253995671057,0.681643742535319,-0.5162500000000001,0.006959705453537534,0.1771193957595581,0.05666666666666672,0.013360476968980697,-0.9506558219967801,31.274891056313123,0.44988046673746546,-0.8,0.0,5.308966515504512,0.0,-0.7346030082946616,-0.09866657615805052,8,8,100,2.0043213737826426,Cad_LS_100ppm_41.xlsx
3.2965964682539797,0.6996684502401733,-0.51625,0.006959705453537534,0.1956575961614345,0.05750000000000005,0.013480243757807694,-0.9382264218455488,31.193758153968247,0.7099733745813619,-0.8,0.0,5.307244447837304,0.0,-0.7371011205019186,-0.11772430518822019,8,8,100,2.0043213737826426,Cad_LS_100ppm_42.xlsx
2.9383478084776424,0.44049063927749504,-0.515,0.0050000000000000044,0.17071665175053946,0.05666666666666672,0.12407841060579336,-1.2489893803042929,31.04129330975828,0.8349433006319406,-0.8,0.0,5.271739399652147,0.0,-0.7272613347908087,-0.1052622427611854,8,8,100,2.0043213737826426,Cad_LS_100ppm_43.xlsx
3.011706083766251,0.6819176292936725,-0.5162500000000001,0.0048412291827592754,0.17011872714249573,0.04500000000000004,0.20873623395132895,-1.063490452197315,31.20562461369046,0.9315009649187089,-0.8,0.0,5.301810932688223,0.0,-0.7234898765965366,-0.14067502401247162,8,8,100,2.0043213737826426,Cad_LS_100ppm_44.xlsx
3.0046984237373833,0.5850052410404507,-0.51625,0.0048412291827592754,0.17296049291341842,0.05333333333333338,0.19977503063529858,-1.1303629978000957,31.44174149411975,0.5567601417457272,-0.8,0.0,5.3174218465912695,0.0,-0.7391169214723337,-0.0838422452093962,8,8,100,2.0043213737826426,Cad_LS_100ppm_45.xlsx
3.1337745695526804,0.4614851485449462,-0.515,0.007071067811865481,0.17350890895057608,0.050000000000000044,0.18818651240035666,-1.2726117127431795,30.928110003517297,0.8252128981088955,-0.7987500000000001,0.0033071891388307415,5.243740506208603,0.0,-0.7351610768896732,-0.0937593952505048,8,8,100,2.0043213737826426,Cad_LS_100ppm_46.xlsx
2.9325426054112675,0.5425263327176946,-0.51375,0.006959705453537534,0.15836867664934975,0.050000000000000044,0.27766456100585235,-1.2512185811577687,31.579757327164486,0.6569604990396092,-0.8,0.0,5.321487410069445,0.0,-0.7438934472883411,-0.05911729034937141,8,8,100,2.0043213737826426,Cad_LS_100ppm_47.xlsx
2.332151962157309,0.6273274519053934,-0.53,0.03427827300200521,0.13781820235335426,0.050000000000000044,-0.17693555799854924,-0.42294552191950985,31.72597817581168,0.8871422316102184,-0.8,0.0,5.354479209659363,0.0,-0.7217601025764327,-0.08656752140437252,8,8,100,2.0043213737826426,Cad_LS_100ppm_48.xlsx
2.6418019130231016,0.48772590945575395,-0.515,0.007071067811865481,0.14367413021825276,0.050000000000000044,0.30360139082984794,-1.1084548189992423,29.96884638674241,0.5362306846208564,-0.8,0.0,5.1180581521478175,0.0,-0.7397419557938962,-0.10932352349139052,8,8,100,2.0043213737826426,Cad_LS_100ppm_49.xlsx
2.626237505375192,0.577163768343409,-0.52875,0.03479852726768763,0.1553944295436498,0.050000000000000044,0.04995605619162935,-0.9614406892700126,30.31720355672798,0.538607312098742,-0.8,0.0,5.159756687560517,0.0,-0.7349887619180124,-0.1034910997633689,8,8,100,2.0043213737826426,Cad_LS_100ppm_50.xlsx
3.884950704256865,0.5994836685405195,-0.51875,0.0033071891388307415,0.23391357693975262,0.06000000000000005,-0.017046362071404628,-1.2875054982703709,46.445232896753225,2.386647842434813,-0.8,0.0,7.170667163806278,0.0,-0.5376358569466398,-0.2198900698723089,8,8,200,2.303196057420489,Cad_LS_200ppm_01.xlsx
3.836120410930752,0.40032394922112013,-0.51875,0.0033071891388307415,0.23175269389249453,0.06000000000000002,0.02550819319394948,-1.2929612990064583,42.0560847648629,0.6117937663762145,-0.8,0.0,6.551939838058082,0.0,-0.6162490017365495,-0.08394991998552148,8,8,200,2.303196057420489,Cad_LS_200ppm_02.xlsx
3.3580433442640842,0.39923383842249704,-0.51875,0.0033071891388307415,0.20038977941720582,0.06000000000000002,0.04903199154774661,-1.2066954976636521,44.64961679920633,0.7168265948844367,-0.8,0.0,6.639877732930556,0.0,-0.5705399171811187,0.013628804777194858,8,8,200,2.303196057420489,Cad_LS_200ppm_03.xlsx
2.97455105021648,0.1505570525894925,-0.5175000000000001,0.004330127018922197,0.16894051005645622,0.050000000000000044,0.14084484879031853,-1.1269781783979171,48.402252886832585,0.8135195554721798,-0.8,0.0,6.952108111847765,0.0,-0.507517919364499,0.07832249536099256,8,8,200,2.303196057420489,Cad_LS_200ppm_04.xlsx
4.156024350865817,0.4555425753201438,-0.515,0.0050000000000000044,0.2403094957956328,0.060000000000000026,0.09387037937642013,-1.168263009171461,56.522730177651496,0.8130645792897865,-0.8,0.0,7.566016924622206,0.0,-0.24062285179942766,0.02248742246953772,8,8,200,2.303196057420489,Cad_LS_200ppm_05.xlsx
3.7785755119408604,1.29905522381203,-0.52,0.007071067811865481,0.2383017967987003,0.07999999999999996,-0.05153345132253201,-1.3889930018302938,41.368413729238796,2.385688016634643,-0.8,0.0,7.084767217688041,0.0,-0.7520328885667235,-0.06914314238846475,8,8,200,2.303196057420489,Cad_LS_200ppm_06.xlsx
3.6423171020202156,0.5601380502700325,-0.51875,0.0033071891388307415,0.2232204538827541,0.06333333333333335,0.0005077372289717663,-1.2164931513872093,38.52784894610388,0.5243488713588372,-0.8,0.0,6.56516460728319,0.0,-0.7459499452665654,-0.08430532575433813,8,8,200,2.303196057420489,Cad_LS_200ppm_07.xlsx
3.6952482835137426,0.5579313393539642,-0.5175000000000001,0.004330127018922197,0.227567803794011,0.06333333333333335,0.011892408681806146,-1.291544513229552,38.98934299797978,0.8672131661402636,-0.8,0.0,6.625263046186329,0.0,-0.7460158854270751,-0.08743080797230651,8,8,200,2.303196057420489,Cad_LS_200ppm_08.xlsx
4.01100973297259,0.34311857495529074,-0.51875,0.0033071891388307415,0.2467040370075735,0.05666666666666672,-0.008464251164486243,-1.190368595293405,39.28741525108224,1.0995229407876757,-0.8,0.0,6.6467982596673885,0.0,-0.7328834029727657,-0.1167672170075349,8,8,200,2.303196057420489,Cad_LS_200ppm_09.xlsx
3.6387362793290174,0.4210213548596126,-0.51875,0.005994789404140905,0.22235236293524321,0.06000000000000002,0.021391465398364326,-1.2634727902168963,38.9291310042388,0.9669705778014174,-0.8,0.0,6.590753364664593,0.0,-0.7264360557201874,-0.13137587930476313,8,8,200,2.303196057420489,Cad_LS_200ppm_10.xlsx
3.554730032503631,0.2891958141297525,-0.51875,0.007806247497998005,0.22174358157521487,0.06999999999999999,-0.04683182367571125,-1.2923904629502618,39.329143438816715,1.0602204254853451,-0.8,0.0,6.665957307757395,0.0,-0.7428970653040163,-0.09171410645832523,8,8,200,2.303196057420489,Cad_LS_200ppm_11.xlsx
3.423337172655139,0.32283070041600376,-0.5225000000000001,0.006614378277661482,0.225362166905301,0.07249999999999995,-0.17280103999505517,-1.2198915772430774,38.93206416911975,1.185518004370744,-0.8,0.0,6.618205355657107,0.0,-0.7371125459107204,-0.09809030632579302,8,8,200,2.303196057420489,Cad_LS_200ppm_12.xlsx
4.311327785497852,0.5399042255553816,-0.5162500000000001,0.0048412291827592754,0.2498532299356045,0.05666666666666672,0.1028102395673485,-1.364221299891689,37.95725560586217,0.6941945959045034,-0.8,0.0,6.369198001089195,0.0,-0.7151447271964868,-0.14538611481286756,8,8,200,2.303196057420489,Cad_LS_200ppm_13.xlsx
3.8821698839105414,0.45495578989097496,-0.5175000000000001,0.004330127018922197,0.23141684735930484,0.05666666666666668,0.06744136115335957,-1.250862003143335,38.68778807135641,0.6460751848211012,-0.8,0.0,6.5746935629579735,0.0,-0.7218758665498077,-0.14731111332733365,8,8,200,2.303196057420489,Cad_LS_200ppm_14.xlsx
4.040162678066407,0.4194151402271758,-0.5162500000000001,0.0048412291827592754,0.25050150954707656,0.06000000000000005,-0.06623494226044585,-1.184824773607748,39.16961494603173,0.9293608678874655,-0.8,0.0,6.612651329179116,0.0,-0.7110329446539054,-0.1538856827814052,8,8,200,2.303196057420489,Cad_LS_200ppm_15.xlsx
3.429444505158747,0.3686089443109428,-0.52,0.0050000000000000044,0.20983995976064027,0.06000000000000002,0.0046343204560893025,-1.3031124717271576,38.44207966452019,1.1937006539926271,-0.8,0.0,6.521749150872026,0.0,-0.7263671892564937,-0.14183715282065013,8,8,200,2.303196057420489,Cad_LS_200ppm_16.xlsx
2.806470032034646,0.47624445043399527,-0.5225000000000001,0.006614378277661482,0.17913189265962987,0.07333333333333329,-0.18869246246274993,-0.9161218125018336,38.12827079336218,1.0829597795695003,-0.8,0.0,6.4454885123149355,0.0,-0.7391184477776643,-0.0984210323638891,8,8,200,2.303196057420489,Cad_LS_200ppm_17.xlsx
2.8333794988816727,0.782573638921525,-0.52875,0.013635890143294655,0.20788302732340985,0.0925,-0.7613433412536988,0.4148983168149081,38.174393081331154,1.2459628393255349,-0.8,0.0,6.499531371700307,0.0,-0.7544659357902032,-0.05784802680694434,8,8,200,2.303196057420489,Cad_LS_200ppm_18.xlsx
2.848723915981245,0.4999097344338342,-0.525,0.012247448713915901,0.19372232231024328,0.07666666666666666,-0.41632112585764636,-0.40573366878092,36.85658072209594,0.7034829458618067,-0.8,0.0,6.284521859414593,0.0,-0.7566688504937874,-0.06322817956891646,8,8,200,2.303196057420489,Cad_LS_200ppm_19.xlsx
3.402824544300154,0.525746996471876,-0.5175000000000001,0.008291561975888507,0.20831471214934857,0.06333333333333335,-0.01206138353979927,-1.1867262821799924,36.32306668843793,0.5954939932533332,-0.8,0.0,6.228038503156657,0.0,-0.7500408337540835,-0.09935851258124917,8,8,200,2.303196057420489,Cad_LS_200ppm_20.xlsx
3.1819559298340607,0.4517538805972747,-0.51875,0.007806247497998005,0.19213359598412466,0.06999999999999995,-0.000494708720894084,-1.2029911058755078,36.97347395916304,0.9540402579787891,-0.8,0.0,6.317093723788419,0.0,-0.7516895544056768,-0.09428112441977965,8,8,200,2.303196057420489,Cad_LS_200ppm_21.xlsx
2.76027939613999,0.5637713781124494,-0.52,0.007071067811865481,0.1690597460376969,0.06,-0.18234584578495724,-0.48298991787739626,37.08021318167386,0.8363448076943991,-0.8,0.0,6.330727511269842,0.0,-0.7466925123863768,-0.09957603875795834,8,8,200,2.303196057420489,Cad_LS_200ppm_22.xlsx
2.491762389754708,0.4784838902661758,-0.52375,0.006959705453537534,0.1730083346065997,0.08999999999999997,-0.5129922829545628,-0.47945872432756953,37.09741308528136,0.9631516572088511,-0.8,0.0,6.290844701058081,0.0,-0.7445361130724972,-0.08281359825930529,8,8,200,2.303196057420489,Cad_LS_200ppm_23.xlsx
3.1553846533910725,0.4361650072308401,-0.51875,0.0033071891388307415,0.18944582324657122,0.05333333333333338,0.055327285866643344,-1.1684992906516072,36.39090944383115,0.9529618939622633,-0.8,0.0,6.244017055428752,0.0,-0.7371379824675679,-0.1440844661712991,8,8,200,2.303196057420489,Cad_LS_200ppm_24.xlsx
2.218656045526692,0.5262459105426788,-0.5325,0.013919410907075068,0.14865558724675143,0.07,-0.39016002217220797,-0.17626831941552967,37.441202841305895,0.6470142024488952,-0.8,0.0,6.348209287147727,0.0,-0.7139438736414974,-0.15193538030395637,8,8,200,2.303196057420489,Cad_LS_200ppm_25.xlsx
3.6202533277777755,3.6518042431659725,-0.5475000000000001,0.0290473750965556,0.2946023829235188,0.07999999999999999,-0.8857272697094055,0.5574303763887412,36.612342613221486,1.0426602644098046,-0.8,0.0,6.248594963343705,0.0,-0.768791353977741,-0.0182559534181157,8,8,200,2.303196057420489,Cad_LS_200ppm_26.xlsx
2.3777482327561206,1.1459172075017796,-0.5449999999999999,0.03354101966249683,0.19299875549620904,0.08199999999999999,-1.1110851954523557,0.988209856728463,35.21512772278137,0.5934388301180533,-0.8,0.0,6.062973429824947,0.0,-0.7571982418593433,-0.0812021924656624,8,8,200,2.303196057420489,Cad_LS_200ppm_27.xlsx
2.3547543049422677,1.3193730150335286,-0.54625,0.03533323506275641,0.18685023145273852,0.094,-1.1284716846033906,1.1815465377283962,35.153252886165205,0.6805310844836374,-0.8,0.0,6.051197142880683,0.0,-0.7714720823765356,-0.04608973426540092,8,8,200,2.303196057420489,Cad_LS_200ppm_28.xlsx
1.8991911731241045,0.2843995632745357,-0.52375,0.008569568250501314,0.13754257279491136,0.07599999999999998,-0.7418490532689339,0.29446537714152343,35.3643204019841,0.819990698209506,-0.8,0.0,6.075953429295274,0.0,-0.7549985919727176,-0.08584532451795807,8,8,200,2.303196057420489,Cad_LS_200ppm_29.xlsx
3.5939121361110926,3.7075367462839046,-0.5587500000000001,0.034437443284889756,0.28840227045075484,0.08666666666666666,-0.9108418467691881,0.41441910928888653,35.85112059951297,0.7672629953828634,-0.8,0.0,6.125658707341359,0.0,-0.7644927787222213,-0.038444616607915594,8,8,200,2.303196057420489,Cad_LS_200ppm_30.xlsx
2.1072120006132886,0.35213615267359455,-0.5325,0.026339134382131833,0.1432629706937211,0.07199999999999998,-0.5097253902347264,-0.15796366178492832,34.174150682233034,0.7512760307079598,-0.8,0.0,5.873721968084327,0.0,-0.7716985022435329,-0.062009065923071593,8,8,200,2.303196057420489,Cad_LS_200ppm_31.xlsx
2.2005821380591746,0.27915686710043625,-0.52125,0.007806247497998005,0.1362890387122998,0.06400000000000002,-0.13873140147052487,-0.6036246914188953,34.1114489612554,0.8224813598490768,-0.8,0.0,5.888309837704547,0.0,-0.7576911208171876,-0.10821361818267994,8,8,200,2.303196057420489,Cad_LS_200ppm_32.xlsx
2.268546011111132,0.4221420103536668,-0.52,0.007071067811865481,0.139728456939573,0.0625,-0.07083943584871585,-0.828656888904592,34.404281527651506,0.7470747050806892,-0.8,0.0,5.894742674069356,0.0,-0.743905626374973,-0.11354331779567867,8,8,200,2.303196057420489,Cad_LS_200ppm_33.xlsx
2.067937994047629,0.3430862802766478,-0.525,0.008660254037844393,0.14758852711471718,0.0666666666666667,-0.7607466969980416,0.4084224292901095,34.68369656700936,0.7510195446211265,-0.8,0.0,5.99073522282621,0.0,-0.7527933512505847,-0.11205849581021121,8,8,200,2.303196057420489,Cad_LS_200ppm_34.xlsx
2.5606415342712756,2.0797398797007745,-0.56,0.037416573867739396,0.19678373950360512,0.07333333333333336,-0.7748717708871158,0.35918868383346014,34.3839393139971,0.5277389262340303,-0.8,0.0,5.925944774267857,0.0,-0.7724522643200756,-0.04318590727642796,8,8,200,2.303196057420489,Cad_LS_200ppm_35.xlsx
1.8060560768037819,0.6064768529726126,-0.53625,0.03199120973017431,0.11311696813365779,0.06833333333333334,-0.5618285419267341,0.6440299797212488,33.567407498394644,0.9167557044427656,-0.7987500000000001,0.0033071891388307415,5.821133048697693,0.0,-0.7571063083456717,-0.08978188319834263,8,8,200,2.303196057420489,Cad_LS_200ppm_36.xlsx
2.1237846533189186,0.44928061367092337,-0.52125,0.007806247497998005,0.13559960236724278,0.06200000000000001,-0.2639242035760258,-0.40420406173973217,34.03716472608224,0.86082561143227,-0.8,0.0,5.8319271184146855,0.0,-0.7454568073554684,-0.114074216496374,8,8,200,2.303196057420489,Cad_LS_200ppm_37.xlsx
3.1459205568903146,3.381939277422461,-0.58375,0.03038811445285804,0.2508191805223643,0.04999999999999999,-1.2587253676199552,1.1481357583221516,34.22907964182899,0.9095967701028561,-0.8,0.0,5.836820601661527,0.0,-0.7536664585996069,-0.05796837682186701,8,8,200,2.303196057420489,Cad_LS_200ppm_38.xlsx
1.6299323373015868,0.7754224849436421,-0.5525,0.03929058411375426,0.11445965485948562,0.05000000000000002,-0.7511736214934045,1.2325577960252954,33.210186720707064,0.8507937801506688,-0.8,0.0,5.739548608410717,0.0,-0.7579937799254088,-0.09221191503988585,8,8,200,2.303196057420489,Cad_LS_200ppm_39.xlsx
2.5455839046536735,2.0383759645130195,-0.56125,0.03822221212855162,0.20063934093921149,0.04333333333333337,-1.0660762311793306,1.2978732050382549,33.25392898059161,0.4902812276226977,-0.8,0.0,5.731897218032648,0.0,-0.7521487875494878,-0.09850546128870502,8,8,200,2.303196057420489,Cad_LS_200ppm_40.xlsx
2.9679152091991163,2.674945915425305,-0.5974999999999999,0.019843134832984447,0.2323187931857843,0.05333333333333331,-1.4247871546754542,1.8888529995120438,33.2794451223665,0.8945672124386133,-0.8,0.0,5.695590760479076,0.0,-0.756729980429439,-0.058281345093808445,8,8,200,2.303196057420489,Cad_LS_200ppm_41.xlsx
2.9658564481601797,2.0664678666076135,-0.60625,0.012183492931011215,0.20031426110876488,0.06999999999999995,-0.6692711262711841,0.11003117855903327,32.64578260404039,0.8418157423869458,-0.8,0.0,5.621184561007398,0.0,-0.7417766206392776,-0.10504455178597383,8,8,200,2.303196057420489,Cad_LS_200ppm_42.xlsx
1.751302916414133,1.2053559058170062,-0.595,0.023979157616563596,0.12798516933693982,0.05999999999999994,-1.080651623691061,1.0309511552188586,32.84279445903678,0.8422279866469583,-0.8,0.0,5.655183626885193,0.0,-0.7460221060770059,-0.125655004223986,8,8,200,2.303196057420489,Cad_LS_200ppm_43.xlsx
2.288837775505038,1.8516732340258337,-0.58125,0.029764702249476634,0.17827980635569812,0.05599999999999996,-1.1544064408789292,1.304801235241546,33.07695619574313,0.5432878647219369,-0.8,0.0,5.691315944385102,0.0,-0.7501661819284446,-0.107652435504285,8,8,200,2.303196057420489,Cad_LS_200ppm_44.xlsx
2.288837775505038,1.8516732340258337,-0.58125,0.029764702249476634,0.17827980635569812,0.05599999999999996,-1.1544064408789292,1.304801235241546,33.07695619574313,0.5432878647219369,-0.8,0.0,5.691315944385102,0.0,-0.7501661819284446,-0.107652435504285,8,8,200,2.303196057420489,Cad_LS_200ppm_45.xlsx
3.3844736308802306,2.7022494777375528,-0.60375,0.008569568250501312,0.2470727506338361,0.06999999999999995,-0.9252868485352005,0.47432393328884415,33.124093625937945,0.45399960620198704,-0.8,0.0,5.697586557543292,0.0,-0.7411384807932953,-0.12184362339955157,8,8,200,2.303196057420489,Cad_LS_200ppm_46.xlsx
2.0606227767676835,1.4588223144282209,-0.5549999999999999,0.04213074886588178,0.14587075965151364,0.065,-1.0155470734971024,1.1610503194954767,32.36688294338021,0.6329481160412468,-0.8,0.0,5.5864097394611285,0.0,-0.7471259031359239,-0.1271409431864352,8,8,200,2.303196057420489,Cad_LS_200ppm_47.xlsx
1.4996865211760557,0.8280086316706681,-0.575,0.040311288741492736,0.1088532812023809,0.05,-1.104013312061652,1.010373471966051,32.62044484574313,0.8961837217642449,-0.8,0.0,5.6190444204464285,0.0,-0.7368201637093348,-0.1495086373416986,8,8,200,2.303196057420489,Cad_LS_200ppm_48.xlsx
1.8253801791486426,0.5073879704156637,-0.5337500000000001,0.033517719194479795,0.11949833443506348,0.0625,-0.5722497246912519,0.30272220546743667,32.30239109523808,0.6731697785946014,-0.8,0.0,5.633605896646285,0.0,-0.76775861792743,-0.10711893305165943,8,8,200,2.303196057420489,Cad_LS_200ppm_49.xlsx
1.8337797817460437,0.3299477501999198,-0.53375,0.032763356055202884,0.12221196438185239,0.06000000000000002,-0.7244220013817213,0.712236658906964,32.867367800234476,0.9270668713209187,-0.8,0.0,5.68926987827336,0.0,-0.7592610159538018,-0.11193833447633933,8,8,200,2.303196057420489,Cad_LS_200ppm_50.xlsx
33.581479867352094,6.6283433331616575,-0.52375,0.0048412291827592754,2.613054158795811,0.060000000000000026,-0.7049135676589802,-0.899793728976545,85.91489882816552,7.900243643557286,-0.7250000000000001,0.05809475019311126,16.135206775930143,0.0,-0.6865052735250563,-0.704935458417648,8,8,400,2.603144372620182,Cad_LS_400ppm_01.xlsx
38.83223888235932,3.4124440810763264,-0.51375,0.0048412291827592754,2.7548027915497793,0.060000000000000026,-0.3846091627189737,-1.3235493239375173,76.21515860131666,5.524965239402659,-0.66,0.0,15.24989730935993,0.0,-1.0052640374702073,-0.062490451946761394,8,8,400,2.603144372620182,Cad_LS_400ppm_02.xlsx
37.87964008448773,3.5759080399070156,-0.51375,0.0048412291827592754,2.6582721244419156,0.060000000000000026,-0.3549741260382443,-1.3686973260266113,69.72047763827555,5.5144787141771845,-0.67125,0.04884605920644981,14.233715015275246,0.0,-1.1151138479714298,0.1953450993943749,8,8,400,2.603144372620182,Cad_LS_400ppm_03.xlsx
37.87964008448773,3.5759080399070156,-0.51375,0.0048412291827592754,2.6582721244419156,0.060000000000000026,-0.3549741260382443,-1.3686973260266113,69.72047763827555,5.5144787141771845,-0.67125,0.04884605920644981,14.233715015275246,0.0,-1.1151138479714298,0.1953450993943749,8,8,400,2.603144372620182,Cad_LS_400ppm_04.xlsx
39.024023250252526,2.9249002460147824,-0.5125,0.004330127018922197,2.6319595726796505,0.060000000000000026,-0.24732311553908753,-1.4420492911338203,67.35626363930369,4.814757004090663,-0.68625,0.06283659363778404,14.13187646302768,0.0,-1.2387024907988693,0.5047958003010393,8,8,400,2.603144372620182,Cad_LS_400ppm_05.xlsx
46.34875480732323,1.9293184040848297,-0.51,0.0,3.0302299738910494,0.060000000000000026,-0.1740278231204577,-1.4805713415011392,77.3451511704725,3.909814502585565,-0.6475,0.004330127018922197,15.750866651427572,0.0,-1.296480098963549,0.7782902241356582,8,8,400,2.603144372620182,Cad_LS_400ppm_06.xlsx
52.68893449419193,1.5598989779256343,-0.51,0.0,3.428886281786973,0.060000000000000026,-0.1635559969620911,-1.4882054629782433,87.63359976693714,3.1289877227451988,-0.6487499999999999,0.0033071891388307415,17.354311887680453,0.0,-1.2778617485107966,0.8421855258731977,8,8,400,2.603144372620182,Cad_LS_400ppm_07.xlsx
55.15310923383838,1.248397578404635,-0.51,0.0,3.536348883944079,0.060000000000000026,-0.1295117456806848,-1.5051261203528932,88.62137026761356,3.3143467182264454,-0.6425000000000001,0.004330127018922197,17.764362971548376,0.0,-1.3574569468241098,1.091879432504372,8,8,400,2.603144372620182,Cad_LS_400ppm_08.xlsx
10.607692498340544,6.3332487834573,-0.52125,0.024206145913796343,0.6718921058410852,0.060000000000000026,-0.0486355756070701,-0.8435629154102935,97.39314518149345,9.48020545756168,-0.7725,0.024874685927665518,15.121086243645562,0.0,-0.019005499802836407,-0.9976904688486726,8,8,400,2.603144372620182,Cad_LS_400ppm_09.xlsx
8.063707660642148,1.251850132510159,-0.505,0.0050000000000000044,0.4706373138657987,0.060000000000000026,0.0619519598447477,-1.3771275287996665,48.689075243235905,5.575413708718655,-0.8,0.0,8.0253606904265,0.0,-0.6445115631876721,-0.29410122535321637,8,8,400,2.603144372620182,Cad_LS_400ppm_10.xlsx
4.991107669985589,0.4076604249842103,-0.51625,0.0048412291827592754,0.30567961674693167,0.060000000000000026,-0.03478202835487334,-1.347173873186787,37.87573997316016,0.9516797342132359,-0.8,0.0,6.591515948705268,0.0,-0.7423103530197399,-0.19562492573021883,8,8,400,2.603144372620182,Cad_LS_400ppm_11.xlsx
4.274246103282838,0.42562595866038133,-0.5137499999999999,0.006959705453537534,0.2601769409172058,0.065,0.004164219003286097,-1.2987608502164318,36.058777957052655,0.7268999255784144,-0.8,0.0,6.289471282612826,0.0,-0.7520345368277137,-0.18407199820766118,8,8,400,2.603144372620182,Cad_LS_400ppm_12.xlsx
2.557263416558447,0.7194001275732798,-0.52875,0.018998355191963346,0.17259322189411802,0.06333333333333331,-0.5074288840134024,-0.04337218502823481,34.376705598989886,0.8575580932660715,-0.7987500000000001,0.0033071891388307415,5.9894457203317115,0.0,-0.7528788566238861,-0.1641883456160268,8,8,400,2.603144372620182,Cad_LS_400ppm_13.xlsx
5.780488099639257,6.446935829220349,-0.59,0.027838821814150098,0.4441868920279552,0.05499999999999999,-0.8380337991003289,-0.03582658624355223,32.50371444446246,1.8291721441737998,-0.7987500000000001,0.0033071891388307415,5.731207324579456,0.0,-0.7885955600922603,-0.057389083241529804,8,8,400,2.603144372620182,Cad_LS_400ppm_14.xlsx
2.7214884011543967,2.0733976964487884,-0.54625,0.03388860427931488,0.21906509875450747,0.08249999999999999,-0.8919189611666456,0.11847066935560802,31.318036090927116,1.0531654886119715,-0.8,0.0,5.532397762456801,0.0,-0.7840760918063552,-0.09269027870005031,8,8,400,2.603144372620182,Cad_LS_400ppm_15.xlsx
2.408692956782108,0.42204813678593117,-0.5225000000000001,0.011989578808281809,0.15826193302128255,0.0625,-0.3873352803115214,-0.12784069653565167,30.67664436560244,0.6092326274631217,-0.8,0.0,5.406326144488006,0.0,-0.7761687703006264,-0.12684555616063947,8,8,400,2.603144372620182,Cad_LS_400ppm_16.xlsx
4.426126553354971,3.87997244798425,-0.6,0.010000000000000009,0.3354767910941535,0.05999999999999994,-0.5534747355163959,-0.27669273199618777,30.63994172685785,1.098299602849141,-0.8,0.0,5.361966325679383,0.0,-0.762926854383023,-0.11008163351856193,8,8,400,2.603144372620182,Cad_LS_400ppm_17.xlsx
2.0503292893217724,1.2861715683840604,-0.58625,0.033517719194479795,0.15568096730194586,0.05799999999999996,-1.1274484811031238,1.3800437350668338,29.855431547763338,0.8950262712717502,-0.7975000000000001,0.004330127018922197,5.260594300924966,0.0,-0.7554973138783067,-0.13169327329018077,8,8,400,2.603144372620182,Cad_LS_400ppm_18.xlsx
2.1072502054473237,0.5833806797362455,-0.53,0.01581138830084191,0.15586908935010607,0.08499999999999996,-0.8033973057890647,0.5697975195300979,30.122670983026687,0.6314055854994929,-0.7987500000000001,0.0033071891388307415,5.255820553894482,0.0,-0.7477311886307532,-0.15174461552938606,8,8,400,2.603144372620182,Cad_LS_400ppm_19.xlsx
1.8325723951298842,0.5054878534919013,-0.52,0.0050000000000000044,0.12248782843794956,0.0766666666666667,-0.5847842408390702,0.6355432485116955,29.578582168109655,0.6679608090990098,-0.7987500000000001,0.0033071891388307415,5.217400931574587,0.0,-0.7663583078829116,-0.11981389488295441,8,8,400,2.603144372620182,Cad_LS_400ppm_20.xlsx
1.9421765998557108,0.3806167020580913,-0.5475,0.04235268586524353,0.13222690660984696,0.0766666666666667,-0.5985766161353656,0.18493154774158493,29.577552783820334,0.6945946102332916,-0.7987500000000001,0.0033071891388307415,5.173884715975741,0.0,-0.7496262058714566,-0.1373432670332667,8,8,400,2.603144372620182,Cad_LS_400ppm_21.xlsx
2.2940447828282986,1.6740039303203094,-0.55625,0.04498263553861644,0.1618743881540397,0.05500000000000002,-0.5657436094715519,0.04177796921713012,28.9970693148629,0.7550254102969592,-0.7975000000000001,0.004330127018922197,5.072755838429204,0.0,-0.7655168225124341,-0.1191183169958257,8,8,400,2.603144372620182,Cad_LS_400ppm_22.xlsx
3.5676927208513494,3.0861567577761146,-0.5925,0.029474565306378982,0.27217276329130285,0.050000000000000044,-0.6670161994865199,-0.1925828352170492,29.419009456529572,1.1182972881167192,-0.7987500000000001,0.0033071891388307415,5.109698259717805,0.0,-0.7463104844663101,-0.13808373085029674,8,8,400,2.603144372620182,Cad_LS_400ppm_23.xlsx
3.7775590367965384,2.9674646883709794,-0.60375,0.0048412291827592754,0.26154450667478174,0.060000000000000026,-0.22648869184454812,-1.0423630077437982,28.980119380826103,0.8437284599985349,-0.8,0.0,5.095983932232053,0.0,-0.7574220165126575,-0.12421203040302425,8,8,400,2.603144372620182,Cad_LS_400ppm_24.xlsx
7.991111643037511,6.478787541335273,-0.6074999999999999,0.006614378277661483,0.5224708020806251,0.060000000000000026,0.03467358868282745,-1.4010009472861666,30.10590235934343,1.3017803327319222,-0.8,0.0,5.225491847309706,0.0,-0.7641090646050958,-0.07229632082226467,8,8,400,2.603144372620182,Cad_LS_400ppm_25.xlsx
3.7453770640331987,3.075194089458855,-0.6,0.010000000000000009,0.2756327831545804,0.06999999999999995,-0.536812672040015,-0.533460750723598,28.630542220580793,0.7249757965118507,-0.7987500000000001,0.0033071891388307415,5.034971533985932,0.0,-0.7827096575775552,-0.06030737575180112,8,8,400,2.603144372620182,Cad_LS_400ppm_26.xlsx
3.3892357671717104,2.826224364220299,-0.6074999999999999,0.008291561975888507,0.23639265187734299,0.05999999999999994,-0.4423211981469516,-0.380647438027761,28.487425490782815,0.7991353481549065,-0.7987500000000001,0.0033071891388307415,4.965158120646645,0.0,-0.7570811838147806,-0.11596126425660447,8,8,400,2.603144372620182,Cad_LS_400ppm_27.xlsx
2.0047678437590193,1.3475025222728056,-0.60375,0.014086784586980818,0.14410641791161508,0.05999999999999994,-0.9966420638030208,0.9694944315974594,28.119562686381663,0.7788166088947747,-0.8,0.0,4.914983818481874,0.0,-0.751156665853665,-0.13728595132194577,8,8,400,2.603144372620182,Cad_LS_400ppm_28.xlsx
1.9523945751442815,0.7318141053197167,-0.6025,0.012990381056766592,0.14731428856042278,0.07749999999999996,-1.1690076289906277,1.0939397082465117,28.524686886525956,1.0864750072201825,-0.8,0.0,4.942587369298611,0.0,-0.7520009456263538,-0.12741378457404273,8,8,400,2.603144372620182,Cad_LS_400ppm_29.xlsx
1.6435764009740002,0.6972027079160261,-0.5625,0.03526683994916469,0.12716939170634695,0.07249999999999998,-1.2350893753597356,1.560778407498968,28.490124650739524,0.634533453256862,-0.7975000000000001,0.004330127018922197,4.957760829506315,0.0,-0.7386037664116718,-0.16805178133027793,8,8,400,2.603144372620182,Cad_LS_400ppm_30.xlsx
1.4233275351370942,0.29197222884114904,-0.5387500000000001,0.030998991919093104,0.10470029045310086,0.08666666666666666,-1.0140236625589045,1.03548132071585,28.507509713726535,0.9569433285812158,-0.8,0.0,4.9743020213891604,0.0,-0.7523804330270172,-0.1500171065195096,8,8,400,2.603144372620182,Cad_LS_400ppm_31.xlsx
1.5307371234127114,0.2503104843140964,-0.525,0.010000000000000009,0.10660118700270507,0.06833333333333334,-0.7912206841665039,0.6521251930998767,28.401310874801574,0.7320457514191947,-0.7987500000000001,0.0033071891388307415,4.966584189272639,0.0,-0.7581043893880162,-0.13273954051076964,8,8,400,2.603144372620182,Cad_LS_400ppm_32.xlsx
1.5376965694444396,0.3000070864986737,-0.5475000000000001,0.030720514318611263,0.11410756297709025,0.07799999999999999,-1.1046420923961024,1.0532735115646268,28.50053308015871,0.8708274324568058,-0.7975000000000001,0.004330127018922197,4.975545151717532,0.0,-0.7508841249000748,-0.1488941383052395,8,8,400,2.603144372620182,Cad_LS_400ppm_33.xlsx
4.693137147294362,2.7226804724435816,-0.61375,0.0048412291827592754,0.2674807530968594,0.060000000000000026,0.2356398204039855,-0.9059100349093148,28.154985333152943,0.6908862242632456,-0.7987500000000001,0.0033071891388307415,4.8582143129104445,0.0,-0.7211037227882582,-0.19751657820812757,8,8,400,2.603144372620182,Cad_LS_400ppm_34.xlsx
2.787957114213551,1.6633775057486255,-0.6112500000000001,0.011659223816361029,0.16648604137680134,0.06999999999999995,-0.23007033431189894,-0.7386265169225538,27.680552110551943,0.4523737839514398,-0.7987500000000001,0.0033071891388307415,4.83465705731169,0.0,-0.7494356380386953,-0.12820741175020778,8,8,400,2.603144372620182,Cad_LS_400ppm_35.xlsx
1.5851780261544164,1.0433552124658365,-0.5700000000000001,0.04358898943540672,0.12291890524891695,0.05000000000000001,-1.2661928565368366,1.3605315435290994,27.962478458080795,0.7561083978011166,-0.7987500000000001,0.0033071891388307415,4.889930785223305,0.0,-0.747659391699166,-0.13981943195895058,8,8,400,2.603144372620182,Cad_LS_400ppm_36.xlsx
3.592495436868699,2.0751212497984755,-0.61625,0.006959705453537534,0.18929964767009366,0.060000000000000026,0.32078196649985086,-0.6346794100284046,27.792542638780652,0.7414203191757495,-0.7987500000000001,0.0033071891388307415,4.850380153446791,0.0,-0.7397664387200762,-0.1555504246657724,8,8,400,2.603144372620182,Cad_LS_400ppm_37.xlsx
3.2174587909091015,1.9609805885951288,-0.6112500000000001,0.005994789404140905,0.18494892052741618,0.060000000000000026,-0.021901047416743934,-0.7424038555924634,27.8746403405844,0.8808238570362985,-0.7987500000000001,0.0033071891388307415,4.832211611809434,0.0,-0.719516533782184,-0.19611874477437846,8,8,400,2.603144372620182,Cad_LS_400ppm_38.xlsx
2.0255003245670924,1.0323752471645795,-0.5975,0.029474565306378982,0.14905835226496916,0.06499999999999995,-1.1254511016631656,1.5009891557090496,27.876013368831156,0.7149119049107082,-0.7987500000000001,0.0033071891388307415,4.860844226774262,0.0,-0.7487803712109719,-0.1504876085289067,8,8,400,2.603144372620182,Cad_LS_400ppm_39.xlsx
3.2449622746392315,1.3388044055794999,-0.61375,0.0048412291827592754,0.18436918256366988,0.060000000000000026,0.11998852484044957,-0.9416638944188331,28.273261664429995,0.6998216047328918,-0.8,0.0,4.862308669327742,0.0,-0.7074149070195646,-0.21277010141570785,8,8,400,2.603144372620182,Cad_LS_400ppm_40.xlsx
7.252922227705617,4.195302233419634,-0.6174999999999999,0.004330127018922197,0.3740551674343412,0.060000000000000026,0.4501497010680582,-1.0696872835570883,28.19153945283188,0.975046076475367,-0.7987500000000001,0.0033071891388307415,4.860599271833425,0.0,-0.7203472956906101,-0.19579249608706462,8,8,400,2.603144372620182,Cad_LS_400ppm_41.xlsx
4.254515046933618,2.785700591955179,-0.6125,0.006614378277661482,0.24466378742550304,0.060000000000000026,0.22874539264780852,-1.0034102816531756,27.877774865674585,0.6182637581535935,-0.7987500000000001,0.0033071891388307415,4.852780722142498,0.0,-0.7314875581906134,-0.17390495551008173,8,8,400,2.603144372620182,Cad_LS_400ppm_42.xlsx
7.701252436507922,4.667411061534557,-0.6174999999999999,0.004330127018922197,0.3924043730422053,0.060000000000000026,0.4747897345958608,-1.0973177342875804,28.416036631132737,0.84699337130942,-0.8,0.0,4.938019711408911,0.0,-0.7406639377916509,-0.145146037286834,8,8,400,2.603144372620182,Cad_LS_400ppm_43.xlsx
4.247614819408371,2.439324146466191,-0.6125,0.008291561975888507,0.23860358070111673,0.060000000000000026,0.12567822050840483,-1.0358293255666662,27.99278643382033,0.7933847988644107,-0.7987500000000001,0.0033071891388307415,4.868128968607053,0.0,-0.7385199547605628,-0.15349680111880232,8,8,400,2.603144372620182,Cad_LS_400ppm_44.xlsx
1.9878341616161501,0.9734939058634974,-0.605,0.014142135623730963,0.14259950985930525,0.06333333333333328,-0.888676409472141,0.7136779456681691,27.87213936340186,0.7177086369638376,-0.7987500000000001,0.0033071891388307415,4.856016608840729,0.0,-0.7590001876226325,-0.11548960457628005,8,8,400,2.603144372620182,Cad_LS_400ppm_45.xlsx
2.084145935425683,0.5870559914138659,-0.6074999999999999,0.01299038105676659,0.1415301586922786,0.06499999999999995,-0.5790881033667563,0.0703705373757228,28.241116618398255,0.6687656073103309,-0.7987500000000001,0.0033071891388307415,4.910198913688403,0.0,-0.7432806790394046,-0.15399492749437033,8,8,400,2.603144372620182,Cad_LS_400ppm_46.xlsx
2.876517261038969,1.566533043459776,-0.61,0.008660254037844395,0.16843902939105276,0.04999999999999999,0.03575002982369449,-0.4358942961391306,27.763321815602445,0.6319870204750924,-0.7987500000000001,0.0033071891388307415,4.832456008847855,0.0,-0.7306792727207476,-0.1786674134586942,8,8,400,2.603144372620182,Cad_LS_400ppm_47.xlsx
3.0906791272366423,1.6548024499738327,-0.6112500000000001,0.009270248108869587,0.17200263533369184,0.060000000000000026,0.09850761726827592,-0.7949811354299798,27.905290694047608,0.5914522891576405,-0.8,0.0,4.850551771133659,0.0,-0.7394795856000449,-0.15529566267272377,8,8,400,2.603144372620182,Cad_LS_400ppm_48.xlsx
2.74032597528861,1.4899103781657,-0.6125,0.008291561975888507,0.15649106621626951,0.040000000000000036,-0.0008422389592593893,-0.3600459542233389,27.806367165854965,0.8271529709991102,-0.7975000000000001,0.004330127018922197,4.811067124401516,0.0,-0.7456744950345884,-0.11625758136235809,8,8,400,2.603144372620182,Cad_LS_400ppm_49.xlsx
2.8765404634559886,1.4543523529194926,-0.60625,0.01576190026614813,0.17137024494083586,0.06999999999999995,-0.09076486057420771,-0.6764663882274728,27.83584347891413,0.7830181435354866,-0.7987500000000001,0.0033071891388307415,4.841464249192642,0.0,-0.744138205839155,-0.13849441071730706,8,8,400,2.603144372620182,Cad_LS_400ppm_50.xlsx
5.836724601190467,5.233520247735451,-0.53375,0.034977671449083036,0.36901967231691635,0.08999999999999997,-0.23758014425503204,-1.03830150286115,37.65459832572149,6.9314170398451,-0.8,0.0,5.5536729698192655,0.0,-0.4370873882555806,-0.2601489332066401,8,8,600,2.7788744720027396,Cad_600ppm_1.xlsx
3.4650139479798057,0.2181288604755036,-0.51625,0.0048412291827592754,0.2045087497568528,0.060000000000000026,0.0502524416698559,-1.3977520001533978,23.735769639484126,0.6708159338441174,-0.8,0.0,3.9009277143949346,0.0,-0.6372316114571261,-0.30447939651389094,8,8,600,2.7788744720027396,Cad_600ppm_10.xlsx
3.5983657135281466,0.3378020030373762,-0.515,0.007071067811865481,0.2229027015297607,0.060000000000000026,-0.07329195600613192,-1.3630011384211214,23.16264404193722,0.5681497951349122,-0.8,0.0,3.8247447458983608,0.0,-0.6545147054713928,-0.25864664395323944,8,8,600,2.7788744720027396,Cad_600ppm_11.xlsx
3.549921347402606,0.31594541803805026,-0.515,0.007071067811865481,0.21737676122799302,0.065,-0.06787701894555899,-1.3231487935541788,22.943242618217887,0.7999977030218822,-0.8,0.0,3.8396129415218274,0.0,-0.6593690937183608,-0.29894436295106064,8,8,600,2.7788744720027396,Cad_600ppm_12.xlsx
3.383454263419929,0.20569382870984004,-0.5275000000000001,0.03561951712193751,0.19558539218903254,0.060000000000000026,0.09549283215707258,-0.9739299626185641,26.6745655618326,2.4144527177263124,-0.8,0.0,4.073860907294193,0.0,-0.4627606088807978,-0.3380194989520822,8,8,600,2.7788744720027396,Cad_600ppm_13.xlsx
3.3796116809163173,0.5208325006850704,-0.5175000000000001,0.004330127018922197,0.20882526620977518,0.060000000000000026,-0.07113171041518389,-1.344768338054273,25.09362999626622,0.9841989821572038,-0.8,0.0,4.009643747573865,0.0,-0.5935715839640086,-0.30575817402013505,8,8,600,2.7788744720027396,Cad_600ppm_14.xlsx
3.375803254797985,0.2698420466052189,-0.515,0.007071067811865481,0.19377018832467358,0.060000000000000026,0.09089722786639554,-1.3966100304758786,24.916412354996382,0.9099946499578014,-0.8,0.0,3.982270669089197,0.0,-0.6015515888787398,-0.2964580854317541,8,8,600,2.7788744720027396,Cad_600ppm_15.xlsx
2.862818647943733,0.38671223702548474,-0.51875,0.0033071891388307415,0.1663652860054099,0.060000000000000026,0.07872333968705125,-1.4298260601413533,27.178591401677476,1.9340766358282826,-0.8,0.0,3.9965646574506692,0.0,-0.3797631631289461,-0.35661922714955613,8,8,600,2.7788744720027396,Cad_600ppm_16.xlsx
3.4352685111111247,0.15515165028580463,-0.5137499999999999,0.006959705453537534,0.21359400977921958,0.060000000000000026,-0.10066356275560767,-1.2766667325172973,25.38115014386723,1.1532021279882514,-0.8,0.0,4.043029681456892,0.0,-0.5822550014492067,-0.33085442924984176,8,8,600,2.7788744720027396,Cad_600ppm_17.xlsx
2.8578637929292956,0.6137765210127785,-0.515,0.010000000000000009,0.17425600910822364,0.060000000000000026,-0.03437858557215724,-1.271198928314977,27.72894628789681,3.181079369221626,-0.8,0.0,4.209508915389701,0.0,-0.4075110887129899,-0.38487995275148185,8,8,600,2.7788744720027396,Cad_600ppm_18.xlsx
5.329387748448769,5.936798209143312,-0.5475,0.04023369234857769,0.3416681733854594,0.09999999999999998,-0.4242659390294892,-0.9063374637675337,35.77175033290041,9.912866048030098,-0.8,0.0,5.224144389985751,0.0,-0.39423189386201124,-0.27051957388422576,8,8,600,2.7788744720027396,Cad_600ppm_19.xlsx
3.408556199531027,0.34299475162203086,-0.51625,0.006959705453537534,0.19740383454328836,0.060000000000000026,0.07777274489430208,-1.3629231442049585,27.137476628968244,0.9813212577116391,-0.8,0.0,4.230303578402058,0.0,-0.5876333148266354,-0.19413246671264406,8,8,600,2.7788744720027396,Cad_600ppm_2.xlsx
3.4038799256854353,0.352645056348857,-0.51375,0.006959705453537534,0.20957519048087894,0.060000000000000026,-0.06459840481708377,-1.341581529391131,25.217320352543283,0.9315838358370239,-0.8,0.0,4.1598729924162186,0.0,-0.6396963369063405,-0.2972560091261352,8,8,600,2.7788744720027396,Cad_600ppm_20.xlsx
3.2187884192640848,0.22536626756791625,-0.5175000000000001,0.004330127018922197,0.19527912454437096,0.060000000000000026,-0.023248583754769386,-1.3521744179867894,24.601830558567816,0.700659906941983,-0.8,0.0,4.100433337862828,0.0,-0.6500468390988987,-0.32312924086785244,8,8,600,2.7788744720027396,Cad_600ppm_21.xlsx
2.460567007431459,0.6990039406079465,-0.5387500000000001,0.032572035551988454,0.171654924263707,0.07999999999999996,-0.6027672586666768,-0.21689077539827611,25.02851891637805,1.0099218293186414,-0.8,0.0,4.249029637419014,0.0,-0.683564926287906,-0.312139260108393,8,8,600,2.7788744720027396,Cad_600ppm_22.xlsx
3.066591687301596,0.2530067589761369,-0.51625,0.006959705453537534,0.18555568274945736,0.060000000000000026,-0.025708046164052686,-1.3933220407910316,23.34028409808801,0.424137717499197,-0.8,0.0,3.938578294899171,0.0,-0.6453400677696142,-0.3466973337244407,8,8,600,2.7788744720027396,Cad_600ppm_23.xlsx
3.088521940909101,0.3456994871030198,-0.51625,0.006959705453537534,0.19395075147240134,0.065,-0.1244508727658517,-1.0379533843009876,22.968734459289312,0.7907287873595151,-0.8,0.0,3.931686501592805,0.0,-0.6654672200538483,-0.3498449292751599,8,8,600,2.7788744720027396,Cad_600ppm_24.xlsx
3.1812621812049207,0.4024186465848122,-0.5125,0.009682458365518551,0.2010930757386356,0.065,-0.1266313662803765,-1.2353517578872255,23.212292197961744,0.7454945142923282,-0.8,0.0,3.9886180180220974,0.0,-0.6806845300117672,-0.3404123428792625,8,8,600,2.7788744720027396,Cad_600ppm_25.xlsx
2.837772204761909,0.44574509987376715,-0.5175000000000001,0.006614378277661482,0.18270397687806472,0.06000000000000005,-0.2175422395422797,-1.0410230389260742,23.78242796637806,0.8753833852436075,-0.8,0.0,4.077540498456171,0.0,-0.6658040205467938,-0.3906157694589205,8,8,600,2.7788744720027396,Cad_600ppm_26.xlsx
3.162195495310257,0.237696699244522,-0.515,0.007071067811865481,0.1934205289568891,0.06000000000000005,-0.05477674985046185,-1.3083709861925445,23.72164888506492,0.8965579948667545,-0.8,0.0,4.05961604784145,0.0,-0.6665713110539147,-0.3486635358912286,8,8,600,2.7788744720027396,Cad_600ppm_27.xlsx
3.193940248809529,0.20569490370264965,-0.5137499999999999,0.006959705453537534,0.2052200641969682,0.060000000000000026,-0.19590952494086195,-1.185779814040759,22.765468397691187,0.5834294811597444,-0.7987500000000001,0.0033071891388307415,3.889170823605612,0.0,-0.6660297996604667,-0.36358684823883536,8,8,600,2.7788744720027396,Cad_600ppm_28.xlsx
3.1652279645743295,0.20801919509626482,-0.5137499999999999,0.008569568250501312,0.19571759958098758,0.06000000000000005,-0.07785634202239688,-1.210619482901049,22.685369079220767,0.5357378486845233,-0.7975000000000001,0.006614378277661483,3.9263705278750916,0.0,-0.6819616114892293,-0.3259425439341033,8,8,600,2.7788744720027396,Cad_600ppm_29.xlsx
3.4014422217532534,0.3861885891515887,-0.515,0.0050000000000000044,0.19435246432287034,0.060000000000000026,0.11259742932057659,-1.4320406085783368,25.977116187698396,0.6739531895139013,-0.8,0.0,4.077646327300867,0.0,-0.6109888544738913,-0.17490601689704627,8,8,600,2.7788744720027396,Cad_600ppm_3.xlsx
2.831033929040419,0.38718617948408385,-0.52,0.0050000000000000044,0.17726134491576365,0.06999999999999995,-0.12372969903748789,-1.2569559970074005,23.106705722763344,0.6845664316159892,-0.8,0.0,3.9820801652471167,0.0,-0.6464124116253502,-0.42029240993644235,8,8,600,2.7788744720027396,Cad_600ppm_30.xlsx
2.9902892684704327,0.24555712728821313,-0.51875,0.0033071891388307415,0.18857100391666531,0.06000000000000005,-0.11072548780253519,-1.21612644048596,23.190312660461753,0.5677652163654514,-0.7987500000000001,0.0033071891388307415,3.9926524427242986,0.0,-0.6593442577826615,-0.39092630994471395,8,8,600,2.7788744720027396,Cad_600ppm_31.xlsx
2.934015385714295,0.2679758918759954,-0.51625,0.006959705453537534,0.19045949636904616,0.060000000000000026,-0.20624248554671515,-1.145452193213397,22.92160823154761,0.5054628044530411,-0.7987500000000001,0.0033071891388307415,3.9462318115423902,0.0,-0.6747018858061006,-0.3398431211041503,8,8,600,2.7788744720027396,Cad_600ppm_32.xlsx
2.7767840409812523,0.31280391938674246,-0.51125,0.009270248108869587,0.17562382997943574,0.060000000000000026,-0.17488076018107118,-1.074027320174094,22.61521866709956,0.6501900532559165,-0.7987500000000001,0.0033071891388307415,3.9241988152695733,0.0,-0.6829887307000073,-0.35685694266264706,8,8,600,2.7788744720027396,Cad_600ppm_33.xlsx
2.770749602308811,0.3767343822840347,-0.51875,0.005994789404140905,0.17839728797727156,0.06000000000000005,-0.198346970897338,-1.1007123243133905,22.838752429022357,0.6422550798042386,-0.8,0.0,3.9436727649261383,0.0,-0.670866792258555,-0.3600201988004591,8,8,600,2.7788744720027396,Cad_600ppm_34.xlsx
2.6230516177850047,0.26501411153753474,-0.5175000000000001,0.008291561975888507,0.16004400392207696,0.07,-0.03654121688389064,-1.3075764580086227,22.962077967045445,0.6840359296601124,-0.8,0.0,3.951516178805467,0.0,-0.6751132934518277,-0.3543834723335407,8,8,600,2.7788744720027396,Cad_600ppm_35.xlsx
2.6359959375901982,0.33032563717250923,-0.52,0.007071067811865481,0.16718496043578512,0.06999999999999995,-0.1287231476324562,-1.1518824510038708,22.90975821410533,0.6796799791717801,-0.8,0.0,3.94792769623864,0.0,-0.660893298430627,-0.3825535818652743,8,8,600,2.7788744720027396,Cad_600ppm_36.xlsx
2.979316585245323,0.22023071410911033,-0.5137499999999999,0.006959705453537534,0.18560733312337513,0.06000000000000005,-0.14194511935343435,-1.164020064821533,22.3119748059163,0.6038793341061103,-0.8,0.0,3.8760971368980908,0.0,-0.6818681614875439,-0.3638947703242678,8,8,600,2.7788744720027396,Cad_600ppm_37.xlsx
2.8416420730158762,0.3261487926066575,-0.5162500000000001,0.008569568250501312,0.17635056004689603,0.060000000000000026,-0.062295998327719246,-1.2410419270408473,22.26155660216449,0.49427308276269255,-0.8,0.0,3.838672661814215,0.0,-0.6624295674895648,-0.39104185657606766,8,8,600,2.7788744720027396,Cad_600ppm_38.xlsx
2.598569106818191,0.2960969649515333,-0.52,0.0050000000000000044,0.16287018752254556,0.06999999999999995,-0.09494285872392932,-1.334023711755874,22.68763666677488,0.600040684510187,-0.8,0.0,3.90554177661977,0.0,-0.6598806077135771,-0.39742928876402567,8,8,600,2.7788744720027396,Cad_600ppm_39.xlsx
3.3883862460317555,0.21744307019307121,-0.51375,0.006959705453537534,0.20697670195219903,0.060000000000000026,-0.047633328769163014,-1.3342974529851692,27.9506568566919,5.3699793882309805,-0.8,0.0,4.2779663245525805,0.0,-0.48948074823067106,-0.3136394919042437,8,8,600,2.7788744720027396,Cad_600ppm_4.xlsx
2.458256622222232,0.446824230124721,-0.5162500000000001,0.0048412291827592754,0.15791097590295688,0.06000000000000005,-0.19279004880901113,-1.0078639673865948,22.52807283861832,0.6095841277806205,-0.7987500000000001,0.0033071891388307415,3.8717586789086424,0.0,-0.6564380006009966,-0.37366709628742956,8,8,600,2.7788744720027396,Cad_600ppm_40.xlsx
2.564188928102461,0.3954368151320078,-0.52125,0.005994789404140905,0.16899212767622512,0.06999999999999999,-0.25767421341100005,-1.0275979734935001,22.721174292460308,0.600198572461676,-0.7987500000000001,0.0033071891388307415,3.913040806847946,0.0,-0.6450876196254629,-0.4190009472222807,8,8,600,2.7788744720027396,Cad_600ppm_41.xlsx
2.5591169323953977,0.16817927610095856,-0.5175000000000001,0.004330127018922197,0.15421344636453738,0.050000000000000044,0.009774725009986593,-1.2297580541307207,22.57557741040764,0.6766991355449306,-0.7975000000000001,0.004330127018922197,3.871746834380053,0.0,-0.6467050281383782,-0.40797766873658065,8,8,600,2.7788744720027396,Cad_600ppm_42.xlsx
2.856586324494964,0.4043813338648822,-0.5125000000000001,0.006614378277661482,0.17961573964808702,0.06000000000000005,-0.11424084174301082,-1.2537326888647153,22.2442146642857,0.5059778807531824,-0.7987500000000001,0.0033071891388307415,3.8472718593036634,0.0,-0.6773038512430236,-0.3780903063064634,8,8,600,2.7788744720027396,Cad_600ppm_43.xlsx
2.4116201314574406,0.22642411883582111,-0.52125,0.005994789404140905,0.15326597975035944,0.065,-0.15004238823331928,-1.0653813679104613,22.312094227741696,0.6022507066201283,-0.7987500000000001,0.0033071891388307415,3.853615793163512,0.0,-0.6436462603928721,-0.42701882852266393,8,8,600,2.7788744720027396,Cad_600ppm_44.xlsx
2.4472960473665335,0.292269672510983,-0.515,0.008660254037844393,0.16138583473610996,0.065,-0.29878822343639544,-0.9785668683576538,22.61229730032467,0.484245531390809,-0.7987500000000001,0.0033071891388307415,3.8779077154871957,0.0,-0.6655418298229683,-0.377770572058422,8,8,600,2.7788744720027396,Cad_600ppm_45.xlsx
2.483442324386729,0.3720947111250091,-0.5137499999999999,0.008569568250501312,0.1569397064547245,0.06666666666666665,-0.09871104904364908,-1.2376087929104411,22.003491887806625,0.5400768692252476,-0.7975000000000001,0.004330127018922197,3.8260288471368153,0.0,-0.6509434699507787,-0.4389998174933952,8,8,600,2.7788744720027396,Cad_600ppm_46.xlsx
2.5554811920634997,0.29896838212955956,-0.5162500000000001,0.006959705453537534,0.161452475162697,0.065,-0.12323993254614259,-1.2779953948521179,22.017500442117594,0.8755574820046643,-0.7987500000000001,0.0033071891388307415,3.785164765231513,0.0,-0.6393550212502903,-0.45281033642727353,8,8,600,2.7788744720027396,Cad_600ppm_47.xlsx
2.663114420093796,0.23601637147740462,-0.5175000000000001,0.010897247358851694,0.17105386262355532,0.06000000000000005,-0.178813597932291,-1.2594788786030242,21.94293663208873,0.6756878870520984,-0.7975000000000001,0.004330127018922197,3.789063990421088,0.0,-0.6475472467234589,-0.4026137697131392,8,8,600,2.7788744720027396,Cad_600ppm_48.xlsx
2.382364066847041,0.31564004193511713,-0.5237499999999999,0.006959705453537534,0.15800504430050338,0.06999999999999999,-0.3070445884136652,-1.0294054537871042,21.94793060611471,0.8959856885503739,-0.7987500000000001,0.0033071891388307415,3.8020353431820904,0.0,-0.6652277392447095,-0.4165382714631137,8,8,600,2.7788744720027396,Cad_600ppm_49.xlsx
3.544072836652243,0.3286838507380187,-0.515,0.007071067811865481,0.2093349884242408,0.060000000000000026,0.02321524139096917,-1.3342679667041026,25.036543337301577,1.0501632560917475,-0.8,0.0,3.970945113904944,0.0,-0.6028437844667442,-0.24317605784067214,8,8,600,2.7788744720027396,Cad_600ppm_5.xlsx
2.2076515616522423,0.36704922176074145,-0.5175,0.008291561975888507,0.14002808774548897,0.07,-0.20038605658182068,-0.9864330949952254,22.27471028676045,0.5265006111455444,-0.8,0.0,3.8198990018910544,0.0,-0.6251004186798681,-0.4346766365321537,8,8,600,2.7788744720027396,Cad_600ppm_50.xlsx
3.363773193578657,0.4306888807131314,-0.51375,0.006959705453537534,0.20331878375667287,0.060000000000000026,0.02360561529723674,-1.3372030978998208,25.72032624684342,0.9752051041635691,-0.8,0.0,3.963730898905395,0.0,-0.5373651001596611,-0.243139551576183,8,8,600,2.7788744720027396,Cad_600ppm_6.xlsx
3.236911321645032,0.6952341475170108,-0.51625,0.006959705453537534,0.19965437466468133,0.060000000000000026,-0.06526375417876928,-1.3352987724920862,26.986669200811676,2.318318843318817,-0.8,0.0,4.004616330153411,0.0,-0.4331500414997672,-0.2598614634496284,8,8,600,2.7788744720027396,Cad_600ppm_7.xlsx
3.5212721046897655,0.37362447461578396,-0.51125,0.009270248108869587,0.2179082618584045,0.060000000000000026,-0.08242133927091239,-1.3978928991748716,24.805328338942985,0.5550688105217195,-0.8,0.0,3.9844740343548897,0.0,-0.6131397820386997,-0.2600131491171233,8,8,600,2.7788744720027396,Cad_600ppm_8.xlsx
3.355206637662347,0.7562195719419261,-0.515,0.007071067811865481,0.20354119212662203,0.050000000000000044,0.006241600420790722,-1.4064559853857301,25.6081695167388,1.3757260500567634,-0.8,0.0,3.9859744965694452,0.0,-0.5522928534713728,-0.26893858668014026,8,8,600,2.7788744720027396,Cad_600ppm_9.xlsx
1.000105607575768,0.49122977749863517,-0.5825,0.0411551940828858,0.06069000773538893,0.06,-0.20919875169593113,0.3942815402991809,35.2729086911616,5.363919590303758,-0.8,0.0,4.975521148841995,0.0,-0.2681644090913864,-0.4833421391860118,8,8,800,2.9036325160842376,Cad_800ppm_1.xlsx
0.8678794494227895,0.2572775689853,-0.56375,0.031199959935871695,0.05060730703553308,0.06142857142857139,-0.09379301208704331,-0.37552569953270387,25.13896117552308,1.0542916389287906,-0.8,0.0,4.048129356566109,0.0,-0.5103223510739732,-0.5955458646184069,8,8,800,2.9036325160842376,Cad_800ppm_10.xlsx
1.0711084232323134,0.43888670115075346,-0.54625,0.034255474015111795,0.06966946424512835,0.0833333333333333,-0.3845121395001129,-0.3572996516771252,24.519785078932166,0.6287329815620366,-0.8,0.0,3.9943361335896492,0.0,-0.5323891568968289,-0.569541487644265,8,8,800,2.9036325160842376,Cad_800ppm_11.xlsx
0.927964224098111,0.3010938403460377,-0.54375,0.021758618981911493,0.06978977946157863,0.08857142857142855,-0.8873906768452839,0.08699599544120135,24.447239872186135,0.47388048683928097,-0.8,0.0,3.994076122441741,0.0,-0.5296817416900883,-0.6139387739822872,8,8,800,2.9036325160842376,Cad_800ppm_12.xlsx
1.0682761540764738,0.2722102468555081,-0.5275000000000001,0.01198957880828181,0.07437591402651342,0.08285714285714285,-0.6944859063091878,0.004116752730745243,24.205220922709223,0.7890883393213154,-0.8,0.0,3.968059107959147,0.0,-0.5260767614874657,-0.6067838972041502,8,8,800,2.9036325160842376,Cad_800ppm_13.xlsx
1.0152547264790703,0.3262106842349509,-0.54,0.024999999999999977,0.07029300117965248,0.076,-0.6543768564100771,0.07802150773019037,24.10602083104256,0.8392562958867904,-0.8,0.0,3.9555218078480356,0.0,-0.5371519678321184,-0.5884172129119827,8,8,800,2.9036325160842376,Cad_800ppm_14.xlsx
1.2383104512987062,0.3256172810482564,-0.53,0.018708286933869694,0.08644651109776245,0.08166666666666662,-0.7302704746357744,0.2629008249918395,23.931914824891763,0.6081731068859044,-0.8,0.0,3.946247605825941,0.0,-0.5365581796337457,-0.5986541004228062,8,8,800,2.9036325160842376,Cad_800ppm_15.xlsx
1.2160296829365076,0.3393943802532986,-0.5775,0.04145780987944248,0.07686129440115297,0.0675,-0.46854959159033804,0.0539481333972992,25.04907444323592,0.5307448329316035,-0.8,0.0,4.034055137538152,0.0,-0.4924316332826133,-0.6453290310321345,8,8,800,2.9036325160842376,Cad_800ppm_16.xlsx
1.4752873040404029,0.5425368355286337,-0.58125,0.038222212128551626,0.08611979077308679,0.07666666666666666,-0.3762110795395288,-0.060023133666098016,25.617597112085125,1.0262228399521067,-0.8,0.0,4.05666286313871,0.0,-0.46793343394272596,-0.6256734530787349,8,8,800,2.9036325160842376,Cad_800ppm_17.xlsx
0.9957144989538138,0.4055520558526602,-0.5712499999999999,0.033330729064933444,0.06770297825306508,0.07999999999999997,-0.5386456198031249,0.00040189452729297304,25.105680752615427,1.0009355754158797,-0.8,0.0,4.000398283373288,0.0,-0.4876509178706442,-0.6149737252074072,8,8,800,2.9036325160842376,Cad_800ppm_18.xlsx
1.0427085270923384,0.4292695363750896,-0.54125,0.012686114456365286,0.07743145703048183,0.0883333333333333,-0.8724517843738917,0.42140424927333436,24.039877378084405,0.7795129809226308,-0.8,0.0,3.967317419000813,0.0,-0.5368556096316012,-0.593708814564699,8,8,800,2.9036325160842376,Cad_800ppm_19.xlsx
0.8149095057720182,0.20695043196990764,-0.535,0.03240370349203929,0.05313067610245255,0.06857142857142857,-0.5208712702646834,0.047569986365107175,27.971319472673144,1.86068304840181,-0.8,0.0,4.31472772993642,0.0,-0.44327880156214994,-0.5589629425394949,8,8,800,2.9036325160842376,Cad_800ppm_2.xlsx
1.0874401983766253,0.402009853553819,-0.5587500000000001,0.03407253292609751,0.08116113986056916,0.07666666666666662,-0.8786218931310614,0.3106391418474519,24.20213118257575,0.4886850539305986,-0.8,0.0,3.9149946297774205,0.0,-0.506572339784034,-0.6252617795906235,8,8,800,2.9036325160842376,Cad_800ppm_20.xlsx
3.9924424112554107,3.2468515659856583,-0.58875,0.04594493987372276,0.23101424583170846,0.060000000000000026,0.011919488266787029,-0.8114019167441101,37.57047635734126,9.685310231616283,-0.8,0.0,5.141372097374011,0.0,-0.17796214616613626,-0.549721773024989,8,8,800,2.9036325160842376,Cad_800ppm_21.xlsx
1.4958948792929365,0.5019694408635098,-0.59375,0.0291279504943276,0.09286935406944341,0.065,-0.2819166577010049,-0.5345712270659279,26.43513628243145,1.5489887825409154,-0.8,0.0,4.119890519794555,0.0,-0.43390530366571356,-0.639684847248334,8,8,800,2.9036325160842376,Cad_800ppm_22.xlsx
0.933620406132762,0.325903642440538,-0.52875,0.012686114456365286,0.06231532272528738,0.07375000000000001,-0.6041733263257563,0.10245859748716768,24.95608318234126,1.1443171650008126,-0.8,0.0,4.019391060973937,0.0,-0.4994280315814522,-0.6227698564118118,8,8,800,2.9036325160842376,Cad_800ppm_23.xlsx
1.0852032679653578,0.39049254797770716,-0.5375000000000001,0.01854049621773915,0.07802966795093645,0.08857142857142854,-0.8640499102900424,0.3738572328796515,24.114222327128417,0.6528476163980715,-0.8,0.0,3.931538629553934,0.0,-0.5053891671157313,-0.6458534768053373,8,8,800,2.9036325160842376,Cad_800ppm_24.xlsx
1.1787301133116856,0.34167986972195746,-0.5275000000000001,0.021650635094610952,0.08192454187553938,0.07000000000000002,-0.5227398261220861,-0.33698164895711147,23.95186007691197,0.5746809793186581,-0.8,0.0,3.931891982898451,0.0,-0.5264110774155826,-0.6140085118277063,8,8,800,2.9036325160842376,Cad_800ppm_25.xlsx
1.0760409400072186,0.3511482727172812,-0.565,0.037416573867739396,0.08131303146879372,0.0883333333333333,-0.9185185948006704,0.22861758925436249,24.46257838964646,0.8518886105601678,-0.8,0.0,3.9285231591960703,0.0,-0.4886435480274411,-0.6409527781680922,8,8,800,2.9036325160842376,Cad_800ppm_26.xlsx
1.1065052542207665,0.32191946407160044,-0.56375,0.031199959935871692,0.07466655702038069,0.09285714285714285,-0.5331241468010681,-0.18870646509738218,24.602957253571418,0.7433913301385189,-0.8,0.0,3.9622721790611495,0.0,-0.49811208910791704,-0.6430334058897764,8,8,800,2.9036325160842376,Cad_800ppm_27.xlsx
1.294617480447314,0.407911016229251,-0.565,0.028722813232690127,0.09349464906962363,0.08666666666666663,-0.6853371824357679,-0.08168580231048855,24.448706904058433,0.7683382344043166,-0.8,0.0,3.9483582728198976,0.0,-0.47370991889781355,-0.6672286902986198,8,8,800,2.9036325160842376,Cad_800ppm_28.xlsx
1.150673146897542,0.2938938170895181,-0.53,0.012247448713915901,0.08810689985371456,0.08,-1.0670941076652178,0.855312209644787,23.761144242009372,0.6541532806325745,-0.8,0.0,3.888811535878159,0.0,-0.5165261774994911,-0.6441676881315922,8,8,800,2.9036325160842376,Cad_800ppm_29.xlsx
1.0401877532467663,0.3891584669302901,-0.6025,0.02861380785564898,0.05481187182305233,0.0666666666666667,-0.09446609704319242,0.7193052870192905,26.155838458748185,1.3224395143812484,-0.8,0.0,4.13926147224432,0.0,-0.4950378520774767,-0.5436135955746157,8,8,800,2.9036325160842376,Cad_800ppm_3.xlsx
1.0211027740981287,0.29109610245123774,-0.525,0.008660254037844393,0.0683036505321056,0.07166666666666666,-0.6764943411380688,0.28892167439512817,23.59787015093794,0.46873913246488724,-0.8,0.0,3.8566474967871596,0.0,-0.5203830074245255,-0.6247579837614217,8,8,800,2.9036325160842376,Cad_800ppm_30.xlsx
3.9430522835858497,2.142562252423655,-0.6012500000000001,0.03179524335494225,0.22810868541179358,0.05999999999999994,-0.058521738173362814,-0.5479693030559787,37.125919410353525,10.423468125467984,-0.8,0.0,5.069309048086402,0.0,-0.15730630730408865,-0.5577935047237559,8,8,800,2.9036325160842376,Cad_800ppm_31.xlsx
1.0259575409090806,0.2032869032267365,-0.575,0.03201562118716423,0.07089686553336752,0.08285714285714282,-0.6628899192865116,0.10897314634387711,25.97121432651514,1.2724778684555065,-0.8,0.0,4.061276873924784,0.0,-0.4517144426935233,-0.6323221239307621,8,8,800,2.9036325160842376,Cad_800ppm_32.xlsx
0.9699363796897273,0.30860432589984316,-0.56875,0.02087911636061256,0.06999173419372096,0.07285714285714281,-0.6638805866072048,-0.06250582346668745,24.711357986724376,0.9090969369270162,-0.8,0.0,3.9466426320864016,0.0,-0.47835468115828844,-0.6282619196119773,8,8,800,2.9036325160842376,Cad_800ppm_33.xlsx
0.7982811400793541,0.13757333538208746,-0.5387500000000001,0.02260392665003138,0.05077526174765378,0.0675,-0.28286676516005727,-0.3247399077727,24.093034592766944,0.6811918268850751,-0.8,0.0,3.8975744091061526,0.0,-0.49774697801178347,-0.6374155816413521,8,8,800,2.9036325160842376,Cad_800ppm_34.xlsx
0.9583875324314439,0.2751364676828454,-0.55,0.03316624790355399,0.06977846901515006,0.08166666666666665,-0.8109776698030338,0.6090148933457151,23.50604118713924,0.6926555050131417,-0.8,0.0,3.8398523443354096,0.0,-0.5130759709092009,-0.623176923587208,8,8,800,2.9036325160842376,Cad_800ppm_35.xlsx
1.228551630483393,0.3649931800628571,-0.56125,0.022043990110685474,0.0850428169583324,0.07571428571428569,-0.5158089085621975,-0.23132795555124233,23.63561128086218,0.4763367983547074,-0.8,0.0,3.8502078281258125,0.0,-0.503084234840758,-0.6635970075365238,8,8,800,2.9036325160842376,Cad_800ppm_36.xlsx
0.9846937632034547,0.2280855992599,-0.575,0.025495097567963906,0.06734575838528074,0.07428571428571426,-0.9300535971673701,1.2923191862889096,24.377705366828994,0.6337812136752264,-0.8,0.0,3.92742545098927,0.0,-0.4958541864044951,-0.6232879048920834,8,8,800,2.9036325160842376,Cad_800ppm_37.xlsx
0.900750961796537,0.21405881973510374,-0.59375,0.03079671248688729,0.05720603997420506,0.07249999999999998,-0.4427995742466554,-0.17164696860468615,24.21594557056276,0.637027405311782,-0.8,0.0,3.878975654261005,0.0,-0.4892427218154187,-0.6305581452118969,8,8,800,2.9036325160842376,Cad_800ppm_38.xlsx
0.8445939068181731,0.2934790175173804,-0.5574999999999999,0.03832427429188971,0.05217942060605943,0.06666666666666664,-0.5284484181254108,0.6228779138225412,24.048632219913408,0.6674810780662302,-0.8,0.0,3.887743732501806,0.0,-0.49375941859139566,-0.6321181546770407,8,8,800,2.9036325160842376,Cad_800ppm_39.xlsx
1.0903874670634988,0.2564335530040591,-0.61375,0.006959705453537534,0.060920776067099336,0.060000000000000026,-0.19508902414817267,0.03778099359876402,26.435527126208505,1.5018597490334986,-0.8,0.0,4.146769749334869,0.0,-0.4910843925557829,-0.5471885694072827,8,8,800,2.9036325160842376,Cad_800ppm_4.xlsx
0.8886211044732852,0.2842667381389722,-0.56,0.02449489742783176,0.06813067026569107,0.07428571428571426,-1.1231459822640506,1.4455585420164914,23.70545135613275,0.6129760247735627,-0.8,0.0,3.819667417881136,0.0,-0.4777453172443372,-0.6607021804227363,8,8,800,2.9036325160842376,Cad_800ppm_40.xlsx
0.9259281563852841,0.2783060193485912,-0.54875,0.024717149916606455,0.06734411965638454,0.07874999999999999,-0.7292696451804478,-0.052965462842511635,23.52004413982683,0.4754487202376768,-0.8,0.0,3.8153688912555936,0.0,-0.4903752664589949,-0.6357825332305995,8,8,800,2.9036325160842376,Cad_800ppm_41.xlsx
0.9283970813492006,0.1641673099562767,-0.57125,0.0266634112596269,0.06700930012409713,0.07874999999999997,-0.5906036990801722,-0.2578142525857816,23.673644480699846,0.6755277433277638,-0.8,0.0,3.8305039555084797,0.0,-0.4738648188803395,-0.668780667346146,8,8,800,2.9036325160842376,Cad_800ppm_42.xlsx
0.7275571401515166,0.2896112207251424,-0.5800000000000001,0.02872281323269013,0.051069037439033065,0.07428571428571425,-0.7058160900749486,0.11210343663300432,23.99926610692639,0.7507559574244029,-0.8,0.0,3.8554711749718624,0.0,-0.4885623717876156,-0.6246675207684784,8,8,800,2.9036325160842376,Cad_800ppm_43.xlsx
0.8630979135641978,0.1972330770404409,-0.5549999999999999,0.0254950975679639,0.05671261463077091,0.07249999999999997,-0.5094746850075195,-0.10592983219399688,24.14636022341269,0.6187725444070662,-0.8,0.0,3.853953954953826,0.0,-0.4667973831446761,-0.6670623240257887,8,8,800,2.9036325160842376,Cad_800ppm_44.xlsx
0.8139414129869968,0.26263389515876107,-0.55,0.023979157616563575,0.05631747667730769,0.0657142857142857,-0.6612743189860355,0.3041294295482728,23.610495551713548,0.6497541495194583,-0.8,0.0,3.8361826074843988,0.0,-0.4856269975468504,-0.6656784361345788,8,8,800,2.9036325160842376,Cad_800ppm_45.xlsx
0.8765646550144104,0.31209397427986857,-0.5599999999999999,0.02958039891549806,0.06593578898917514,0.07571428571428569,-1.2058226564079206,1.3892222706372093,23.781343451497104,0.6446262450804816,-0.8,0.0,3.8132462882403515,0.0,-0.4796994131311341,-0.6389919673284751,8,8,800,2.9036325160842376,Cad_800ppm_46.xlsx
0.7723166098484682,0.1542323230552622,-0.5487500000000001,0.02146945504664707,0.057683382940114214,0.08285714285714282,-0.9355354712992054,0.8369453295834202,23.611029168271997,0.5296835270871256,-0.8,0.0,3.796881957894392,0.0,-0.47322549953051296,-0.6507402910187867,8,8,800,2.9036325160842376,Cad_800ppm_47.xlsx
0.860916269841272,0.30942263171664647,-0.5762499999999999,0.03568525605905047,0.06406047413672376,0.06999999999999999,-1.1088602943852992,1.2573161230756198,23.936411958585847,0.7186280760461002,-0.8,0.0,3.817612976719338,0.0,-0.455998394343388,-0.6682740138854362,8,8,800,2.9036325160842376,Cad_800ppm_48.xlsx
0.9396138809163133,0.2041283293418685,-0.56125,0.03854785986277317,0.0621736533629143,0.07142857142857142,-0.3057965301918569,-0.6054149983284502,23.819455138383827,0.5348642459550782,-0.8,0.0,3.828858819360211,0.0,-0.48258272768477833,-0.633301625170466,8,8,800,2.9036325160842376,Cad_800ppm_49.xlsx
1.2053853088023048,0.37563008387759295,-0.595,0.03535533905932736,0.07842902166107364,0.04999999999999999,-0.711924204950914,1.109173733111016,25.63705921814573,1.375247059791823,-0.8,0.0,4.075748004950579,0.0,-0.48981477918181454,-0.5825920468276293,8,8,800,2.9036325160842376,Cad_800ppm_5.xlsx
1.0170750101370922,0.2440199681387326,-0.5562499999999999,0.03903123748998997,0.06301403797168045,0.06166666666666667,-0.29892173723445564,-0.25113902635515895,23.441085200974015,0.6735532988113391,-0.8,0.0,3.7650172012602843,0.0,-0.4600546671105325,-0.6502658239980523,8,8,800,2.9036325160842376,Cad_800ppm_50.xlsx
0.7097488042929192,0.3247883853724849,-0.5625,0.03230711995830019,0.04812362889123232,0.06428571428571427,-0.7802579661334738,0.21418215693814796,24.637317974080073,0.9281920468775954,-0.8,0.0,4.004552989685698,0.0,-0.5186240335094037,-0.5765085118737783,8,8,800,2.9036325160842376,Cad_800ppm_6.xlsx
0.8300299735570058,0.2907129219951045,-0.5525,0.035968736424845375,0.05593976698250333,0.05833333333333333,-0.8332080601963321,0.7770693821340215,24.523220442550496,1.0276725923461436,-0.8,0.0,4.001997843847315,0.0,-0.5272352886460298,-0.5703317014911773,8,8,800,2.9036325160842376,Cad_800ppm_7.xlsx
0.9487356505050499,0.2743984531750992,-0.55125,0.04075460096725275,0.05678215035948614,0.06400000000000002,-0.38276956684167107,-0.12025654942453037,24.740628646825385,0.6681357912655741,-0.8,0.0,4.013007827935788,0.0,-0.533313129704085,-0.5697144696123868,8,8,800,2.9036325160842376,Cad_800ppm_8.xlsx
1.002133407900446,0.2721055820863776,-0.56,0.037416573867739396,0.06071547749837635,0.06600000000000002,-0.14971367666686214,-0.4019049092180723,25.055192797186137,1.0803409664824437,-0.8,0.0,4.055222839556821,0.0,-0.5159503440702008,-0.5945806924294267,8,8,800,2.9036325160842376,Cad_800ppm_9.xlsx
63.814751345454575,2.1976933923532855,-0.5,0.0,3.8535714368196206,0.060000000000000026,-0.10114440767473425,-1.2739715367933364,180.26586857539678,9.976577295357787,-0.8,0.0,25.958580338461402,0.0,-0.0617850382610631,-1.064460930052706,8,8,1000,3.000434077479319,Cad_1000ppm_1.xlsx
84.82515763080806,2.2928506662223467,-0.5,0.0,5.326648494711032,0.060000000000000026,-0.167803368085012,-1.3059248492463635,216.51466796203096,6.426376118542781,-0.8,0.0,30.979258092245942,0.0,-0.02465293566681174,-1.035642859294819,8,8,1000,3.000434077479319,Cad_1000ppm_10.xlsx
85.06585603383837,2.035985860161135,-0.5,0.0,5.365021011999271,0.060000000000000026,-0.17740132609693637,-1.3072302277839394,216.17147279338013,6.68221245745991,-0.8,0.0,30.861152336979163,0.0,-0.019626243748176408,-1.0261799879110027,8,8,1000,3.000434077479319,Cad_1000ppm_11.xlsx
85.76901765126262,2.267933783152211,-0.5,0.0,5.438314188935599,0.060000000000000026,-0.18929879843198877,-1.304360782847427,216.91371732692994,6.507303102410676,-0.8,0.0,30.920396929427582,0.0,-0.014718862787314848,-1.0263903420188343,8,8,1000,3.000434077479319,Cad_1000ppm_12.xlsx
86.23299215454541,2.153645162798156,-0.5,0.0,5.487348309033543,0.060000000000000026,-0.19679917624924692,-1.3098521596889008,217.70703191594507,6.2260475571148755,-0.8,0.0,30.96966028617821,0.0,-0.009347776267530642,-1.0280236255282116,8,8,1000,3.000434077479319,Cad_1000ppm_13.xlsx
86.96887177373736,1.9422330150156855,-0.5,0.0,5.544394685604971,0.060000000000000026,-0.19698544875738194,-1.3127151086302553,217.7230902683441,6.199257088474272,-0.8,0.0,30.928071394774623,0.0,-0.003920871856408678,-1.026848030042006,8,8,1000,3.000434077479319,Cad_1000ppm_14.xlsx
87.36199098712116,1.950154273385899,-0.5,0.0,5.591388595261355,0.060000000000000026,-0.21222605816530343,-1.306092413516474,216.8342062036435,6.159029978253385,-0.8,0.0,30.766472172865264,0.0,0.0018706254276019954,-1.0269351415350239,8,8,1000,3.000434077479319,Cad_1000ppm_15.xlsx
87.16648168636362,2.031916160825197,-0.5,0.0,5.600630832559157,0.060000000000000026,-0.2134934877522121,-1.3129925930258923,216.44884583225098,6.164516365613153,-0.8,0.0,30.685798091888895,0.0,0.00389582708150209,-1.0252610364115435,8,8,1000,3.000434077479319,Cad_1000ppm_16.xlsx
87.58383565757572,1.8089664860004433,-0.5,0.0,5.6231320188535285,0.060000000000000026,-0.21504460675958115,-1.3160194842078492,215.94692096563847,5.702775690544233,-0.8,0.0,30.574133841174877,0.0,0.005953682836319333,-1.0213588539032457,8,8,1000,3.000434077479319,Cad_1000ppm_17.xlsx
88.3419845353535,1.7382476992647158,-0.5,0.0,5.6351126518470345,0.060000000000000026,-0.19873527573731498,-1.3255548853356447,216.43923441578275,6.185922952470062,-0.8,0.0,30.649407199350918,0.0,0.005416572232706036,-1.0175260466923768,8,8,1000,3.000434077479319,Cad_1000ppm_18.xlsx
87.98288542626258,2.2833244941371476,-0.5,0.0,5.6048312535602385,0.060000000000000026,-0.1940488161592549,-1.3312918480479725,215.2924813488455,5.988232100642991,-0.8,0.0,30.472303856261547,0.0,0.006659036604229684,-1.0162747607405413,8,8,1000,3.000434077479319,Cad_1000ppm_19.xlsx
67.44791373510098,1.8900487930417873,-0.5,0.0,4.114236171134735,0.060000000000000026,-0.1186814660266931,-1.2844231634403953,184.87920685025244,6.3000875496870465,-0.8,0.0,26.76690038645906,0.0,-0.0719481795818376,-1.0653806983474619,8,8,1000,3.000434077479319,Cad_1000ppm_2.xlsx
88.17027329191916,1.984293565549084,-0.5,0.0,5.607201986784984,0.060000000000000026,-0.1889734411375077,-1.3371789445218834,214.25970473183617,6.055961090346427,-0.8,0.0,30.330112144983865,0.0,0.00677872011112504,-1.016585288984412,8,8,1000,3.000434077479319,Cad_1000ppm_20.xlsx
88.76963877626261,2.2935497292234737,-0.5,0.0,5.62638362318614,0.060000000000000026,-0.1829691303291055,-1.3386982239631349,215.4742274079004,6.5275279777247945,-0.8,0.0,30.428227205628254,0.0,0.013417024094752702,-1.0201295542340385,8,8,1000,3.000434077479319,Cad_1000ppm_21.xlsx
87.80928307070701,2.2339694232587384,-0.5,0.0,5.560968345934334,0.060000000000000026,-0.17771769563381207,-1.336653324655215,213.37836615250714,6.183656597478336,-0.8,0.0,30.119546564277332,0.0,0.01404399596485997,-1.020142827354854,8,8,1000,3.000434077479319,Cad_1000ppm_22.xlsx
87.43993947323233,1.8547672944177642,-0.5,0.0,5.527251447774885,0.060000000000000026,-0.17310311136568113,-1.345641869345932,211.29785734967527,6.088944607918427,-0.8,0.0,29.836195365997305,0.0,0.014618741800208388,-1.0233647088918316,8,8,1000,3.000434077479319,Cad_1000ppm_23.xlsx
87.17383377550502,2.1362029272558383,-0.5,0.0,5.4984754327761465,0.060000000000000026,-0.17504827296476816,-1.3409607871887053,210.22355399774523,6.0087922279365795,-0.8,0.0,29.65558062564891,0.0,0.016393515585928234,-1.0215340670847428,8,8,1000,3.000434077479319,Cad_1000ppm_24.xlsx
86.78684349797977,2.179445076518326,-0.5,0.0,5.47114374273845,0.060000000000000026,-0.17393279711904364,-1.341268183686807,208.59248166946242,6.06302971575841,-0.8,0.0,29.410506788869323,0.0,0.016855513774048675,-1.0228363729129923,8,8,1000,3.000434077479319,Cad_1000ppm_25.xlsx
86.03441430757576,1.9890969499618045,-0.5,0.0,5.42318917760425,0.060000000000000026,-0.1715130336331087,-1.343576138757797,207.66913732932892,6.025974367632869,-0.8,0.0,29.26720843895906,0.0,0.01950780802751883,-1.0244206724290792,8,8,1000,3.000434077479319,Cad_1000ppm_26.xlsx
85.7750076103535,2.133504064756101,-0.5,0.0,5.396160807346134,0.060000000000000026,-0.16626651336717416,-1.3481987724665112,207.16792844940468,5.832583227171526,-0.8,0.0,29.146539493039597,0.0,0.024052227310497783,-1.0208904502219194,8,8,1000,3.000434077479319,Cad_1000ppm_27.xlsx
85.55854046742421,2.10083324353356,-0.5,0.0,5.368861671499091,0.060000000000000026,-0.1593680031396068,-1.3491371509250931,206.29146479889965,5.993638600120428,-0.8,0.0,29.014312723563044,0.0,0.0231965191158924,-1.0225244860461347,8,8,1000,3.000434077479319,Cad_1000ppm_28.xlsx
85.26943103358585,2.0288380549625056,-0.5,0.0,5.333987864426942,0.060000000000000026,-0.15329842064996943,-1.3513256298168161,204.52315123273803,6.1740562771711565,-0.8,0.0,28.74611983456233,0.0,0.022891159425430928,-1.023508187173329,8,8,1000,3.000434077479319,Cad_1000ppm_29.xlsx
70.07574198964649,1.5800077425479706,-0.5,0.0,4.328115512314028,0.060000000000000026,-0.14834350622464745,-1.2775681476047245,192.9582788425324,5.855690428194192,-0.8,0.0,27.834036473634384,0.0,-0.05724264143395402,-1.0561793017744479,8,8,1000,3.000434077479319,Cad_1000ppm_3.xlsx
84.88255284469693,2.1612130494848323,-0.5,0.0,5.286533415789135,0.060000000000000026,-0.1457819432536322,-1.349883655066989,202.89506438657997,6.203814041145513,-0.8,0.0,28.504179777131313,0.0,0.022533229609218223,-1.0239860795564282,8,8,1000,3.000434077479319,Cad_1000ppm_30.xlsx
84.40696151085855,2.0141261367672585,-0.5,0.0,5.246861546890866,0.060000000000000026,-0.14295693091697778,-1.3509966338808412,201.89209455005408,5.968484266787391,-0.8,0.0,28.320260375753882,0.0,0.02460916816386511,-1.024021484018356,8,8,1000,3.000434077479319,Cad_1000ppm_31.xlsx
84.3480848050505,2.1878027293836486,-0.5,0.0,5.2353305657572085,0.060000000000000026,-0.1436187785395593,-1.3461248558778227,200.7206842613275,6.036854446383604,-0.8,0.0,28.153312447987737,0.0,0.02534008935000444,-1.0238893860590124,8,8,1000,3.000434077479319,Cad_1000ppm_32.xlsx
83.78158654267673,2.1552957934581416,-0.5,0.0,5.2066782523014,0.060000000000000026,-0.14486744117788058,-1.348738376744407,198.75453089998192,5.964108924711583,-0.8,0.0,27.858443295487287,0.0,0.028213653516941488,-1.0247973451498846,8,8,1000,3.000434077479319,Cad_1000ppm_33.xlsx
83.55554287499999,2.0371524473135616,-0.5,0.0,5.147311851139063,0.060000000000000026,-0.12688974053231075,-1.3477728373902,198.26453763749993,5.676074985449138,-0.8,0.0,27.794642173407926,0.0,0.02756783138352525,-1.0235290956125507,8,8,1000,3.000434077479319,Cad_1000ppm_34.xlsx
83.96420029343432,2.2127490276083677,-0.5,0.0,5.135147921977265,0.060000000000000026,-0.1087898928768991,-1.349632328338549,198.54396095014422,6.188514180273727,-0.8,0.0,27.86912896939322,0.0,0.024081388323703466,-1.0302633164090444,8,8,1000,3.000434077479319,Cad_1000ppm_35.xlsx
83.77335788939394,2.289933474263817,-0.5,0.0,5.1019292408391,0.060000000000000026,-0.10443374275167241,-1.3448191402846121,197.51485994529216,5.972408704751483,-0.8,0.0,27.69311022008433,0.0,0.02602547144039367,-1.0309701822141366,8,8,1000,3.000434077479319,Cad_1000ppm_36.xlsx
83.27809932247476,2.254217362838474,-0.5,0.0,5.053503758677304,0.060000000000000026,-0.0977625711506656,-1.3477530925389805,195.92761221969687,6.215755826249328,-0.8,0.0,27.43949960115657,0.0,0.027044023521490827,-1.0330241318659636,8,8,1000,3.000434077479319,Cad_1000ppm_37.xlsx
82.80039370959592,2.5874329174507773,-0.5,0.0,5.009396212799416,0.060000000000000026,-0.09098416924756658,-1.3424951706635286,193.78594132247468,6.492774692359405,-0.8,0.0,27.164761262636546,0.0,0.025793024595774573,-1.0348289350653392,8,8,1000,3.000434077479319,Cad_1000ppm_38.xlsx
81.68626014444443,2.617752636362199,-0.5,0.0,4.932619084709952,0.060000000000000026,-0.08720497120782719,-1.344940559677826,191.85444627606412,6.402774521962087,-0.8,0.0,26.860401162957523,0.0,0.02769196148613659,-1.0359207886033168,8,8,1000,3.000434077479319,Cad_1000ppm_39.xlsx
72.9135214063131,1.4786335920844904,-0.5,0.0,4.532258287010996,0.060000000000000026,-0.15805913384015727,-1.2773429396480014,199.67010632485562,6.156531449044411,-0.8,0.0,28.72289946461887,0.0,-0.04878771845789254,-1.0501721916141427,8,8,1000,3.000434077479319,Cad_1000ppm_4.xlsx
81.59931601439392,2.4132924709912214,-0.5,0.0,4.932685865298875,0.060000000000000026,-0.08757600403235452,-1.3442174684571526,191.7253095534631,6.30333500764851,-0.8,0.0,26.84550519389358,0.0,0.029801431961495227,-1.03591595656558,8,8,1000,3.000434077479319,Cad_1000ppm_40.xlsx
81.04248140833329,2.50878473096973,-0.5,0.0,4.878427143891949,0.060000000000000026,-0.08022867973923757,-1.340495799019391,190.435315007251,6.27726778494929,-0.8,0.0,26.657170576145568,0.0,0.029973743207432398,-1.0365790529676446,8,8,1000,3.000434077479319,Cad_1000ppm_41.xlsx
80.1371141641414,2.594984108231039,-0.5,0.0,4.828308138731957,0.060000000000000026,-0.08632544307938628,-1.3342627851561795,188.61481153086208,6.4216581986779,-0.8,0.0,26.368979798624007,0.0,0.03311369180986003,-1.0346149408282257,8,8,1000,3.000434077479319,Cad_1000ppm_42.xlsx
79.1247941247475,2.5185090640132173,-0.5,0.0,4.763706461948768,0.060000000000000026,-0.08614314240285356,-1.3385081218967105,186.38170614209952,6.364952498334588,-0.8,0.0,26.004112070083877,0.0,0.03877878475778992,-1.0320340316290095,8,8,1000,3.000434077479319,Cad_1000ppm_43.xlsx
78.03728376136362,2.7085524228163487,-0.5,0.0,4.708495844625714,0.060000000000000026,-0.08880239856157976,-1.3385267341201326,184.51590861850644,6.216135451834406,-0.8,0.0,25.729192176395564,0.0,0.04052717868006367,-1.0335431466239688,8,8,1000,3.000434077479319,Cad_1000ppm_44.xlsx
77.34371682070704,2.4459306131052823,-0.5,0.0,4.663240026567454,0.060000000000000026,-0.08475172974672751,-1.3401523705573126,183.05474421280658,5.894281810456774,-0.8,0.0,25.494817485790946,0.0,0.04147897990374031,-1.0316624750119343,8,8,1000,3.000434077479319,Cad_1000ppm_45.xlsx
76.79740300101004,2.4287162497054378,-0.5,0.0,4.615501043436862,0.060000000000000026,-0.08062627834212863,-1.338954233774261,182.0744287658008,6.037606296407543,-0.8,0.0,25.358918004272013,0.0,0.04114279582713988,-1.0291397345274231,8,8,1000,3.000434077479319,Cad_1000ppm_46.xlsx
76.15442458383835,2.631104080437662,-0.5,0.0,4.574907259657642,0.060000000000000026,-0.08149698434208641,-1.3392729471128313,180.6438114372835,6.108671347623938,-0.8,0.0,25.15298355161788,0.0,0.04108646318398607,-1.0310038614535801,8,8,1000,3.000434077479319,Cad_1000ppm_47.xlsx
75.80830634898989,2.7406721139996555,-0.5,0.0,4.566268208634916,0.060000000000000026,-0.08611461598115361,-1.3362495348719046,179.81279439650064,6.295101132913946,-0.8,0.0,25.023302028645208,0.0,0.04275056245576414,-1.028628834987146,8,8,1000,3.000434077479319,Cad_1000ppm_48.xlsx
75.26032149191914,2.61421565478223,-0.5,0.0,4.522957361242418,0.060000000000000026,-0.08375032474787651,-1.3381154122596748,178.47070116435782,6.200042963918878,-0.8,0.0,24.8452708897565,0.0,0.04359705575142819,-1.0289870223662183,8,8,1000,3.000434077479319,Cad_1000ppm_49.xlsx
75.5101451729798,1.90463822229944,-0.5,0.0,4.727104552562223,0.060000000000000026,-0.17165574504662395,-1.2792877139885537,204.63891405880224,6.499852683622072,-0.8,0.0,29.394207522432183,0.0,-0.041840649890488385,-1.0423598330759878,8,8,1000,3.000434077479319,Cad_1000ppm_5.xlsx
74.76035391843432,2.412680909078675,-0.5,0.0,4.489748272441733,0.060000000000000026,-0.08018745540787815,-1.343134121109508,177.62219873681448,5.645302798573387,-0.8,0.0,24.723146242047715,0.0,0.043322565389430204,-1.030886574365985,8,8,1000,3.000434077479319,Cad_1000ppm_50.xlsx
76.52074942550502,1.8706891518610913,-0.5,0.0,4.8154193659659015,0.060000000000000026,-0.17780225516253806,-1.2897386807140119,206.08161216351002,6.661049477277112,-0.8,0.0,29.511924608088115,0.0,-0.032471641051361175,-1.0380352056416529,8,8,1000,3.000434077479319,Cad_1000ppm_6.xlsx
78.65787613080803,1.8597264563321618,-0.5,0.0,4.970857625006849,0.060000000000000026,-0.1867519075567064,-1.2839350974102235,209.05783309623007,6.538286064837574,-0.8,0.0,29.900659322701934,0.0,-0.0282808067697682,-1.033284387478773,8,8,1000,3.000434077479319,Cad_1000ppm_7.xlsx
79.87643120883833,1.9205755870738632,-0.5,0.0,5.04485735265277,0.060000000000000026,-0.18634240428473117,-1.2877712819315015,210.49821079175678,6.248018144084402,-0.8,0.0,30.085455472107416,0.0,-0.023848366723752755,-1.0337947242771293,8,8,1000,3.000434077479319,Cad_1000ppm_8.xlsx
83.5373489242424,1.6330610461644608,-0.5,0.0,5.159755359862908,0.060000000000000026,-0.13223267659745164,-1.3157857571226272,217.79228387424232,18.201607826618073,-0.795,0.013228756555322966,31.7428933248842,0.0,-0.02871485178939134,-1.1136328237118982,8,8,1000,3.000434077479319,Cad_1000ppm_9.xlsx
