ppm,upper_Ip_mean,upper_Ip_std,upper_Ep_mean,upper_Ep_std,upper_Area_mean,upper_FWHM_mean,upper_skewness,upper_kurtosis,lower_Ip_mean,lower_Ip_std,lower_Ep_mean,lower_Ep_std,lower_Area_mean,lower_FWHM_mean,lower_skewness,lower_kurtosis
0,3.50889193777056,0.879283784111244,-0.6174999999999999,0.004330127018922197,0.1790654390259727,,-0.10335588542163468,0.5798005164601394,35.36824918438851,3.2563560644121057,-0.8,0.0,5.627631255176948,,0.7186643495431088,0.19044304971446135
0,3.369446454653693,0.4190363166549475,-0.51875,0.0033071891388307415,0.2010895271901141,0.05333333333333338,0.030757347005796215,-1.1903259438925637,26.43899481358224,1.0400055123873804,-0.795,0.007071067811865481,4.731200572853355,,0.9195494166772384,0.2986813805937298
0,3.5555629510822624,0.3075237363475305,-0.51875,0.0033071891388307415,0.21573579479545296,0.05500000000000005,-0.013326211717495456,-1.046789224067218,26.69903520012625,0.7949019112090925,-0.8,0.0,4.733800910007035,,0.9024801555636865,0.25729849495913515
0,3.6646510362193463,0.466182854808673,-0.52,0.0,0.22419321906673717,0.06333333333333335,-0.01829686108049504,-1.2207111763964253,26.848977284126974,0.7978823399936398,-0.8,0.0,4.771315065079005,,0.8908178943240748,0.23776188649747987
0,3.56903259898991,0.4806553239317256,-0.51875,0.0033071891388307415,0.23232825262734347,0.0666666666666667,-0.21061944919254133,-1.007752970472271,26.79860905111832,0.7579812290063848,-0.7987500000000001,0.0033071891388307415,4.739315130943726,,0.9007588676724796,0.2782902754079246
0,3.726410985714299,0.4186341149496384,-0.51875,0.005994789404140905,0.22568316975937835,0.06250000000000003,-0.021044629250547287,-1.0257186422739442,26.816873340241692,0.9492224879884219,-0.7987500000000001,0.0033071891388307415,4.745246516295636,,0.898523063560795,0.2605522230026593
0,3.5697525695526817,0.31376718370472284,-0.5162500000000001,0.0048412291827592754,0.2150367385429281,0.065,-0.0438951616268929,-1.047821765468027,26.898605818506482,0.9973872903938832,-0.7987500000000001,0.0033071891388307415,4.751673070431639,,0.9186975828474286,0.3240493215406683
0,3.7249452821789446,0.4551502188714945,-0.5162500000000001,0.0048412291827592754,0.22901353756998422,0.06250000000000003,-0.03731073844654993,-1.1873275585915102,26.937146994823227,1.0246981394031542,-0.7975000000000001,0.004330127018922197,4.771154656625003,,0.9098116310208302,0.28946695119899596
0,3.0957881878427154,0.3110593985526834,-0.51875,0.0033071891388307415,0.18848040868650612,0.0625,0.01287414915045576,-1.1001520810811343,27.6025516943813,0.8139821440097337,-0.7975000000000001,0.004330127018922197,4.931410773622476,,0.8801479839190738,0.21304751564246205
0,3.567685207323242,0.4030189525232721,-0.52,0.0,0.2266983022831874,0.06333333333333335,-0.12419794547078225,-1.155392583954594,27.07931240849566,0.8640596047498813,-0.7975000000000001,0.004330127018922197,4.829352828937411,,0.9088102860479337,0.28183491019469814
0,3.627875249855702,0.44199235467062464,-0.52,0.0050000000000000044,0.2260831373636348,0.065,-0.08573636312516679,-1.11578546477319,27.063809972853523,0.7924504131469969,-0.7962500000000001,0.006959705453537534,4.794808733027056,,0.9108553215035877,0.3156712778751165
0,3.714450591125558,0.2673452149268999,-0.51625,0.006959705453537534,0.21988421104148498,0.05333333333333338,0.048358513207250056,-1.266506977650519,26.697927812572136,0.7708592630130469,-0.7962500000000001,0.0048412291827592754,4.798632667664864,,0.9059783001138146,0.2459985362301051
0,3.799866027056297,0.3755116822583933,-0.5175000000000001,0.004330127018922197,0.22805376902236546,0.06333333333333335,0.011593715551415376,-1.2197293538231082,26.794649871590902,0.7913999001388173,-0.7962500000000001,0.006959705453537534,4.782597334672078,,0.9029539037640082,0.2669272500337632
0,4.628611059307367,0.3050857031298807,-0.5175000000000001,0.004330127018922197,0.283833205598123,,-0.058068461933320575,-1.2546141821385397,28.244749085624086,0.5767722797306858,-0.795,0.007071067811865481,5.142505581983045,,0.906644856802971,0.1867954404032151
0,4.66417268964647,0.326061675720255,-0.5175000000000001,0.004330127018922197,0.28206750732467406,0.06000000000000005,-0.028422932573254872,-1.295346275578841,27.014024526316724,0.6394374242254232,-0.7975000000000001,0.006614378277661483,4.855661176054833,,0.85907463279268,0.09203818486513232
0,4.385610103174612,0.22794181792937984,-0.5175000000000001,0.004330127018922197,0.2581517217604604,0.05500000000000005,0.05833129618449243,-1.3299751010087006,25.99354026857863,0.6920289599939946,-0.7987500000000001,0.0033071891388307415,4.616189837336399,,0.8797627185105683,0.21500316019096471
0,4.546694051226558,0.32770513185184086,-0.51625,0.0048412291827592754,0.28166731813852675,0.06333333333333335,-0.06430653216123124,-1.174479888490822,25.74335203964645,0.7726243528029259,-0.795,0.007071067811865481,4.549104879264069,,0.8545619676264324,0.16635095726773474
0,4.387428300252539,0.5497910504307727,-0.5175000000000001,0.004330127018922197,0.266540477707791,0.06000000000000002,-0.011574489716700054,-1.2539128678001945,25.22304576868686,0.9231513936652403,-0.7987500000000001,0.0033071891388307415,4.474042377450036,,0.8628902637310928,0.15088656551232033
0,4.269763457972595,0.4607651983195759,-0.51875,0.005994789404140905,0.2658546539682527,0.06999999999999995,-0.10539028514752477,-1.256069407560884,24.922089817171706,0.8471359699330255,-0.7975000000000001,0.004330127018922197,4.407710287603716,,0.843664266416046,0.13483646972996066
0,4.36891743809524,0.4937124546679318,-0.5175000000000001,0.004330127018922197,0.2757042546259003,0.065,-0.13264758537750548,-1.1936598337630722,24.70912501286074,0.8853031818004402,-0.7975000000000001,0.004330127018922197,4.364742883189214,,0.858853451259387,0.18451807454662517
0,4.3844875176767815,0.37785684508756695,-0.5175000000000001,0.004330127018922197,0.27025441761363506,0.06000000000000005,-0.07626624268399938,-1.243493688748849,24.69419556174241,0.7306618174448863,-0.7962500000000001,0.0048412291827592754,4.363278272637085,,0.865654195883119,0.17094892533488903
0,4.339042190331902,0.5618227197738114,-0.51875,0.0033071891388307415,0.2780646180869395,0.06000000000000005,-0.1657054196576897,-1.1768492023343171,24.520592664159444,0.8352550949993303,-0.795,0.008660254037844393,4.330691206049965,,0.8583790581717663,0.14882481691338068
0,2.8696120863636407,0.35244093080488326,-0.5225,0.004330127018922197,0.17553013876551066,0.065,-0.05698108390572722,-0.9411512488824918,27.12774367316016,0.7957605307036186,-0.7975000000000001,0.004330127018922197,4.814450845026336,,0.8682771426485613,0.1749291971698959
0,4.561916105699872,0.45769535156400776,-0.5175000000000001,0.004330127018922197,0.29571383983946486,0.065,-0.19844947440474112,-1.132819714900887,24.653340082088732,0.7530990877077408,-0.7975000000000001,0.004330127018922197,4.309254955915044,,0.8501647282070407,0.14658411057369874
0,4.530419635966817,0.3550303663424434,-0.51875,0.0033071891388307415,0.28738209843542395,0.07999999999999996,-0.14592414100304113,-1.1624941000535818,24.25877250615078,0.738251921166113,-0.7975000000000001,0.006614378277661483,4.29173818832197,,0.852844833529909,0.16580295768087372
0,4.401430275793665,0.3546871711949777,-0.5175000000000001,0.004330127018922197,0.28050365816919076,0.065,-0.16841495297259207,-1.1686674523293568,24.56150050900071,0.9500575112021744,-0.795,0.008660254037844393,4.326111286794372,,0.8322405367956284,0.08181216361262195
0,4.456922356890335,0.439309734779101,-0.5175000000000001,0.006614378277661483,0.285124363147906,0.07,-0.1639443898410255,-1.1806868949471525,24.761365251966076,0.8061224088914164,-0.7987500000000001,0.0033071891388307415,4.300687207458333,,0.8146044508254889,0.07444553203888143
0,4.4364091613636365,0.567046134168879,-0.515,0.007071067811865481,0.28335942936724223,0.06000000000000005,-0.16976103630867134,-1.1295504941075778,24.552225912518026,0.8431777867791372,-0.79625,0.006959705453537534,4.3337085300321085,,0.8515934559251241,0.17079113256546635
0,4.552374231565664,0.3448520776629711,-0.51875,0.0033071891388307415,0.2846805416659437,0.065,-0.11134228915332217,-1.1817516875111256,24.536522454509367,0.9888816132265045,-0.79625,0.006959705453537534,4.317075469044914,,0.8501874601652919,0.13635846810302732
0,4.472592611544021,0.5087480058021463,-0.5175000000000001,0.004330127018922197,0.27845013377849803,0.06000000000000005,-0.07221805345406025,-1.1922144627377622,24.45959435211038,0.8737026492988568,-0.795,0.007071067811865481,4.3115383625404045,,0.8351961889396382,0.10377596781356119
0,4.438650044877356,0.2788573802841994,-0.5175000000000001,0.004330127018922197,0.2834576957658718,0.065,-0.18010518500847889,-1.1635482149919179,24.568496665746743,0.7427574234689014,-0.79625,0.006959705453537534,4.312311348550686,,0.8341898904115927,0.10590448132844898
0,4.235340231746035,0.3758161169263027,-0.515,0.010000000000000009,0.27101092686796363,0.07,-0.17554910342591257,-1.1679443641884424,24.721431205826107,0.7166778451036739,-0.7987500000000001,0.0033071891388307415,4.351885099965548,,0.8268452386436016,0.08149659409461657
0,4.448997051262639,0.5299465045249279,-0.5175000000000001,0.004330127018922197,0.27903954107575624,0.06000000000000005,-0.11088292611983389,-1.177553878400445,24.654742806854244,0.8658973062428378,-0.7987500000000001,0.0033071891388307415,4.362842634306638,,0.8435671448933488,0.10931675208168412
0,3.1144719882395497,0.42498876417667153,-0.51875,0.0033071891388307415,0.18358096337229324,0.060000000000000026,0.0695072028447503,-1.1453343040411377,26.43009926749638,0.8952958125199618,-0.7975000000000001,0.006614378277661483,4.707522184175686,,0.8965570973589236,0.2719800241602809
0,4.392573145490635,0.48314221707518495,-0.51625,0.0048412291827592754,0.2857229479458866,0.06000000000000005,-0.21203728520236614,-1.076663252471838,24.703775940115428,0.6545534223207697,-0.7987500000000001,0.0033071891388307415,4.339392179763889,,0.840509696084236,0.12581476695317295
0,4.6334716049422955,0.44178489170344587,-0.51875,0.005994789404140905,0.29949404299530913,0.07,-0.19014358725491665,-1.1577543991983648,24.437149434758286,1.007614965211385,-0.79375,0.008569568250501312,4.307487901813131,,0.8574395558119117,0.163612344834839
0,4.35767366118327,0.346271352539466,-0.5175000000000001,0.004330127018922197,0.27642646180771885,0.065,-0.12409158026869734,-1.1697526458724266,24.77897969835857,1.1292066371262741,-0.7962500000000001,0.0048412291827592754,4.328218281574495,,0.8251756103129667,0.09171922545530614
0,4.6925543490981365,0.42038014887858594,-0.5175000000000001,0.004330127018922197,0.29289962374422696,,-0.10066137702376812,-1.2961028548637756,24.491598016089448,0.7447485596697107,-0.79375,0.006959705453537534,4.3458425573742785,,0.8608492699151915,0.19413696873829162
0,4.486669825180382,0.38469118948046405,-0.5162500000000001,0.006959705453537534,0.2898341084660879,0.06000000000000005,-0.20285904153771933,-1.077093481168715,24.758770497997823,0.8842743753489244,-0.7975000000000001,0.004330127018922197,4.360284751883658,,0.8497342926878593,0.13971266831521567
0,4.484347885497845,0.6985093002796668,-0.5175000000000001,0.004330127018922197,0.2924141769595947,0.065,-0.2078652200359056,-1.1053542905359885,24.70355907867964,0.9572826657016156,-0.7987500000000001,0.0033071891388307415,4.340239133779942,,0.8412336077441335,0.12964016690344632
0,4.547734106782116,0.3421825135853044,-0.5162500000000001,0.008569568250501312,0.2838777131854243,0.065,-0.11236015697125704,-1.252794478302926,24.721572096320337,0.9002746263061056,-0.7962500000000001,0.0048412291827592754,4.342082518169374,,0.8331814742862409,0.12739869561956513
0,4.67543999779943,0.4984814653397867,-0.5175000000000001,0.004330127018922197,0.30250946554401026,0.06000000000000005,-0.20633121989714232,-1.1006770975004514,24.804286084145012,0.890833372329214,-0.7975000000000001,0.006614378277661483,4.372123494123377,,0.8531021877884055,0.1252276261294113
0,4.3847683524891865,0.3058692061168815,-0.52,0.0,0.2846445449520187,0.06000000000000005,-0.2139565614783209,-1.1108132241542994,24.86550785607863,0.6823253601529179,-0.7975000000000001,0.004330127018922197,4.369394979789503,,0.8395810525451842,0.11943056979744371
0,4.494916105808092,0.409357482810412,-0.5175000000000001,0.004330127018922197,0.28748596066414006,0.06000000000000005,-0.1781443687752136,-1.1778316398012456,24.73517779276694,0.8399858904551886,-0.7975000000000001,0.006614378277661483,4.369179752026515,,0.8562146943950039,0.1386138763415261
0,3.4701804418109736,0.4467241512036428,-0.52,0.0050000000000000044,0.20842787093398116,0.060000000000000026,0.011767961939128269,-1.0541222764411327,26.384928892406194,0.9496925570070741,-0.7987500000000001,0.0033071891388307415,4.686144612213024,,0.897360450901719,0.2770520939150445
0,4.48014372846321,0.5415067267111523,-0.51875,0.0033071891388307415,0.28771551152092195,,-0.21257555827708505,-1.131524437381343,24.86608653908729,0.8408838834611383,-0.7962500000000001,0.0048412291827592754,4.364961446294373,,0.8361645143495557,0.10677389318348035
0,3.393511997402612,0.5716716111097101,-0.52,0.0050000000000000044,0.20612160726046064,0.06250000000000003,0.022020730103277,-1.2172563582732827,26.277623976713546,0.8685150120373539,-0.7962500000000001,0.0048412291827592754,4.696808908580087,,0.9197847599587992,0.32939170902140735
0,3.5186338313131404,0.39073028266827553,-0.52,0.007071067811865481,0.21149913825865635,0.06500000000000003,0.034461420237864304,-1.2466594760736087,26.34898291996752,0.960532638394559,-0.795,0.007071067811865481,4.6943048058584065,,0.9137859569448785,0.303013364882575
0,3.5444465271645176,0.36348518280354297,-0.51875,0.0033071891388307415,0.19980528041341905,0.05333333333333338,0.19080186759656992,-1.2372066082092825,26.569775909361464,0.7553351094277261,-0.7987500000000001,0.0033071891388307415,4.7357768437050884,,0.9058946019641143,0.2672608118229803
0,3.5157805726190543,0.5377688172476425,-0.52,0.0,0.21057114896861295,0.06000000000000002,0.013826487566254625,-1.1658712989628266,26.40785432774169,0.7966551994498878,-0.7987500000000001,0.0033071891388307415,4.739121700760462,,0.9111778855411701,0.2780333007698251
2,3.0138363115079394,0.302652304165296,-0.5125,0.008291561975888507,0.19142669291846925,,-0.15831175872094982,-1.296802717112568,19.211978101866872,0.5102249551881439,-0.7987500000000001,0.0033071891388307415,3.1702769956461045,,0.49027758012791295,-0.7337340085906632
2,2.7506289813852853,0.35516774173572163,-0.5125,0.006614378277661482,0.15682251744877224,,0.0935757145245091,-1.1056633609163342,18.398533662247463,0.4811760013908266,-0.8,0.0,3.1033105855328302,,0.5817587945495375,-0.5803393140299269
2,2.598383252417036,0.2917166640069203,-0.5137499999999999,0.009921567416492224,0.15544048348629047,,-0.012486518707585124,-1.3148211844611069,18.236837054545447,0.34282129373988013,-0.8,0.0,3.0968329172000377,,0.5845749828511817,-0.6007691141959425
2,2.8008045247114057,0.4583073088741267,-0.51125,0.007806247497998005,0.16552202468614602,,-0.0033923993673285052,-1.2066042794635838,18.621911011056987,0.6711070596220629,-0.8,0.0,3.1613183591933645,,0.605774277075463,-0.5713112767894442
2,2.720009010101013,0.169328769021328,-0.50875,0.007806247497998005,0.15945229312770454,,0.004583690256639655,-1.369088277148614,18.751577853841983,0.5149847241677493,-0.8,0.0,3.1798096288306295,,0.591046629402273,-0.5818335466597799
2,2.643610669155849,0.3432914388108147,-0.51,0.010000000000000009,0.15388703254256741,,0.058043387418065674,-1.335469435146259,19.057454725829714,0.49539052718215004,-0.8,0.0,3.213220875515514,,0.5720257321927351,-0.6191640512978344
2,2.6130673739538337,0.3064777575855816,-0.51125,0.007806247497998005,0.1603937553614707,,-0.079723681367425,-1.2562952822971494,18.861393154328994,0.5417497163654433,-0.8,0.0,3.2222924877882413,,0.5891164360860468,-0.5964752322903393
2,2.4529303207792226,0.21607151689689988,-0.5075,0.008291561975888507,0.1312199490959584,,0.22948822398104388,-1.3007035948314654,19.147264259632024,0.700504929374782,-0.8,0.0,3.2454744222696625,,0.5928909814545027,-0.5844027317023719
2,2.5847243051587423,0.31189210466797057,-0.51,0.007071067811865481,0.1491300873712112,,0.07231765560425574,-1.4241005688533899,19.181391227146452,0.5247135862988715,-0.8,0.0,3.243665192139432,,0.6065719958516067,-0.5489832571674998
2,2.3264359155483536,0.2993208641065385,-0.51,0.0050000000000000044,0.12507241831096627,,0.24753748786611185,-1.4613614383586062,19.056978925901866,0.3653901640628515,-0.8,0.0,3.2612934902105,,0.6116140292147408,-0.5406918646161327
2,2.4260607217893297,0.16359969490129608,-0.51125,0.005994789404140905,0.13290000908044627,,0.18272022266196863,-1.3585571383236124,19.044459330862185,0.5549811852020209,-0.8,0.0,3.2642286619808827,,0.6121490973990494,-0.5510228869499811
2,2.7774282152958247,0.38417041571479404,-0.515,0.007071067811865481,0.17500593497510722,,-0.1693754340935818,-1.1596430306389258,18.674492199116152,0.6785708041425766,-0.8,0.0,3.1091655857575766,,0.5322432073682482,-0.6715423022228888
2,2.4763930014069273,0.27385550485008525,-0.5137499999999999,0.008569568250501312,0.13918823741089292,,0.1501518293328401,-1.3009279640716314,19.370083692514417,0.44561905127318735,-0.8,0.0,3.2733261076937232,,0.5870667782985083,-0.6014450013592917
2,2.200353213924977,0.32662285900875193,-0.50875,0.005994789404140905,0.12045100588564162,,0.1805581098296309,-1.3734543445885306,19.591047872041838,0.6395959457093395,-0.7987500000000001,0.0033071891388307415,3.3471761596076863,,0.6054255749131595,-0.5707849575008824
2,2.2480452416305954,0.25014273073087956,-0.51125,0.005994789404140905,0.12003185183116771,,0.22226871680282462,-1.3194999819420494,19.74407935907286,0.5999434425116594,-0.8,0.0,3.37488877073052,,0.6186752679280265,-0.5364002852169738
2,2.202402220490633,0.17279924125126195,-0.515,0.007071067811865481,0.11259209399675231,,0.30757602016015473,-1.358944553850453,19.63073129273087,0.6174609149465705,-0.7987500000000001,0.0033071891388307415,3.3502364036367265,,0.6022941503106667,-0.5814693903118471
2,2.256929639177487,0.2492388161711601,-0.51125,0.007806247497998005,0.11628691014105186,,0.2968225699829708,-1.3026912050957486,19.740989721753238,0.6541902058063073,-0.8,0.0,3.374583306926769,,0.63148541830837,-0.5124120960437393
2,2.015886285750369,0.2895614423757131,-0.51125,0.005994789404140905,0.10520806693253901,0.050000000000000044,0.28413231952042034,-1.2764246864734767,19.259438558874454,0.6028221975196404,-0.7987500000000001,0.0033071891388307415,3.3266774527783216,,0.6295790923554232,-0.5295175182496565
2,1.9496567586219502,0.2777228518828556,-0.51,0.007071067811865481,0.09284728336868664,0.050000000000000044,0.43023751401380717,-1.1889356251429162,19.738096785533905,0.6223416219104085,-0.7987500000000001,0.0033071891388307415,3.3924542865169576,,0.6163638576348289,-0.5538253862857281
2,1.943828592821065,0.3568082602375711,-0.5075000000000001,0.006614378277661482,0.09777946510317333,,0.30983500557408733,-1.3037200385664336,19.743218412391766,0.31971102348932884,-0.8,0.0,3.3918045500494247,,0.6286060702283687,-0.5235425515726937
2,2.0447379075396914,0.24146735298487884,-0.50875,0.005994789404140905,0.10551262505194728,,0.29058612392419025,-1.3631903602420505,19.915864046915573,0.8334030314275972,-0.7975000000000001,0.004330127018922197,3.402778044708155,,0.6172499642702494,-0.5336089369569668
2,1.9717840193001543,0.21462720481652642,-0.51125,0.005994789404140905,0.09819161303390983,0.050000000000000044,0.4194432126895451,-1.2408163800456262,19.846540593578638,0.6085670662793913,-0.8,0.0,3.393820137967895,,0.6150584810632826,-0.534578223412689
2,2.610293506313128,0.4844917159505108,-0.5137499999999999,0.008569568250501312,0.15867425445706926,,-0.04870905801612564,-1.2438582342611275,18.285114627759732,0.6733020995917991,-0.7987500000000001,0.0033071891388307415,3.08514850900379,,0.560724105507709,-0.6386050595705162
2,2.406499870526699,0.2311521314323975,-0.5125,0.006614378277661483,0.13926479457683855,,0.06902136448537724,-1.3318488543343252,19.529077101713554,0.5315727137613866,-0.7987500000000001,0.0033071891388307415,3.327659167620853,,0.5647834327100413,-0.6630446425607903
2,2.2862390734848606,0.29106394344145586,-0.50875,0.005994789404140905,0.12575449621356363,,0.14487477376822155,-1.2597626893146758,19.532548219155835,0.6777926592335066,-0.8,0.0,3.272182031276878,,0.5754937044441917,-0.6213568215665894
2,2.1734432888167503,0.31137552606462077,-0.51,0.008660254037844395,0.11876414665836847,0.06000000000000005,0.12055619949617422,-1.2956085817103475,19.076182621338376,0.5372261826166973,-0.7987500000000001,0.0033071891388307415,3.2373369045553773,,0.5808194244147099,-0.5964679349865822
2,2.0493953494949535,0.1723970687246152,-0.5125,0.004330127018922197,0.10900862158224944,,0.22467213158594326,-1.4258150419186526,19.348438959307348,0.5476638859096763,-0.7987500000000001,0.0033071891388307415,3.312816048099569,,0.6183549484282995,-0.5652083237094508
2,1.7753959527417176,0.2214680733726947,-0.5125,0.006614378277661483,0.08891981562229395,0.06999999999999995,0.3901078141862995,-1.263091875052273,19.440755555681807,0.6666004150619836,-0.7987500000000001,0.0033071891388307415,3.3456918226284293,,0.6003883888719161,-0.5945137720655227
2,1.925273156818195,0.20319811553136796,-0.5125000000000001,0.006614378277661482,0.10287253834379456,0.050000000000000044,0.26085228159635054,-1.1766808422658774,19.6829377353896,0.662245646719061,-0.7987500000000001,0.0033071891388307415,3.3270800070487034,,0.6088572896479173,-0.572326188416258
2,1.8397922922077976,0.20505577288463253,-0.51125,0.007806247497998005,0.09035788988997029,,0.43431936562701967,-1.1613833259188449,19.600672514664495,0.6698779007750874,-0.7975000000000001,0.004330127018922197,3.3483734965476213,,0.6219160924438998,-0.5172807826735151
2,1.9071238642496526,0.34985819852171773,-0.51125,0.007806247497998005,0.09227336639754663,,0.3947578446530909,-1.2008038750930186,19.85741059606781,0.7287974365662124,-0.7975000000000001,0.004330127018922197,3.379344294116163,,0.6115702251198913,-0.5378523831514552
2,1.8519105442640829,0.21319200720937906,-0.50875,0.007806247497998005,0.08110953588347722,0.050000000000000044,0.557553467326375,-1.0713873593875485,19.880722802579356,0.5602940396506898,-0.8,0.0,3.4161078222525267,,0.6223950421871112,-0.5433288690388469
2,1.7118311577922278,0.287666268311526,-0.51,0.007071067811865481,0.07682893031132784,,0.5433081925842462,-1.140464372753513,19.782667003030294,0.4807275626911441,-0.7987500000000001,0.0033071891388307415,3.3911676513497486,,0.635663700509021,-0.5125078825621859
2,2.7831154414862995,0.39777540324819805,-0.51,0.0050000000000000044,0.1681473888026685,,-0.07993544677517356,-1.1963768393541097,18.00304956984126,0.6735824618305247,-0.7975000000000001,0.004330127018922197,3.05183464974928,,0.5646080821945441,-0.6061361957092551
2,1.6548652253607572,0.21105973241033,-0.5075000000000001,0.008291561975888507,0.07185227509163014,,0.534319940786127,-1.0158582424997362,19.9864655692821,0.43956809288505916,-0.7987500000000001,0.0033071891388307415,3.40396226504221,,0.6364155419414506,-0.49750081522744394
2,1.7101959561688505,0.31271323172741883,-0.515,0.007071067811865481,0.08219418319805204,0.050000000000000044,0.41556511611274266,-1.1842069924351253,20.026517393091616,0.5505152855958984,-0.8,0.0,3.4285840447498206,,0.6262313379427199,-0.5255089473147804
2,1.561845946464663,0.3001317837239746,-0.50875,0.007806247497998005,0.06873386587734498,0.050000000000000044,0.5608909042801592,-0.9737014862570106,19.97377592745309,0.6246600052830666,-0.7987500000000001,0.0033071891388307415,3.413811549087483,,0.6253300309899721,-0.5145322815319864
2,1.670570339357878,0.19507811700370695,-0.5375,0.048153400710645555,0.07869534013672372,,0.43220541058245043,-1.1727734431913492,20.257661200432892,0.6731931709248136,-0.7987500000000001,0.0033071891388307415,3.479724891067102,,0.6366372616760743,-0.5122471417761487
2,1.545307016378084,0.1957502855336258,-0.50875,0.009270248108869587,0.06647839121681143,0.050000000000000044,0.5950148296973048,-0.9826598227724886,20.041380901316728,0.6094808873200072,-0.7975000000000001,0.004330127018922197,3.444583037005593,,0.6316237762114763,-0.499059796336621
2,1.5504125829004511,0.2523588942397123,-0.5237499999999999,0.03705991770093398,0.07297040292785048,0.050000000000000044,0.48088916272122817,-1.1916775270605617,20.180804911525964,0.5358540424172249,-0.7987500000000001,0.0033071891388307415,3.4630423107745334,,0.6458465426148158,-0.49917481812149184
2,1.3876227161616508,0.22824108682707064,-0.5075000000000001,0.006614378277661482,0.06475080910317646,,0.42495146440838555,-1.1703420742996409,20.237243010551943,0.6988201644235728,-0.7987500000000001,0.0033071891388307415,3.4490099474485953,,0.6411044651163844,-0.4814426813855413
2,1.43277372297982,0.23167509561276564,-0.5075,0.008291561975888507,0.06464312325469082,0.050000000000000044,0.51397376763197,-0.962095877765146,20.428809828012255,0.6921993715679321,-0.8,0.0,3.483077534872656,,0.6338707559192753,-0.49285778089578913
2,1.4114838472583329,0.22726007167578438,-0.52375,0.03705991770093398,0.0627264905707087,0.050000000000000044,0.5802454992116775,-0.9847868976086644,20.29293528068181,0.5885111299800481,-0.8,0.0,3.4787087960337324,,0.6365304139790061,-0.5053417810579195
2,1.4118266727994495,0.39113637355421693,-0.5237499999999999,0.03705991770093398,0.06805958790584556,,0.3559269708237613,-1.0732313882062312,20.45560980209234,0.6171034385225747,-0.8,0.0,3.4904347340560986,,0.6323516621343617,-0.49501597910424994
2,2.7224302124098196,0.4086741598916294,-0.51125,0.007806247497998005,0.16377002256349094,,-0.06109814061436815,-1.3289503386164312,17.973173990494224,0.8122361327582359,-0.7962500000000001,0.006959705453537534,3.0669630383970077,,0.5843726708020127,-0.5996140478687653
2,1.5563780450938203,0.228496697497938,-0.5375,0.048153400710645555,0.07359137591811088,0.050000000000000044,0.42327472894426654,-1.0420570273259626,20.316582435984834,0.540306653483109,-0.7987500000000001,0.0033071891388307415,3.47468568185516,,0.6342501555549265,-0.4946212636948568
2,2.859578759523818,0.32086703737547767,-0.50875,0.005994789404140905,0.17594489485497739,,-0.09413496113168632,-1.2629802989312935,18.195588879022353,0.6310873431862947,-0.7987500000000001,0.0033071891388307415,3.1141187027305204,,0.5811782680830393,-0.6083141638437644
2,2.6970832939394,0.2576649655912465,-0.5125,0.006614378277661483,0.16367107345454424,,-0.029386896644202645,-1.3395710718379297,18.249367132828276,0.6792576611359783,-0.7987500000000001,0.0033071891388307415,3.0810488485609686,,0.5615830164595882,-0.6203929527917387
2,2.762098698557009,0.20358072280804,-0.51125,0.007806247497998005,0.16249752918398183,,0.045302242940570385,-1.2450793677465146,18.186457820562765,0.6854456431880801,-0.7987500000000001,0.0033071891388307415,3.097555450125544,,0.5656432860817866,-0.6472958535041407
2,2.813281162157296,0.4412861895584852,-0.5125000000000001,0.006614378277661482,0.16873040929292832,,-0.02167985501558119,-1.2351878655943187,18.477141629022356,0.6475574691833776,-0.7987500000000001,0.0033071891388307415,3.1208971730301243,,0.5793635148560785,-0.6122300884118278
4,2.6454131996753296,0.4326895032910652,-0.5237499999999999,0.0048412291827592754,0.17273820568903192,0.06999999999999999,-0.25075295745781656,-0.9684849886462704,19.098813467568533,0.5885988917342797,-0.79375,0.008569568250501312,3.53773628175523,,1.2159351222912749,1.2106933934883495
4,1.335588657395384,0.5676939495627744,-0.5762499999999999,0.043857011982122066,0.0872648737683975,0.04666666666666671,-1.358033756283737,2.533928928126678,27.058133465007202,0.9348532239832306,-0.8,0.0,3.7082317483636364,,0.555785352352437,0.763898421393717
4,1.5158286780303172,0.6965090892764355,-0.5662499999999999,0.04299345880479958,0.092681253728355,0.05500000000000002,-0.7097034195550566,0.6675458018006429,23.273179351325755,1.2865984765569178,-0.8,0.0,3.6453244360481616,,0.9368880611940789,0.9433766561556027
4,1.494240016089471,0.42894521045543565,-0.58375,0.04240798863421842,0.09445114068253901,0.05666666666666668,-0.916856921448588,1.0483542574369107,24.28865275848664,0.8709454821166737,-0.8,0.0,3.633892470906386,,0.8159406396551343,0.8768035164933294
4,1.382420311616157,0.554152837372527,-0.55,0.04092676385936224,0.09191264042604433,0.05666666666666668,-0.9453058711392568,1.3724883109469905,25.13727721180554,1.0170652126928392,-0.8,0.0,3.693999329103715,,0.7595524291954748,0.8092388019814136
4,1.478046208946608,0.5318567182760288,-0.575,0.04527692569068707,0.10001883576082171,0.07,-1.3391767414687399,2.426483066955135,25.434873256800135,0.9546732163072141,-0.8,0.0,3.660933769430375,,0.7015772021182278,0.7575590046578666
4,1.4649326794732969,0.4560856148888961,-0.57625,0.04414110895752392,0.09348643735209114,0.04750000000000004,-0.9582900998671631,1.5322754016328866,26.115427329013336,0.9172117601355969,-0.8,0.0,3.705903387421176,,0.6556375424813616,0.7338529044985678
4,1.5388728254329087,0.6791145267988972,-0.585,0.04527692569068707,0.09174221959668051,0.050000000000000044,-0.8789169007241939,1.3299946167528898,26.381553487968965,0.7970282119825733,-0.8,0.0,3.6829219194307363,,0.6307810641276019,0.8108104775710405
4,2.1705511537157287,0.8079420096431966,-0.605,0.029154759474226494,0.1309323490826099,,-0.8198121942387061,1.5188613812544567,32.717161712409805,0.9282531127169608,-0.8,0.0,3.8525025177929306,,0.1057421545451167,1.033046493383461
4,2.313164196248185,0.6999191828819571,-0.6075,0.025860201081971488,0.14546966345598653,,-0.8709376232241587,1.2473328327619846,32.77110161641412,0.8478225141628088,-0.8,0.0,3.8463175426028147,,0.0831398440076603,1.0413995661311577
4,2.2976685379870037,0.8587056627163656,-0.60625,0.016535945694153707,0.13248561263564038,,-0.5499178733048771,0.9735100908209975,33.11726170129869,1.0067424301948782,-0.8,0.0,3.889186517466631,,0.07856645267490059,1.0083660270379888
4,2.0445999074314685,0.2951275066633795,-0.52625,0.006959705453537534,0.13419863887193273,0.07199999999999998,-0.3016033551204534,-0.8542521898295194,18.777296780266944,0.7676503794029786,-0.795,0.007071067811865481,3.4322150324857503,,1.215699879260611,1.2632152715654263
4,2.39473277121211,0.6300594340145501,-0.61625,0.006959705453537534,0.1421332460591605,,-0.5802190958082475,0.6962947747064202,33.569885524332605,1.1321722043783062,-0.8,0.0,3.9273346543255783,,0.0576875286961128,1.0251107879014767
4,2.4115220806277033,0.7098670205983373,-0.6112500000000001,0.009270248108869587,0.14845308652416875,0.06999999999999995,-0.6528573937869889,0.8092573798473477,33.62694100373375,0.9321437073786647,-0.8,0.0,3.927243724319265,,0.05417278070458101,1.0242247644009574
4,2.5031492791846954,0.827968839424515,-0.615,0.007071067811865481,0.15106513995598655,0.06999999999999995,-0.5148849335315377,0.6525798182442708,33.82989906213923,1.0936106030248551,-0.8,0.0,3.954332436254691,,0.05073746519183013,1.0370000410122184
4,2.44151129999998,0.7736808634050424,-0.615,0.0050000000000000044,0.151467138310603,,-0.6476426014729969,0.8761325308043861,33.4402602096681,0.8432409932015574,-0.8,0.0,3.9284769686057013,,0.0760781624522056,1.0256264841516454
4,2.6977321353535277,0.8367937798164745,-0.6187499999999999,0.0033071891388307415,0.1478264565202003,,-0.2635434985515615,0.4187151693631701,34.845322674621194,1.2304061456240203,-0.8,0.0,3.9994282331060607,,-0.006702236077435026,1.0589102063117717
4,2.8865182659090816,0.7091087572161937,-0.6187499999999999,0.0033071891388307415,0.16832627647438428,,-0.48451922157930105,0.4689708447491295,34.84856894476911,0.7261380043845173,-0.8,0.0,4.025301247842533,,0.011804333239326142,1.035683753533841
4,1.817121123340541,0.7304133241909231,-0.59875,0.029341736485763752,0.11285774574061877,0.05999999999999994,-1.0999719047036076,2.1188690212396977,32.12521676919191,0.6859800884368326,-0.8,0.0,3.8163764297110396,,0.10577065137304609,0.9386643544562987
4,1.9412377330086534,0.5731075751048981,-0.6012500000000001,0.028912583765550934,0.11771522526984003,0.05000000000000001,-0.8447409379471575,1.4806035217933031,31.826080823818536,0.9930993824662662,-0.8,0.0,3.7834416166733416,,0.12236694717070479,0.9507344679341068
4,2.0079582602092367,0.8635708269494141,-0.615,0.008660254037844393,0.11411851514826674,0.06999999999999995,-0.6248183512573522,1.501470180859902,32.13601193225108,1.0459265818254682,-0.8,0.0,3.8292130607206003,,0.13043588432902106,0.99259105972871
4,2.1836813645382365,0.6566515498070826,-0.615,0.008660254037844393,0.1428872436453811,,-1.13895377083732,1.7647563931218837,32.27432382848123,0.8023372618791732,-0.8,0.0,3.7995676644071077,,0.09380401956923806,1.0080576451878096
4,1.8179815120851472,0.3192003388451428,-0.525,0.0050000000000000044,0.11204116930194702,0.058571428571428594,-0.19996939554400045,-0.5322526137892688,19.724101138005043,0.9015792079262376,-0.7987500000000001,0.0033071891388307415,3.5006135082417034,,1.2001575669699225,1.2585619227381566
4,2.392837459415572,0.6789475431545917,-0.61125,0.013635890143294655,0.140722298138526,,-0.75062373642492,1.2215745581913184,31.452398834595943,1.044361264945271,-0.8,0.0,3.795116960722403,,0.17297490299508284,0.9864226736709598
4,2.1607643124458837,0.584469302618915,-0.61375,0.008569568250501314,0.1317615425259724,,-0.8756020612549729,1.2231032150076344,31.906459774585123,0.812813364065524,-0.8,0.0,3.830292510346321,,0.1520927227699087,0.9564843086167794
4,2.2687432150793514,0.711252844748055,-0.615,0.008660254037844393,0.1416811467059858,,-0.915457419041871,1.3020151872232788,32.974851177417015,1.1900747459267986,-0.8,0.0,3.8415669924063867,,0.05173622894680766,1.0517095288029406
4,2.3159158415945127,1.050757233139095,-0.6174999999999999,0.006614378277661482,0.12813645473953655,0.05999999999999994,-0.5593522942262789,1.2984488871687059,32.428521861165216,0.5561186560742785,-0.8,0.0,3.8270680128937604,,0.11044057982551794,1.035679096577622
4,1.9409056506854303,0.6923629104818335,-0.61,0.011180339887498959,0.12380400438636247,,-0.9957207262860681,1.4220242187912255,32.28917050569984,0.7222612977575479,-0.8,0.0,3.839141184955447,,0.12355399854526294,0.9951655704899625
4,2.2494223982323143,0.7390482704782831,-0.615,0.007071067811865481,0.13635625193109469,0.05999999999999994,-0.8399768923495274,1.2532258626083526,32.03054766426767,1.205539689586976,-0.8,0.0,3.8069840177180754,,0.13277897121366988,0.9840901799089781
4,2.13551179516594,0.8611224843550102,-0.6124999999999999,0.016393596310755015,0.13919295403102314,,-0.9953230667081938,1.3627355292410412,32.37682243318,0.6378670780321565,-0.8,0.0,3.857530465087663,,0.11571952907039909,0.9457435230214871
4,1.7860152602453168,0.608020113046692,-0.605,0.029154759474226494,0.10572324237301547,0.05999999999999994,-0.6708216422421915,1.5409710637200027,24.32249079025071,1.4759313043573627,-0.8,0.0,3.6561539560979437,,0.7584870025078664,0.620745489299559
4,1.6952152142857222,0.5751302590594465,-0.5925,0.03699662146737184,0.099848122083333,0.06749999999999998,-0.5944805436407947,1.0066999248785404,27.53926968713924,1.4407962438899815,-0.8,0.0,3.7161445074707795,,0.5118157298030025,0.691899361342891
4,1.6808729049783504,0.5658363142381244,-0.59125,0.03620687089490058,0.11062683205158555,0.050000000000000044,-1.4269121651623702,2.6151105055075052,29.254766543308072,1.1710906623243122,-0.8,0.0,3.7318670477878797,,0.3465762225481328,0.7635614986445807
4,1.5486689986291595,0.33638974111213926,-0.5375000000000001,0.03152380053229622,0.09969503409415534,0.06142857142857145,-0.4980164141492893,0.06900987965309979,20.943610140133472,1.1734241722420051,-0.7987500000000001,0.0033071891388307415,3.6107428924016958,,1.0998585974776152,1.0586548485018608
4,1.7364048354978325,0.7113069185520005,-0.5962500000000001,0.027810744326608728,0.11158461825216268,0.05499999999999999,-1.2268148951861522,1.942614762252287,30.120531996419544,0.9975516788461927,-0.8,0.0,3.765400272584597,,0.27110241463436546,0.8171626122264087
4,1.7288397756493517,0.9091635593298106,-0.5925,0.03491060010942234,0.09891457747546802,0.05249999999999999,-0.6370671441761875,1.5331759479101907,30.888395894155835,1.0502417639208632,-0.8,0.0,3.7715179154531038,,0.20286305333537008,0.8819072043501883
4,1.7782097061688407,0.7994423117850261,-0.60375,0.028695600708122482,0.09475373006493493,0.05499999999999999,-0.5350561635983594,1.586018782163616,29.3865881599567,0.8731111043336294,-0.8,0.0,3.875725394757035,,0.41194470562363505,0.6402268399683677
4,1.629871096717185,0.5358536537051171,-0.58875,0.035509681778354465,0.11408626550036066,0.05499999999999999,-1.3750648586997436,1.9422730884811488,29.846297148106046,1.0098579893219681,-0.8,0.0,3.818718688564754,,0.3087757824868518,0.6354798731540736
4,1.7556141228355013,0.7090894848190449,-0.60625,0.0291279504943276,0.1025416229978349,,-0.7450478163809069,1.5131345520253012,30.607061049494938,0.9203178895641634,-0.8,0.0,3.827994526729799,,0.2702121281105672,0.7475621930087362
4,1.7091630691558564,0.7110713614983168,-0.61375,0.016535945694153707,0.1087681562189755,,-1.2621680730761637,1.9487114297535342,31.006083350252517,0.8012347393489991,-0.8,0.0,3.850194841960138,,0.2357478283575104,0.7575329542021061
4,1.9078637048340554,0.6956216558088114,-0.6,0.029580398915498074,0.12627522954220655,0.05499999999999999,-1.2343613694928481,2.036292398009202,30.939673473728348,1.0068458919097254,-0.8,0.0,3.820754269791669,,0.22177388314042668,0.7843339135211517
4,1.9614586005411025,0.7803599816219964,-0.605,0.018708286933869722,0.12465519311291241,0.06999999999999995,-1.1195775438773594,2.0235179028246844,30.94768961973304,0.5508353325825583,-0.8,0.0,3.803763373956712,,0.2214299566019119,0.8318246224968266
4,2.001647363672432,0.701078794787967,-0.61375,0.008569568250501314,0.12934452973196073,,-1.1001861755711728,1.8083450169754294,31.566944304274884,0.949998682594849,-0.8,0.0,3.794666057837123,,0.1459397387075188,0.8658621826990545
4,2.157626203643576,0.71677173610545,-0.6125,0.009682458365518551,0.12632480902416893,,-0.7568829115184619,1.2550496439157834,32.00202090703462,0.7803106686929632,-0.8,0.0,3.8671804585705276,,0.14045859925683646,0.8126280261508159
4,1.4289963565295891,0.5400278654088833,-0.5562499999999999,0.03935019059674297,0.09513698101948015,0.065,-0.7902219643331463,0.8571217460327573,22.654391005537505,0.8433805513081354,-0.8,0.0,3.6841039493441547,,0.9879886075566464,0.9643806236503004
4,2.0532170961399654,0.7082809194996313,-0.615,0.007071067811865481,0.13002464762626093,,-0.8968670664495845,1.1336804477951687,29.55175055926226,1.10229682249399,-0.8,0.0,4.033375014043652,,0.4262732963959315,0.4106845398946755
4,1.4627588240620506,0.467299750138432,-0.58875,0.034798527267687625,0.09944509258513701,0.0833333333333333,-1.3736819803515203,2.213496499078846,24.148381854698766,1.0345440953558414,-0.8,0.0,3.7610450913033913,,0.914029109754247,0.9721438747703322
4,1.5816590308802345,0.6291482393051957,-0.585,0.040620192023179784,0.0990906978542562,0.05499999999999999,-1.0551287943990453,2.022026338523105,26.46076303640872,0.810572734993939,-0.8,0.0,3.69182143689322,,0.6105958432918248,0.7608437501747007
4,1.5975869034271377,0.5971849073064154,-0.585,0.04527692569068707,0.10091942524206297,0.04666666666666671,-0.9828070943304145,1.4356651974170995,26.691865514871925,0.8887990442782226,-0.8,0.0,3.70124319835552,,0.6038950389925146,0.8103831896735645
4,1.337072125396816,0.6465970003119943,-0.57375,0.039666579131556065,0.08836320362806589,0.05199999999999998,-1.0781236645672299,1.2725063716795644,26.608285048187224,0.8963495841081153,-0.8,0.0,3.674946179336401,,0.6123252124591971,0.8380266967271673
6,3.354390587409811,0.4919467323632755,-0.50875,0.005994789404140905,0.21151864256709818,,-0.1310127077441058,-1.2559280549477323,25.147017285425676,0.4564648768505756,-0.7987500000000001,0.0033071891388307415,3.793140149022186,,0.15227432184456136,-1.051857052512898
6,1.270135838311703,0.23804615340744192,-0.54,0.046636895265444074,0.06469816747150071,0.050000000000000044,0.27294460478925275,-1.1355960095724458,20.06116856639609,0.47220349234647935,-0.8,0.0,3.412762607091813,,0.6140268229444272,-0.5114121671147913
6,1.1173054378427287,0.33560122519566365,-0.5537500000000001,0.05170529469986608,0.05210871428535372,0.050000000000000044,0.3807184013862708,-0.921790796036897,20.064069816792916,0.6775463905263818,-0.7987500000000001,0.0033071891388307415,3.424251579766054,,0.6266387100707644,-0.4620325170744868
6,1.0254344302309102,0.20599387984144965,-0.5549999999999999,0.05049752469181038,0.0510625158881688,0.04500000000000004,0.2556110044549715,-0.9643724722938201,20.425178184740247,0.802425453422566,-0.7987500000000001,0.0033071891388307415,3.484318433208696,,0.6205349374411699,-0.5117802325592948
6,1.1105652375541388,0.5168484521435517,-0.5437500000000001,0.04470388685561916,0.054534699965729294,0.04333333333333337,0.07525662345169018,-0.5191132992706934,20.90414997768758,0.7211992239410947,-0.7987500000000001,0.0033071891388307415,3.5063996020588046,,0.5863623965974496,-0.529506058680685
6,1.1160157861832842,0.44189991871335915,-0.55375,0.04897384506039932,0.05148963588059244,0.04500000000000004,0.40073090303079867,-0.5877620769476117,20.89400618690475,0.5977708694087984,-0.7987500000000001,0.0033071891388307415,3.557738163313313,,0.6078375369381674,-0.520367093224785
6,0.9150033019841546,0.24992918330197103,-0.5425,0.04548351349665063,0.047754167931819635,0.050000000000000044,0.09971459009154582,-0.8538037766669107,20.866761970220047,0.489134704468047,-0.8,0.0,3.562029349750363,,0.6233090968560022,-0.48535111508735085
6,1.0999708493867506,0.7409990016778657,-0.5775,0.05517019122678477,0.04770680360750548,0.050000000000000044,0.32636210450616643,-0.7868637936978298,21.259085798845593,0.521792761993446,-0.8,0.0,3.616590388404224,,0.624170468936111,-0.4987080320075816
6,0.9922737834415987,0.3004305781291396,-0.56625,0.05406882188470541,0.04888560986075299,0.050000000000000044,0.11198289122373624,-0.7402972340561853,21.213829602867953,0.5535301921235921,-0.7987500000000001,0.0033071891388307415,3.6088599592216832,,0.6368861906531096,-0.4474166935161369
6,1.1069421451659642,0.26036959908467977,-0.55125,0.05372092236736074,0.05548800770671106,0.050000000000000044,0.21566703110538232,-1.0830798556882968,21.238024145977626,0.5292204388370754,-0.7987500000000001,0.0033071891388307415,3.589884171664324,,0.619248003017546,-0.49712919732229044
6,1.1698786303751945,0.4730289955617101,-0.54375,0.04580870550452173,0.05418363673629158,0.04666666666666671,0.32060222536105204,-1.0320152671860614,21.06247643989898,0.6855160359855291,-0.7987500000000001,0.0033071891388307415,3.5714362954747507,,0.6142101601922304,-0.4974499365568348
6,3.3803416774531123,0.25667742630976725,-0.5125000000000001,0.006614378277661482,0.21329690331276982,,-0.14367553723268583,-1.2669409550438278,23.487452406872283,0.3648635490638287,-0.8,0.0,3.589407452294734,,0.2206129059730909,-0.9538351549784512
6,1.2132077608946945,0.45057125278178706,-0.55375,0.05146297212559725,0.06048293500144471,0.05500000000000005,0.17842839675180316,-0.8638321816761018,21.00825865705266,0.7578773447068274,-0.7987500000000001,0.0033071891388307415,3.598801693494412,,0.6188036424728406,-0.5196740511642257
6,1.0521422339827047,0.2881526640030087,-0.5700000000000001,0.05024937810560444,0.04845118534163193,0.050000000000000044,0.3078598430871697,-0.46349378808897523,21.257569629924227,0.6375684474216645,-0.7987500000000001,0.0033071891388307415,3.603688157909634,,0.6159587104244961,-0.4880712458221156
6,1.2147320899711658,0.582861048571418,-0.5912499999999999,0.04728570079844434,0.054198740877707194,,0.2666776222707469,-0.2959942587285736,21.352848948845587,0.6659707750607373,-0.8,0.0,3.6611189050995687,,0.6305657338133372,-0.4820702265079986
6,1.237200484235239,0.4528891372882505,-0.5675,0.05285593627966493,0.047565552444446275,,0.732374999467722,-0.14720107419246292,21.294528924621204,0.7207172416872296,-0.8,0.0,3.6199400055524924,,0.6102185841313668,-0.506530196633685
6,1.1104729727633722,0.4937808224700805,-0.5525,0.05261891294962297,0.04783706332251168,0.050000000000000044,0.5940101794749524,-0.3586047594965702,21.594959760930728,0.6702487884461666,-0.8,0.0,3.6597207659891797,,0.6145861634710018,-0.5111161707915777
6,1.4209167652236965,0.46397804270132936,-0.56875,0.05158427570490837,0.05953389896248359,0.040000000000000036,0.5694201143606967,-0.35506087147383425,21.495026283513695,0.6276903516671294,-0.8,0.0,3.6575849126250026,,0.6190741102603976,-0.5124267782102012
6,1.1546551650793915,0.4985154511641263,-0.565,0.05291502622129181,0.056817376656566755,0.050000000000000044,0.19761207671471362,-0.6886963595149491,21.41567350999277,0.5802031135298445,-0.7987500000000001,0.0033071891388307415,3.638097465627346,,0.60835919001372,-0.5163844071058326
6,1.1604572915945428,0.43298962278551256,-0.58125,0.050109255632068604,0.04558635504906356,0.050000000000000044,0.64849085905555,-0.1782394221770009,21.283869052398984,0.4633412476801294,-0.8,0.0,3.6352649875108254,,0.6183660048821391,-0.4957766642970794
6,1.1454554430014698,0.26369368940668686,-0.5874999999999999,0.048153400710645555,0.051933836318543994,0.040000000000000036,0.4199595178619086,-0.4894768837537608,21.65181583327921,0.5853012610517636,-0.8,0.0,3.6728195653580467,,0.6115074825833237,-0.5103587240380358
6,1.1939944973304781,0.3933384696041998,-0.565,0.055452682532047076,0.05261778683513933,0.050000000000000044,0.48625225649525633,-0.7067950465375755,21.631510675432896,0.6134639013680804,-0.7987500000000001,0.0033071891388307415,3.674923823612197,,0.6206680174718189,-0.4840013019743425
6,2.9995026672799425,0.23535329576845646,-0.51125,0.007806247497998005,0.1799466648102439,,-0.03207813974418133,-1.4155111588126315,21.453806350541115,0.6484153836686566,-0.7987500000000001,0.0033071891388307415,3.421525148381855,,0.37293497744850596,-0.7599121929656154
6,1.2764785186508276,0.2881205108261482,-0.5537500000000001,0.05170529469986608,0.058351077970420384,0.050000000000000044,0.4642477187609674,-0.9781374960797994,21.574292954924232,0.631269253146659,-0.8,0.0,3.649360319840551,,0.6093670704169021,-0.5207660890764316
6,1.152797137770592,0.36621894783211806,-0.58125,0.05060570619999289,0.05403267215656714,0.050000000000000044,0.1911312218204257,-0.6014253998668324,21.7451352106782,0.5980507581675212,-0.7987500000000001,0.0033071891388307415,3.6827686527388193,,0.6112820537311182,-0.511422759132023
6,1.2250349273088288,0.45797154504837095,-0.58,0.05172040216394299,0.05231123490981412,0.050000000000000044,0.46614814084403644,-0.0721180770077676,21.84826433318902,0.4189460111400794,-0.8,0.0,3.679307239213025,,0.5926249734464282,-0.5377443497964034
6,1.1605653823232611,0.5401703559742876,-0.5525,0.05261891294962297,0.0522479098506512,,0.35414730158520513,-0.44754788986461913,21.45414901533188,0.49920642489976713,-0.8,0.0,3.6632722679412,,0.6182894574060798,-0.5011116597725568
6,1.2994310174603485,0.38706554568398127,-0.55375,0.05170529469986608,0.05730384597510939,0.050000000000000044,0.4151364460277467,-0.5643532629190128,21.507707719552656,0.4227493054499184,-0.7987500000000001,0.0033071891388307415,3.6572000461352827,,0.6058413249067167,-0.5381966422961859
6,1.1803503687590426,0.3320351399512167,-0.55125,0.05372092236736074,0.05317150698737481,0.050000000000000044,0.44485798771466406,-0.9704958721742737,21.780657811832604,0.6344013438715406,-0.8,0.0,3.676208409092715,,0.6062352626207363,-0.5308441935608252
6,1.1402319572150263,0.2462408579573253,-0.59125,0.04985917668794782,0.05399004061977028,,0.31396213435292253,-0.9629371209229811,21.775116131114714,0.7343826215792024,-0.8,0.0,3.7036652118172833,,0.6059114756092396,-0.5178095413136796
6,1.1628333364358094,0.428385238928792,-0.58,0.05196152422706631,0.056320451436509565,0.050000000000000044,0.05911487899553809,-0.3756457413393288,21.725236623502873,0.7295998604245764,-0.7987500000000001,0.0033071891388307415,3.688749573029944,,0.6149111662046705,-0.5105369361818921
6,1.1788125473665412,0.5750078658950737,-0.56375,0.05655473012931809,0.04905511551623431,0.050000000000000044,0.5467562126752898,-0.2574236885568635,21.94553564936867,0.7665176558979443,-0.8,0.0,3.705749331922981,,0.6187790211822497,-0.5084106919529694
6,1.0639993259740543,0.33737966618886933,-0.58125,0.050109255632068604,0.045333675491343595,0.050000000000000044,0.5627427460852049,-0.3097819663510391,21.875376649314568,0.3099209655083858,-0.8,0.0,3.698927448188315,,0.6055116131584404,-0.5236349971523692
6,2.447347927200587,0.23453290110367744,-0.5125,0.006614378277661483,0.14398018930339018,,0.02284418676720557,-1.4585826328196079,20.110899395202004,0.7497534798090872,-0.7987500000000001,0.0033071891388307415,3.343466573521285,,0.519205282328353,-0.6162916513104277
6,1.23876288557,0.6453141033168049,-0.5700000000000001,0.05074445782546109,0.05379439057395502,0.040000000000000036,0.37143258531847045,-0.7575075758750461,22.18680360723304,0.6226996993400498,-0.7987500000000001,0.0033071891388307415,3.7168706628277453,,0.5857804654272138,-0.5364767732149742
6,1.1936922951659774,0.478017504655905,-0.5525,0.05261891294962296,0.055996381042209185,0.050000000000000044,0.3157414219205651,-0.6220601904379288,22.134729101551216,0.515903600820128,-0.8,0.0,3.753527452327023,,0.593691618843343,-0.5452973959540003
6,1.0253604703463486,0.4207823874979732,-0.60625,0.03637908052713812,0.04264167970454727,,0.36782185429845216,0.07099162255404018,22.03662238903318,0.43787519311058604,-0.8,0.0,3.7318537749888194,,0.6001621127551972,-0.5507452168770745
6,1.186369250144327,0.42775555156020606,-0.56875,0.05182603110406969,0.054654661990622216,0.04500000000000004,0.1776954301438634,-0.3824024561014334,22.247561276334764,0.7285977817588006,-0.8,0.0,3.748438601649894,,0.5994773550696302,-0.5406459870581121
6,1.2133132275252754,0.5257595433490863,-0.57875,0.053487732238336666,0.05438105670418619,0.040000000000000036,0.2199182249252577,-0.19029186625332822,22.132296879960304,0.7178156748793736,-0.8,0.0,3.728408862158191,,0.604488948125218,-0.5336170927549997
6,1.245608172655151,0.4965490780190071,-0.56625,0.054068821884705416,0.054766281178573115,,0.41170931974058167,-0.33848430771683186,21.924034686634187,0.5535093487692806,-0.8,0.0,3.717419970758299,,0.605787746290587,-0.5310308825375865
6,1.0684861340548606,0.5035224190393245,-0.5537500000000001,0.05170529469986608,0.04570687824747617,0.050000000000000044,0.47275882883238884,-0.43387681017584157,22.302882260714274,0.6357407845024263,-0.8,0.0,3.774266359010103,,0.6009570576054939,-0.5203364597309748
6,1.217976426623406,0.29885895626103776,-0.5925,0.04789311015167003,0.05448978508189211,0.050000000000000044,0.34393772452519117,-0.868468598198093,22.492071043722934,0.7076776054366185,-0.8,0.0,3.7907712141038985,,0.5923766182651105,-0.538443984304416
6,1.2895958845599105,0.4792593763533542,-0.5925,0.04763139720814412,0.056230429267678406,,0.3662736147321923,-0.3524949626783169,22.44221644761904,0.4368588960696055,-0.8,0.0,3.7980648037319646,,0.6020417918782821,-0.5283713189722206
6,1.3712746943723197,0.6246299116707194,-0.5912499999999999,0.047020607184510066,0.05854041440151682,,0.42424275385766896,0.04214612115311814,22.45234901908368,0.754264742486141,-0.8,0.0,3.8176003503787896,,0.6107624329294045,-0.515267867645755
6,2.2655459745310353,0.3875265110584613,-0.51125,0.007806247497998005,0.12648284245418406,0.06000000000000005,0.1637931422226906,-1.3781364776233724,19.593715913636355,0.5028031050015812,-0.8,0.0,3.315706210374821,,0.5929487032938929,-0.5140430104985831
6,1.2018321230519784,0.32514088031753297,-0.565,0.055677643628300216,0.053479737832613984,0.050000000000000044,0.3663514414554745,-0.5195974941965688,22.610936371626973,0.6004886092167334,-0.8,0.0,3.8025613042074333,,0.6017290883466977,-0.5081085785920856
6,2.1854592943362317,0.39711829625339345,-0.51125,0.007806247497998005,0.11256918522294279,,0.2767336773565251,-1.317938112981188,19.53001851702741,0.607560652455812,-0.7987500000000001,0.0033071891388307415,3.3083804646011927,,0.5968934253466265,-0.5137319196135925
6,1.9995586353174768,0.3236096891376579,-0.5162500000000001,0.0048412291827592754,0.10569237958946534,0.06000000000000005,0.27654927973665666,-1.4150981205677997,19.305500283152945,0.5871606511259947,-0.7987500000000001,0.0033071891388307415,3.271871957912519,,0.5983345656978232,-0.5183758139193897
6,1.6386681803030383,0.1592877117610897,-0.51125,0.007806247497998005,0.08323862800360654,0.050000000000000044,0.29874331477343463,-1.3201381236505163,19.660289112085128,0.6962247162816307,-0.8,0.0,3.3253817144081914,,0.5990053988584492,-0.5016632410120798
6,1.595631313708521,0.15243305797911333,-0.5125,0.008291561975888507,0.0792900114310956,0.05666666666666672,0.3904804506031958,-1.2601423339924842,19.793681342857134,0.7970975146390823,-0.7987500000000001,0.0033071891388307415,3.3344438035851396,,0.5833831392911364,-0.5136150241030539
8,13.015999037481981,7.0564561156859025,-0.605,0.03968626966596886,0.3998296868048333,,1.1119123763428584,0.19883111750766969,65.59554709074672,17.86459077924594,-0.8,0.0,10.298200448731603,,0.3559434662128928,-0.6967882252548298
8,4.952361859307425,1.620851025288284,-0.62,0.0,0.1814348531168888,,0.6355963281988051,-0.3515974901561242,107.78385538980879,3.5975084186395443,-0.795,0.010000000000000009,14.203046213985214,,-0.2586381929028162,-0.8765122952671018
8,4.641162354725898,1.3634370944974723,-0.62,0.0,0.16759051130989017,,0.7729028933492705,0.01584345726378994,106.37780496414138,2.298479506796599,-0.795,0.010000000000000009,14.100330498047258,,-0.2691354187467521,-0.9047687488083526
8,4.518520138636418,1.0161889034874978,-0.62,0.0,0.1487827440876655,,0.9699233208718459,0.3868746481229919,105.49134121877701,1.781076531682186,-0.79125,0.013635890143294655,14.098480484472764,,-0.28729140053926727,-0.9487911298937663
8,4.595849832539738,0.8216375125299047,-0.62,0.0,0.15460253373773902,,1.0861052110131442,0.8851919410902385,104.12485458201657,1.6190850920672775,-0.7937500000000001,0.011110243021644496,13.624250045139611,,-0.31942749667001447,-0.8981522371525896
8,4.751807427417082,0.690093897295488,-0.62,0.0,0.13725531182576112,,1.4133892129605043,1.6131904727667625,100.14191755541123,1.453996609463215,-0.795,0.010000000000000009,13.002000679942464,,-0.32819172592926416,-0.877540771219674
8,5.6348611103175195,0.4698719640625171,-0.62,0.0,0.13455932763564724,,1.7510697278454184,2.24878114738866,96.54330598654397,0.8296952694410992,-0.79625,0.006959705453537534,12.486178601079185,,-0.3380943192987238,-0.8571652522183515
8,5.997312828427189,0.4667510418844862,-0.62,0.0,0.1508173736771339,,1.549288961431945,1.4498827786398332,96.55717630477992,2.0844077231636824,-0.7925,0.010897247358851694,12.674700167311329,,-0.35118941938606896,-0.9004863698099953
8,6.1576984344156465,0.36498856829396825,-0.62,0.0,0.15565526927092888,,1.5547652417354625,1.4828539644698329,94.1681573777056,1.5269144943259043,-0.7875000000000001,0.009682458365518551,12.571579314336581,,-0.34063906672604066,-0.9422992292667718
8,7.519295623737428,1.0854990331811503,-0.62,0.0,0.18940352615260286,,1.506978282515192,1.3236119684605883,89.87213367068901,0.5337981087018797,-0.7887500000000001,0.010532687216470457,12.066052782250903,,-0.3309541532386747,-0.9135106980869151
8,7.640621804329057,0.9237837731523731,-0.62,0.0,0.21851897240332424,,1.3220210244762405,0.7104548742748278,84.34925673656201,0.3769036480171082,-0.79125,0.007806247497998005,11.375017841476733,,-0.31455444477965677,-0.9013839126625207
8,9.2322400470058,4.533802788615803,-0.605,0.03968626966596886,0.2918509088279225,,1.166348108968697,0.324339034912211,84.37466934051224,6.593290085999688,-0.8,0.0,11.42430828619156,,-0.0453236799181588,-0.840986661928365
8,6.784692973448836,1.9941783705630023,-0.62,0.0,0.2250002888647238,,0.9943304639055361,0.06791231246541807,79.02176814319984,0.5013705557278825,-0.79,0.007071067811865481,10.805518234232146,,-0.27768149198446485,-0.9041858198108211
8,5.4721933861472465,1.431224357319082,-0.62,0.0,0.1915420827229491,,0.9115061667632385,0.052317179319328055,78.28543139819622,0.8004836229727607,-0.78,0.0050000000000000044,10.887094678882757,,-0.2604707585491637,-0.9633816208104151
8,5.678507269119843,1.4703786110761505,-0.62,0.0,0.1802161980267007,,1.188052693321551,0.5466734917782572,78.94738813219695,0.6839556602817838,-0.77375,0.006959705453537534,11.014499673063494,,-0.25888837035707934,-1.0077832430725506
8,4.633220333838443,1.0139193985908916,-0.62,0.0,0.16800253589033642,,0.7952784179586379,-0.25623391614185265,73.92620698701296,0.8053061032208563,-0.78,0.007071067811865481,10.395639954137447,,-0.2283962746707774,-0.9565190849359326
8,4.059067606132818,0.7812959252429852,-0.605,0.03968626966596886,0.15566171854401611,,0.5439464102793712,-0.5273994834749893,67.2504152446248,1.149656631792286,-0.7887500000000001,0.007806247497998005,9.595141570568005,,-0.170819776194193,-0.9185979210655308
8,3.5595861185426196,0.4672023030334469,-0.605,0.03968626966596886,0.16203889202994665,,0.23731378645227047,-1.2011323415478838,62.684642439249615,0.7494568299150032,-0.7937500000000001,0.006959705453537534,9.055387362316559,,-0.11357229303119379,-0.8952691256499918
8,3.325640322438729,0.4331704546652505,-0.5750000000000001,0.05809475019311125,0.1435779121774938,,0.373472376054137,-1.1087274568453547,62.921919308387416,0.9910873125860431,-0.785,0.0050000000000000044,9.098718106683803,,-0.1358269022994416,-0.9165642969829892
8,3.793481538383907,0.6019621340418402,-0.62,0.0,0.13863102849856188,,0.7679986428825758,0.012158623585336453,66.59081476439391,1.3670722403916846,-0.7725000000000001,0.006614378277661482,9.643240922766957,,-0.1620351319861058,-1.0057844818943087
8,3.6093275515873495,0.5369109051890232,-0.60625,0.03637908052713812,0.14672519154401542,,0.4172544723352277,-0.7976450508634805,62.89991935957791,0.33070051685845175,-0.78,0.0050000000000000044,9.085905834445171,,-0.14700057556568122,-0.9461166069051381
8,6.182018733333392,1.6836464623690446,-0.62,0.0,0.1935136127907695,,1.1259066462716638,0.2405759957566509,68.35005044911614,0.3412544792371643,-0.77125,0.010532687216470457,9.933055167482504,,-0.16277385525828011,-1.0085148358080196
8,10.031151941955322,7.184329704654215,-0.605,0.03968626966596886,0.3004811750620525,,1.1534400152846551,0.28541487748707167,92.92452166982319,2.667851826620497,-0.8,0.0,13.69345903467659,,0.08873919152148718,-1.0062677620547986
8,4.088930252525303,0.6927443998153077,-0.62,0.0,0.1418393200234534,,0.8549083561358963,0.27861645793673706,64.26868741675685,0.43465063870297466,-0.77625,0.0048412291827592754,9.26232094403247,,-0.16754669428128333,-0.9686958524595026
8,3.9685883369408934,0.41965069418940876,-0.62,0.0,0.1396386622601059,,0.7975610115024737,0.10257933170252367,63.338292879815995,1.1986602148552246,-0.7675000000000001,0.004330127018922197,9.20286707114773,,-0.14737862860993028,-1.0026270482982726
8,3.9207620411977375,0.5831783345991939,-0.62,0.0,0.13536882274495374,,0.8179773845555209,0.12299296942064258,62.465436296789306,0.43625071574980473,-0.7675000000000001,0.004330127018922197,9.0752982232583,,-0.1454448592418066,-0.995512156330614
8,3.3457355107504085,0.6771305606597725,-0.62,0.0,0.12509012940873454,,0.5866115103634801,-0.5772360304941712,59.483405959920624,0.43683853933002514,-0.77375,0.0048412291827592754,8.693680729787157,,-0.12175855000489505,-0.9568058967294082
8,2.9246546828283346,0.6472693379631689,-0.57625,0.05655473012931809,0.12061284450613681,,0.46164604520850694,-0.9557915821853316,56.872750154292916,0.6172948027821106,-0.7775000000000001,0.004330127018922197,8.300769788123379,,-0.10779588391371715,-0.9235264717889335
8,2.900229653607565,0.6046593995732881,-0.5475,0.05629165124598851,0.12495096068939796,,0.37454101753761204,-1.0667697159660312,55.813700550108194,0.5596803260399804,-0.77875,0.0033071891388307415,8.148016007860932,,-0.0991837983381101,-0.907743287330771
8,2.7054012870130473,0.5986997483893567,-0.57625,0.05655473012931809,0.12045380438564696,,0.27475407338026786,-1.0942499583814234,57.423573726533164,0.6453092726894936,-0.77625,0.0048412291827592754,8.317097807996213,,-0.12468028032133129,-0.935367870089851
8,3.0286428424964456,0.6960307275172,-0.605,0.03968626966596886,0.12256857689683019,,0.4304076403275365,-0.804608612886776,57.844896328733746,0.44712679297692104,-0.77,0.0050000000000000044,8.399398957045818,,-0.12495858053421702,-0.9513502937730641
8,2.9370972368687385,0.5102242151765555,-0.5900000000000001,0.05196152422706632,0.12699120342063916,,0.33160266394159127,-1.017405925890558,56.37550654709594,0.41327522011187795,-0.77375,0.006959705453537534,8.21432923336436,,-0.11076856564567589,-0.9292389091130902
8,2.7887593251804477,0.3382272017603792,-0.57625,0.05655473012931809,0.12153306702670055,,0.3087643001005679,-1.1828927302640264,54.548323076713544,0.4319787335411245,-0.77625,0.0048412291827592754,7.9680333400259755,,-0.09783783925770292,-0.9188801312066334
8,7.704900158585939,0.9651763056866575,-0.62,0.0,0.21401978751155096,,1.3703250097804895,1.036227556205068,101.69079712328639,2.0258450203480556,-0.7937500000000001,0.016535945694153707,15.953378353251443,,0.034858396852491064,-1.1861037047591765
8,2.9577209740260297,0.5581593367386627,-0.56125,0.058829733128750464,0.13184037366162066,,0.3123681867053564,-1.1321517651994926,54.77970797090546,0.3934937634137943,-0.7775000000000001,0.004330127018922197,7.97397490780177,,-0.10237044715312396,-0.9065714343547839
8,3.0933014195527155,0.6088485682808832,-0.5750000000000001,0.05809475019311125,0.1297606363510142,,0.3932046728022958,-0.8676736063241237,55.088822255591616,0.39153352831328786,-0.775,0.0050000000000000044,8.02019534310029,,-0.10658374809778404,-0.9185210559446485
8,3.137792213708572,0.44589059291502064,-0.62,0.0,0.1299042610580854,,0.36960317583067415,-0.9457346645725493,57.85096463275612,2.022030931996415,-0.7662500000000001,0.0048412291827592754,8.451915607833518,,-0.10330370244960746,-0.9529758934384218
8,4.2522095629870575,0.6521459009652393,-0.62,0.0,0.13321308630664205,,1.1734424348263868,0.9085237430969917,59.99134890333691,0.573219656033006,-0.76375,0.006959705453537534,8.701685829418292,,-0.1293145635882572,-0.9680423197482915
8,3.193511650360805,0.6551075923191501,-0.5900000000000001,0.05196152422706632,0.13248727067316401,,0.3976291840571834,-0.9199090568448441,55.18005018897907,0.9439020086075531,-0.77,0.0050000000000000044,8.081210859255414,,-0.08824865722859981,-0.9184210843319107
8,2.962535091919243,0.28811569799751907,-0.5750000000000001,0.05809475019311125,0.12987819084993207,,0.32511917151460884,-1.176669929155564,53.08261363138527,0.5643571178071843,-0.77125,0.0033071891388307415,7.820074280596864,,-0.06876021226045252,-0.9045533070045335
8,3.117822240187637,0.5678402777546692,-0.605,0.03968626966596886,0.12516333658405943,,0.4395966830976778,-0.8856484600715285,54.13208601538598,0.5283048076697928,-0.76875,0.0033071891388307415,7.921780142750542,,-0.08056857801753281,-0.9081649462870265
8,3.251855474242472,0.7214504442126777,-0.605,0.03968626966596886,0.1274278462435104,,0.5267793100093405,-0.6355690140703049,54.59553718136722,0.37908183359623615,-0.76625,0.0048412291827592754,7.988447231208337,,-0.08221744358791859,-0.9287365813105809
8,3.192824714141463,0.5465839385346023,-0.605,0.03968626966596886,0.1306638980851412,,0.4809217937353466,-0.7406984075310474,54.6222113851551,1.5596540683622817,-0.7662500000000001,0.0048412291827592754,8.046988366836402,,-0.07200689619026884,-0.9304901675701712
8,3.369265805772052,0.5121300596664627,-0.62,0.0,0.13839634383009086,,0.4412425049882238,-0.8300325543873385,54.804752138329704,0.8422974602141791,-0.77,0.0050000000000000044,8.060900773181281,,-0.06946693107912591,-0.9056452461731814
8,8.743197997258362,1.9761907717628564,-0.62,0.0,0.2360173331955327,,1.317093808252949,0.9759221197508967,105.47942488899704,5.764763603902933,-0.76875,0.02521780125229004,16.089917221808808,,-0.05949374726707739,-1.2110716165336757
8,2.888894798484891,0.5240998740457232,-0.54625,0.05721396245672904,0.12968451953932597,,0.3070173865077718,-1.2326200872631983,51.74692134727631,0.9885554638055082,-0.7737499999999999,0.0048412291827592754,7.656433914024172,,-0.04048816402217805,-0.8725102882226212
8,8.816405416450303,2.736679621315657,-0.62,0.0,0.23436419023016591,,1.3906351001444188,1.1780509049050871,111.24126337337655,4.788077545936415,-0.7825,0.022776083947860768,16.12076559897042,,-0.14061058954934624,-1.1401719047247536
8,8.358552696031804,2.042192378734956,-0.62,0.0,0.2202446300209298,,1.446074149505166,1.349794856583149,110.75085900189387,4.462932583721646,-0.7887500000000001,0.019645292056877157,15.05997236497637,,-0.21241910440933065,-0.9755000402976626
8,6.904009341702821,1.368337653428737,-0.62,0.0,0.1944709922038304,,1.3455618248117946,1.2288372970269688,110.63736806991336,5.064238247214537,-0.7925,0.013919410907075068,14.54434548809181,,-0.2467691710265597,-0.875735166308593
8,5.631117647041911,1.6344702552963,-0.62,0.0,0.18749042431169374,,0.9037480433192413,0.3473434803349619,108.8905282647907,3.4376024299946994,-0.7937500000000001,0.013169567191065936,14.371354270056276,,-0.2507747262771851,-0.8834623165498041
10,2.471198982539689,0.3459205091981708,-0.5125,0.006614378277661483,0.1287310710613265,0.050000000000000044,0.25832381663143833,-1.3738971738332575,28.602211358116875,1.0264127770106606,-0.8,0.0,4.518126748852814,,0.3294870798604286,-0.8008684057057496
10,1.9022323690837104,0.2541708909804803,-0.51125,0.007806247497998005,0.09117310729328937,,0.37160309571904826,-1.2551245420275812,26.934042981331153,0.3451830233531928,-0.7925,0.008291561975888507,4.490481855721322,,0.4449512006529984,-0.5750235165770273
10,1.832732766089479,0.23161566471149944,-0.51125,0.009270248108869587,0.08511287192712796,0.050000000000000044,0.4745328467506514,-1.108774574161782,27.686456917694795,0.29761902710343763,-0.7862500000000001,0.006959705453537534,4.539890376369231,,0.37291064045077493,-0.6227744851422592
10,1.7496887874819738,0.210337625393533,-0.51125,0.007806247497998005,0.08351169626911943,0.050000000000000044,0.39527333837455586,-1.2627862279823305,28.318436643199846,0.23022602042005977,-0.785,0.0050000000000000044,4.6107582132588405,,0.33197003696653365,-0.6569974201372424
10,1.8553145262626378,0.27379856157458454,-0.51125,0.007806247497998005,0.08790589901370757,0.050000000000000044,0.4213152338865416,-1.297084551049547,28.89486914852091,0.13737542379294276,-0.7837500000000001,0.006959705453537534,4.656789314504151,,0.3072885290853151,-0.6559407874730296
10,1.867638559595993,0.24170803501259033,-0.515,0.007071067811865481,0.08391374499062157,0.050000000000000044,0.5362479696114676,-1.096500789577865,29.267440939213554,0.31941644556768484,-0.785,0.0050000000000000044,4.6552073303239565,,0.2630012779487493,-0.6843494702133924
10,1.7593252700216588,0.25963093841427504,-0.51375,0.008569568250501312,0.0824463542424238,0.05500000000000005,0.4024350560783288,-1.2760425941050912,30.686029362554102,0.24928139459502388,-0.78125,0.0033071891388307415,4.742378524393762,,0.1728455229929789,-0.7100551991054176
10,1.6097779860750565,0.29162566082055996,-0.52375,0.03705991770093398,0.06762667669660966,,0.6145919825169971,-0.9388444029327153,31.906085087626245,0.395997277176945,-0.78,0.0,4.841418585865442,,0.11324959418210834,-0.7336674043442032
10,1.7572801603535675,0.20602765818584576,-0.5275000000000001,0.03561951712193751,0.08475410217532572,0.050000000000000044,0.37846660236623125,-1.1834848454661677,32.037494568596664,0.43518522957677286,-0.78125,0.0033071891388307415,4.847262259092715,,0.10629320917716148,-0.7276219563906046
10,1.6246930225829894,0.20960224730510332,-0.525,0.03674234614174767,0.07190968952994223,0.050000000000000044,0.48554373397594225,-1.103626571959578,32.05959314069263,0.381447538840114,-0.78125,0.0033071891388307415,4.849518112331892,,0.10769473360545898,-0.7132336034108454
10,1.7575411710678424,0.27235062841742813,-0.52125,0.037893765978060295,0.08484361385245297,,0.3402912621219236,-1.3258131864128224,31.869910614015136,0.5349927418099948,-0.7825,0.004330127018922197,4.865161696111293,,0.1350570451935647,-0.7095719590321657
10,1.6343379234127355,0.2605346982770044,-0.5237499999999999,0.03739568825412898,0.07640552674386858,0.040000000000000036,0.35690307681108635,-1.3164183024593616,24.873580953373004,1.1387104562549935,-0.7975000000000001,0.004330127018922197,4.255422664810608,,0.6320438920506017,-0.40546161547442805
10,1.7701222047980076,0.21020062586501861,-0.51125,0.005994789404140905,0.08225780432323265,0.050000000000000044,0.43790005481016236,-1.2581346454226747,31.800508920165925,0.3968833400028757,-0.78375,0.0048412291827592754,4.837241466203826,,0.1289320405706546,-0.7178627752028667
10,1.8746519756133058,0.1894104950257076,-0.51125,0.007806247497998005,0.09054836804761998,0.06000000000000005,0.39968266527355834,-1.2645538891183543,31.771376985371553,0.45335171280160114,-0.78125,0.0033071891388307415,4.858020766634021,,0.14182732390178188,-0.6987336507099176
10,1.65382946699137,0.15376472265962857,-0.525,0.03674234614174767,0.07795484710497927,,0.4206040589595551,-1.2347124259377007,32.592244031872276,0.31873067396318405,-0.78,0.0,4.8879592228441595,,0.07094539732531857,-0.7444076585339068
10,1.6964332256133021,0.2363991918842137,-0.51125,0.007806247497998005,0.07923294406673904,,0.42681332502587044,-1.2911652774991014,33.71371469090907,0.4041116389303833,-0.78,0.0,5.008062337579909,,0.0329625213827414,-0.746622295610615
10,1.5418623488095475,0.17791870692053752,-0.54125,0.04567206476611277,0.07279736880519555,0.050000000000000044,0.4395454279825538,-1.2297019287357878,33.62524370108224,0.34546387529857087,-0.78,0.0,5.006148368791128,,0.03995870602726874,-0.7603530304591536
10,1.7645818922799652,0.19191263456496277,-0.5225000000000001,0.0373329613076702,0.08026868265981274,,0.44153234378909556,-1.0642696865377737,33.49118168465005,0.487712322897727,-0.78,0.0,4.95885246173431,,0.04004491094358065,-0.7400483638727071
10,1.7519479345959894,0.26062049339359933,-0.51125,0.005994789404140905,0.08714215670238146,0.050000000000000044,0.31431884339379684,-1.3003801742403422,33.20672180575396,0.47696195840224753,-0.78,0.0,4.944973546860574,,0.04981852617920717,-0.7442359287982732
10,1.8328390055555754,0.35001029931202216,-0.51125,0.007806247497998005,0.08620616549170268,,0.4188131684143986,-1.277567630646605,32.64723880959594,0.6540133402309339,-0.78125,0.0033071891388307415,4.873201360569267,,0.06337879806353729,-0.7378189632642305
10,2.000898653427144,0.3554033343059715,-0.50875,0.007806247497998005,0.09116683283044685,,0.45304128423433887,-1.2133019347649918,32.73671115355337,0.45774290280528507,-0.78,0.0,4.921048538883118,,0.08003564789646513,-0.7331142896270577
10,1.8344571231241265,0.26117037179410585,-0.51125,0.007806247497998005,0.08293653163456044,0.050000000000000044,0.49782991491673506,-1.1928074076600153,33.192283593813116,0.25646630057702846,-0.78,0.0,4.95903937124441,,0.04598674454435345,-0.7666966295908304
10,1.5026192263708942,0.2924338256933854,-0.5375000000000001,0.048153400710645555,0.07013061271464902,,0.35581694613627446,-1.1629640330318134,25.244820152849915,0.8290398289424785,-0.7975000000000001,0.004330127018922197,4.338946088979259,,0.6407124197639171,-0.3822793542793986
10,1.8300977991702894,0.12386016220198899,-0.50875,0.007806247497998005,0.08872484839141395,,0.36153263427863136,-1.2489369773900694,33.356904714556265,0.34464829435909144,-0.78,0.0,4.9794500872355725,,0.03604911413554292,-0.7801892709098021
10,1.8753611216450468,0.24751285432866316,-0.51125,0.007806247497998005,0.0858381319891775,0.050000000000000044,0.4623020277113644,-1.0926321104722283,33.11350195202019,0.35862352283016646,-0.78,0.0,4.939426841628429,,0.04136307064828535,-0.764291706506931
10,1.7125050275613427,0.18802916695370558,-0.5125000000000001,0.006614378277661482,0.08240400355808031,0.050000000000000044,0.41493016213520134,-1.291896052927283,32.40162710735929,0.5948474489416185,-0.78125,0.0033071891388307415,4.851061692294194,,0.053510896373837116,-0.7683404621147911
10,1.9004713658369736,0.330492665126338,-0.5125000000000001,0.006614378277661482,0.09424387164393982,0.050000000000000044,0.3630196165071541,-1.2828381436135392,31.831676051154382,0.599123960730713,-0.78125,0.0033071891388307415,4.7788626500714315,,0.07136451722466734,-0.7529250646302392
10,1.9027018835137346,0.24852619752689656,-0.5125000000000001,0.006614378277661482,0.09165090466161585,,0.34706409210965095,-1.3834562818162546,31.110622887409797,0.7078979764540961,-0.78375,0.0048412291827592754,4.718478524813134,,0.11547200683339574,-0.7374279603611048
10,1.9648101282828403,0.2912616143283912,-0.5225,0.037666297933298405,0.09966275605771927,0.050000000000000044,0.28705491091919394,-1.3058463555693327,30.613670760173147,0.699814163583795,-0.78375,0.0048412291827592754,4.669965083706532,,0.126195087792299,-0.7440771865082239
10,1.8583483008658264,0.2727858092007724,-0.51,0.007071067811865481,0.08848917374639295,,0.43377524940832723,-1.2394076179546465,30.954005772889598,0.6109741917160765,-0.78125,0.0033071891388307415,4.703773614049426,,0.1054830107415191,-0.7523358576065867
10,1.779912223051971,0.1003732142491629,-0.51,0.007071067811865481,0.08197886206204856,,0.44345925840058487,-1.2504334350219972,31.897046346031733,0.4732954363272952,-0.78,0.0,4.8204007898447,,0.07285980105025587,-0.7809694434034814
10,1.6556489756493704,0.2424241110640842,-0.51,0.007071067811865481,0.0802462020057718,,0.39761501161686663,-1.2894623566578325,31.77174711690114,0.34210895909895617,-0.78,0.0,4.798675011655305,,0.07553831320172591,-0.7834047575780834
10,1.8057998635281667,0.2699948443483216,-0.5125,0.008291561975888507,0.09107033685389629,,0.24822111275823755,-1.247103453579541,31.384186644318167,0.40938714274477617,-0.78125,0.0033071891388307415,4.754178852045277,,0.1047267774925595,-0.766173784023487
10,1.503713233405516,0.21559795487508887,-0.55125,0.053487732238336666,0.07138236037698598,0.050000000000000044,0.31514069420904184,-1.2281457548727004,25.23040521764068,0.6832547980301628,-0.7975000000000001,0.004330127018922197,4.3338093502658745,,0.6055061924261427,-0.4235774014985907
10,1.6855803123376765,0.2816597100656717,-0.5137499999999999,0.006959705453537534,0.08070201378643521,,0.3931287611466059,-1.3205376792111725,30.735501891071408,0.6509182146847636,-0.7825,0.004330127018922197,4.706256460002166,,0.13492336360499108,-0.7412711318041325
10,1.9949624925324825,0.2832792952367614,-0.5125,0.008291561975888507,0.09963640939429926,0.050000000000000044,0.37392838562546826,-1.2676368912572076,30.129692912824662,0.5649843710959902,-0.78125,0.0033071891388307415,4.661784361566381,,0.17112327218230222,-0.7347387725635908
10,1.7517224249639436,0.29622295320333664,-0.52625,0.03603383826349893,0.08467950033549777,,0.39623417621129653,-1.2933489887966427,29.460325206331152,0.7754236643801364,-0.7862500000000001,0.006959705453537534,4.580279564863458,,0.19416180602197453,-0.7284507818294037
10,1.8303808364718832,0.2700084958019276,-0.5125000000000001,0.008291561975888507,0.09720196479401151,0.040000000000000036,0.28420659743368815,-1.1918128180759717,28.985237694300128,0.7016649841648952,-0.7862500000000001,0.0048412291827592754,4.531984134814216,,0.2084200717909518,-0.7244341856611718
10,1.5382017701659745,0.19103089484717328,-0.5075,0.008291561975888507,0.06995247688961131,,0.5006039565176922,-1.105974495654797,30.51589106551225,0.43577125790250154,-0.775,0.007071067811865481,4.790325692169734,,0.1632852416671639,-0.7894507400033508
10,1.3943775997835735,0.3198992073437177,-0.52625,0.03603383826349893,0.06539640714357911,0.050000000000000044,0.4086097527672047,-0.9529704510610665,30.18712404623015,0.28749103033359974,-0.78,0.0,4.740743816369232,,0.19262745611519388,-0.7361297612727884
10,1.255280928210718,0.18872616771183653,-0.52625,0.03637908052713812,0.05836144550866009,0.04500000000000004,0.49590110188778946,-0.9394732108040629,30.292852829256837,0.42813449241139356,-0.78125,0.0033071891388307415,4.716760464179115,,0.1943552783915128,-0.7211649772453366
10,1.4170142088384257,0.27912003390845014,-0.5275000000000001,0.03561951712193751,0.06465239120959859,0.050000000000000044,0.4283365112073092,-1.0742496292563333,29.93265707584775,0.40880026216236653,-0.7825,0.004330127018922197,4.677199704630054,,0.21029926704792867,-0.7106797697538652
10,1.275841881241015,0.24511873880074114,-0.52125,0.037893765978060295,0.058273642117967664,0.040000000000000036,0.4215429254014738,-1.0862409931277286,29.643500521266215,0.32737635379836494,-0.78125,0.0033071891388307415,4.66144132067695,,0.2261346183143757,-0.7198062347867585
10,1.3695005074314954,0.3758363540123377,-0.53625,0.048717938174762686,0.061053967630592905,0.050000000000000044,0.4592181757861543,-1.1575175197798615,29.65575340781023,0.27821238028970824,-0.78125,0.0033071891388307415,4.673033054898631,,0.2278206137476506,-0.7259677449779007
10,1.5242546971501052,0.1481402604440666,-0.52,0.03840572873934304,0.0686432618813149,0.050000000000000044,0.5151241226624963,-1.0866315544789098,25.552881959271264,0.6199943805078523,-0.7975000000000001,0.004330127018922197,4.3909422125577215,,0.5973747448654776,-0.43158220709674344
10,1.2388123254690147,0.32246611414350307,-0.55,0.054543560573178565,0.05915816157431683,0.050000000000000044,0.3870971581221464,-1.1068543263187083,29.91937442741702,0.20418246915877308,-0.78,0.0,4.697768068123922,,0.19867464009195668,-0.7536564537417642
10,1.7042392722583224,0.21358897379677827,-0.52375,0.03739568825412897,0.07843474398593177,0.04666666666666671,0.5291243619322427,-1.0622921620763155,25.58440071253606,0.4479893325688589,-0.79375,0.006959705453537534,4.374545864824497,,0.5659731117114013,-0.46653611433357767
10,1.5292719386724691,0.2586088977860983,-0.5125,0.006614378277661483,0.06861412498196343,,0.5027749159138423,-1.11579757472872,25.679833657449485,0.5045795519497505,-0.795,0.007071067811865481,4.392688864840189,,0.5524922211721777,-0.4988809985944444
10,1.7103146796897777,0.14388997814766252,-0.5125,0.004330127018922197,0.0827253651883116,0.050000000000000044,0.3740948778363732,-1.31946299888403,25.828296432846308,0.3242400475468595,-0.7975000000000001,0.004330127018922197,4.405842277105703,,0.5378475079986006,-0.50175781252354
10,1.8404142602092626,0.16542934358317696,-0.51125,0.007806247497998005,0.08523852892352163,,0.48237448289206775,-1.2306934571736088,26.153715980375168,0.44429537277685377,-0.7925,0.006614378277661483,4.434496102538603,,0.49682431471619043,-0.5482313632360086
20,2.2947523436508277,0.47092947653492173,-0.62,0.0,0.07785677822763648,,0.8970517336696984,0.3353959496956983,25.367142204834046,1.0963341779494313,-0.7987500000000001,0.0033071891388307415,4.375882879161438,,0.7057692521896981,-0.31165027316163996
20,2.1029075717171875,0.19305327580769957,-0.51375,0.006959705453537534,0.10690923501839744,0.050000000000000044,0.33630256508605566,-1.3537715848481415,25.573849468632744,0.6335982734663991,-0.8,0.0,4.282287740897549,,0.6133091235807931,-0.48459302130930404
20,2.2192396986652367,0.4668406834469332,-0.51125,0.007806247497998005,0.10958629573737315,0.06000000000000005,0.3474188292218836,-1.2997797034242955,25.446887884776324,0.619894393047279,-0.8,0.0,4.3069982321004705,,0.617460842195007,-0.4943311091023405
20,2.414223718217906,0.24855433546903466,-0.51125,0.005994789404140905,0.12958448439682407,,0.23284553401446498,-1.4415833777283644,25.16225668026694,0.6112851842267611,-0.8,0.0,4.238950910072693,,0.5973811579108346,-0.5428636127285121
20,2.3074268023809696,0.24693490641953034,-0.515,0.0050000000000000044,0.12670459634704104,,0.19818466693292047,-1.4346090825638447,25.20789104552668,0.5135869354204345,-0.8,0.0,4.229704129255412,,0.5951920631326487,-0.5456943721259471
20,2.605631469805199,0.2796555550327954,-0.51,0.008660254037844395,0.133831765655121,0.06000000000000005,0.3011754332475668,-1.3817433197626459,24.815404959559874,0.7225211230912703,-0.8,0.0,4.190160251996395,,0.6039353641196188,-0.5413831018461147
20,2.620827055772011,0.19364715642888156,-0.51125,0.007806247497998005,0.1372470458250345,,0.2701895882396912,-1.3702106861058807,24.620134849494935,0.4544940100728699,-0.8,0.0,4.150007188434346,,0.5955989866528031,-0.551454349006838
20,2.5030056430736045,0.2707917964244237,-0.51,0.007071067811865481,0.14156710834667977,,0.0972409186019457,-1.4989603182487308,24.603821600126253,0.6442014653340793,-0.8,0.0,4.149841433550327,,0.6027106670614095,-0.525337500827789
20,2.738649600685435,0.3744759159220149,-0.50875,0.007806247497998005,0.14541151362626134,,0.1956403525136004,-1.2913170013421085,24.6067780340909,0.7231718133327483,-0.8,0.0,4.164798211149895,,0.6064719741785081,-0.5276429929414728
20,2.917287710642135,0.45599936213810005,-0.50875,0.007806247497998005,0.1616062606540387,,0.12693631730520985,-1.3572857825018165,24.38352833551586,0.6083923327778086,-0.8,0.0,4.130996926048162,,0.5905724710739173,-0.5603950873068664
20,2.6707863886724503,0.2714841831783321,-0.51125,0.005994789404140905,0.14669452793037402,,0.16467734189800243,-1.4439962385024012,24.53165508261182,0.5819932640133867,-0.8,0.0,4.139174209451663,,0.6025357452742455,-0.5427767310472191
20,2.933201983261216,0.496580446581522,-0.62,0.0,0.08829102236003156,,1.2331313794786292,1.0499392163294852,26.28226116706348,0.7453156641309353,-0.8,0.0,4.614023095607326,,0.7700778370505282,-0.20845824581932682
20,2.658880068686873,0.24306021877015804,-0.51125,0.007806247497998005,0.14967199998484715,,0.13105876560177337,-1.3290881787479054,24.45881153457791,0.8177379213099857,-0.8,0.0,4.115272264874282,,0.595586545995794,-0.5395424907258175
20,2.7192498361111177,0.4112960545545827,-0.50875,0.005994789404140905,0.15028121491846896,,0.14592545880229582,-1.3521828589404175,24.271232056709955,0.5502249663485934,-0.7987500000000001,0.0033071891388307415,4.132850351566563,,0.594435990982684,-0.570997115043334
20,2.8062842397186243,0.3462581257832808,-0.51375,0.006959705453537534,0.15515914873015724,,0.1625203926236202,-1.3717632806385383,24.374810550288586,0.5828378759103815,-0.8,0.0,4.1259810712411635,,0.5963842091409093,-0.5509462479715292
20,2.865826536002892,0.42590226752942834,-0.5062500000000001,0.0048412291827592754,0.16117329807936334,,0.12673818704646006,-1.3683823984977241,24.077523199711386,0.6612214589541568,-0.8,0.0,4.117238776113639,,0.610332185548726,-0.5224817121789544
20,2.8719710640692733,0.24144902047042205,-0.51,0.008660254037844395,0.15975007274242325,,0.13482023656889272,-1.3692652954994506,24.14999085757574,0.5785947992140335,-0.8,0.0,4.110045357274533,,0.5983874249935733,-0.5450817132477774
20,2.5460005549783697,0.1908779893466486,-0.51,0.008660254037844395,0.13693966890800746,,0.22892098699807764,-1.4178871065151917,24.36937345418469,0.6845553512348905,-0.8,0.0,4.137781370819086,,0.6000811446973764,-0.5640574592192109
20,2.781980501370857,0.31822621776319443,-0.51125,0.005994789404140905,0.15652212202777618,,0.13487746021288738,-1.4463270812176243,24.408240009181092,0.6352332726511694,-0.8,0.0,4.124813678948778,,0.6054765217334521,-0.5387931594749793
20,2.8371001715007367,0.3436928220219624,-0.5125000000000001,0.008291561975888507,0.15981929883405416,,0.10306986643392287,-1.3353782719908938,24.152657559794356,0.5692660481141181,-0.8,0.0,4.094703895721142,,0.5944775223607927,-0.5681465594025905
20,2.6256109027777845,0.27664129002889115,-0.50875,0.009270248108869587,0.14063202549242304,,0.19759876036690388,-1.4002358545774325,24.280621882720045,0.514767760051253,-0.8,0.0,4.1131288955921725,,0.5979045336023385,-0.5462899264514466
20,2.7188678314935184,0.36358819887597804,-0.51,0.008660254037844395,0.14538985235317306,,0.23333970286246702,-1.3063935392860961,24.444987043362186,0.713366029142146,-0.7987500000000001,0.0033071891388307415,4.1428385201515185,,0.5954871612260684,-0.552565655033135
20,2.6674991139971453,0.42516139363541267,-0.62,0.0,0.0864732714556302,,1.088222529088417,0.7389039472658425,26.502100919011532,0.6227625869735959,-0.8,0.0,4.68281255192172,,0.7846391520095641,-0.2018393131812159
20,2.5788875378787925,0.28654755952089433,-0.51125,0.007806247497998005,0.14052853646103766,,0.17335726383683442,-1.3548418524236294,24.500920407720045,0.6398202424377853,-0.8,0.0,4.14407303135949,,0.5978291919143275,-0.5576057488023669
20,2.3971135797619074,0.28388800436065215,-0.51,0.0050000000000000044,0.13144387217243692,,0.17326055858762673,-1.4430736664991892,24.41708772564934,0.686897392832487,-0.8,0.0,4.106818859505054,,0.5886698365479974,-0.5627899493304789
20,2.528151704761914,0.22633090576793471,-0.51375,0.0048412291827592754,0.1361072202352078,,0.25541495567127526,-1.3871866537467583,24.82087861479075,0.6168254174485475,-0.8,0.0,4.179821110475651,,0.5783922796146674,-0.5867595216442064
20,2.5009028976551355,0.22882229616344363,-0.51,0.008660254037844395,0.13184390909126886,,0.2741242141774991,-1.4127414838549812,25.26371032974386,0.6357201325379753,-0.8,0.0,4.2327671253171015,,0.584058811461359,-0.5609964010325084
20,2.4411746049422924,0.25696618455200143,-0.51,0.007071067811865481,0.13233440887012857,,0.20150044936586733,-1.3159273907853595,24.938539527236642,0.47165537588097517,-0.8,0.0,4.203433306432542,,0.5944330860551444,-0.5466704285239434
20,2.336417125108241,0.3064381752336074,-0.51125,0.005994789404140905,0.12329427479473185,,0.2188503516015055,-1.3402422113396308,24.790127018344144,0.43891162372925757,-0.8,0.0,4.1796398498553415,,0.5925278136320629,-0.5539993668066836
20,2.325866476046191,0.2620194695895613,-0.51,0.007071067811865481,0.11469360557250952,,0.3712151662566444,-1.2393311094201382,25.08332133897906,0.6545187874094026,-0.8,0.0,4.199339606808624,,0.5907729972578776,-0.5503560204243831
20,2.3389173662698597,0.348006483610027,-0.51125,0.005994789404140905,0.12002905508333278,,0.32304690370671907,-1.2724914173183735,25.584729913852797,0.7169212655307607,-0.8,0.0,4.249663250925508,,0.567532622771498,-0.5679035294427698
20,2.232271978138536,0.25581129991695056,-0.51125,0.005994789404140905,0.11683670604906068,,0.297503636678956,-1.3260944129858312,25.746492617821048,0.5381095060053813,-0.8,0.0,4.28785449302832,,0.5671831898672917,-0.5889715400005371
20,2.267531449386738,0.22196210186231172,-0.51,0.007071067811865481,0.1156986029145009,,0.3245348024360067,-1.339696890441205,25.7121980230339,0.5516650696210245,-0.8,0.0,4.318259885838386,,0.5872794673855817,-0.5426245038968557
20,1.6056463142136046,0.4148470565610234,-0.60625,0.03637908052713812,0.06719790019661152,,0.43404256119390316,-0.43860303757467495,26.197937958405475,0.5683148053886686,-0.8,0.0,4.559145940193544,,0.7282495283135009,-0.3176013852773794
20,2.1436598986291653,0.10856230592768824,-0.5125000000000001,0.006614378277661482,0.11423565260461664,,0.22446658604321668,-1.3712343931555826,25.70531745440114,0.6103915167938392,-0.8,0.0,4.292665833135284,,0.5718280326584526,-0.5601407593169621
20,2.006941761652252,0.29499242488599187,-0.5125,0.006614378277661483,0.10154968500937855,,0.30748574628029146,-1.4180897686207696,26.403962335443715,0.6799371095354895,-0.8,0.0,4.336391454087124,,0.5483520326190616,-0.5906700811986385
20,2.182888294913437,0.36456819631592774,-0.5125,0.004330127018922197,0.10874892682900347,0.050000000000000044,0.38519754942339257,-1.374796209116936,26.54521552566738,0.6128352255791422,-0.8,0.0,4.374495637827384,,0.5547792493176604,-0.5618602442522267
20,2.0445832929292953,0.19846281286046405,-0.5125,0.008291561975888507,0.1052404213726533,,0.2803111003239932,-1.26849455656521,26.171260294300133,0.5404253746004946,-0.8,0.0,4.343473287362918,,0.5730880842741273,-0.5491469095080481
20,2.1140006651154595,0.15567266774667643,-0.51,0.0050000000000000044,0.10422572757539617,,0.3682498737497299,-1.301269178146284,26.481552405050493,0.5255937485840483,-0.8,0.0,4.368011656455449,,0.5709232113650378,-0.5402219867455581
20,2.0047634084415797,0.08630962688233224,-0.51125,0.007806247497998005,0.09808649525757562,0.050000000000000044,0.3876589657196313,-1.2833363171742853,26.93333482171716,0.5901659991079159,-0.8,0.0,4.381943746546179,,0.5458599671887825,-0.5831627735854981
20,2.0532142458153038,0.11133125891853941,-0.51125,0.007806247497998005,0.09866573865007083,,0.43552034137660955,-1.3007722898954697,26.92087273605699,0.4567286064556725,-0.8,0.0,4.381798167784636,,0.5462579306442492,-0.5686808406589698
20,2.03249818896105,0.14997461780830432,-0.50875,0.005994789404140905,0.09880539101947987,,0.4094622944360863,-1.2854817213341092,26.764615197095946,0.7881256984478413,-0.8,0.0,4.360291538588205,,0.5520152812297892,-0.5457804996646679
20,1.949460617496415,0.289549305519387,-0.51,0.008660254037844395,0.09268889469300126,,0.4718855147750803,-1.192357140172879,26.270413917099553,0.498755835749137,-0.8,0.0,4.333616363205088,,0.5696887809563198,-0.5418857362256035
20,2.0603510701298857,0.1877012543437742,-0.50875,0.007806247497998005,0.09931145971789246,,0.43268172342103506,-1.2694680595422283,26.324275344823224,0.7977791015388856,-0.8,0.0,4.341646053929116,,0.5635061724978565,-0.5535924083672608
20,1.3614120497114346,0.4871192678714199,-0.5375000000000001,0.048153400710645555,0.06255294151551441,0.04500000000000004,0.2965776130788393,-1.01180212908813,26.006470483513695,0.3872337173679902,-0.8,0.0,4.458084672859671,,0.6890746284046954,-0.3736757358459046
20,1.9228849380231043,0.15901101492581715,-0.5137499999999999,0.0048412291827592754,0.09343469604040315,,0.4304422765348732,-1.3537325366877244,26.746224190530285,0.8009810957375838,-0.8,0.0,4.363946583969158,,0.5222604730466025,-0.6032336377811818
20,1.382502159199177,0.24953172631423412,-0.5125,0.006614378277661482,0.06436350171212338,,0.44311792066813266,-1.2487804907236322,25.932094396843425,0.5290431355727985,-0.8,0.0,4.434804261746215,,0.6802619479383735,-0.36523460383463424
20,1.4945256786436083,0.17390207237382782,-0.5162500000000001,0.0048412291827592754,0.07512230293975528,0.050000000000000044,0.34936026741912085,-1.3318683272041265,26.027645547709227,0.8684266305778603,-0.8,0.0,4.365704645258301,,0.6329451227773295,-0.42895676344299083
20,1.7807986430375369,0.18159438139920564,-0.5125000000000001,0.006614378277661482,0.08793934526875871,0.050000000000000044,0.37925285972532286,-1.2844422333562389,25.916495297853523,0.8645742811583291,-0.8,0.0,4.352202733584418,,0.6244174830440905,-0.45867552961044544
20,1.9464983632395567,0.23373680472978223,-0.51375,0.006959705453537534,0.10221436022655041,,0.23188227243517925,-1.3803279367530763,25.74083438529941,0.6786658027967131,-0.8,0.0,4.33690722262843,,0.6214298738090678,-0.4867981807038085
40,2.345300236038991,0.6198383068756625,-0.5925,0.04789311015167003,0.09384082856638043,,0.5076670729935062,-0.5317011970119474,26.3284147473124,1.2202780107044644,-0.8,0.0,4.477032297490802,,0.6756895829765004,-0.34767723688508073
40,2.8796710766594567,0.28326903560241007,-0.51,0.007071067811865481,0.1656715619155831,,0.07342846277316514,-1.3432613571871936,22.835163670670987,0.6298586049968911,-0.7987500000000001,0.0033071891388307415,3.814065937566741,,0.5266315852829636,-0.6777628763932785
40,2.81127954574315,0.23896362021406106,-0.50875,0.007806247497998005,0.16384247828859877,,0.04258083827200994,-1.3512108505240226,22.597700868524523,0.5963765988282604,-0.8,0.0,3.790689412437413,,0.5200589340994208,-0.6989804887038908
40,2.850162029437239,0.4608811268413103,-0.51125,0.005994789404140905,0.163118813738094,,0.1053435800291504,-1.332535011140108,22.772198332052653,0.6085761717093433,-0.7987500000000001,0.0033071891388307415,3.7703794134193744,,0.5240988445192442,-0.665593597689189
40,2.8498100520202154,0.4460549485314829,-0.5125,0.006614378277661482,0.1666347918917742,,0.041708776146681455,-1.3899701506302158,22.400954748809518,0.46360059483597355,-0.8,0.0,3.7402090140227298,,0.5250297538093697,-0.6770266109039405
40,2.810998014971153,0.5209049984167591,-0.51,0.007071067811865481,0.15931524638167288,,0.11148636740821219,-1.3340609264032426,22.715754315259726,0.5799586376999375,-0.8,0.0,3.81252616007594,,0.5332327057195543,-0.6691024001796804
40,2.8940166221500836,0.3069305959087622,-0.5125,0.006614378277661482,0.16510437283441434,,0.1053522933526392,-1.4161057744333831,22.32516460052308,0.57894871852281,-0.8,0.0,3.7352993926210347,,0.5305336298663088,-0.6874713004469136
40,2.9998740146825447,0.3474029299621011,-0.5062500000000001,0.0048412291827592754,0.16343735133261061,,0.1728300484754457,-1.3005978194714878,22.364250083026683,0.5760638611700651,-0.7987500000000001,0.0033071891388307415,3.7455576393275627,,0.5436867520615284,-0.6596012346700841
40,2.8973475905122754,0.3886294250237041,-0.5075000000000001,0.008291561975888507,0.1607951670699847,,0.12958209267644016,-1.4029805625295282,22.21923273681456,0.5483987147537733,-0.8,0.0,3.7458334160247126,,0.545847078749804,-0.6484582720573154
40,2.8553557991342084,0.2388365224931879,-0.50875,0.009270248108869587,0.16102824178896014,,0.11981962844677786,-1.3538695698700263,22.261574681655834,0.7827000140542348,-0.8,0.0,3.702837292045456,,0.5341174390585284,-0.6475098666423658
40,2.796234258658018,0.4145505175851389,-0.51125,0.005994789404140905,0.15907485413960926,,0.1046339935071075,-1.4550010472733277,22.158143614538226,0.6206339024899526,-0.8,0.0,3.691230698614179,,0.5261739415717431,-0.678318877243899
40,1.9606402116161892,0.35098440664903024,-0.50875,0.007806247497998005,0.09227656863708589,,0.34331379833947784,-1.2993580952334596,27.069827186165213,0.6931528579518431,-0.8,0.0,4.362674063979439,,0.5725757668866842,-0.47489562332003155
40,2.8191562966089525,0.3446686419094078,-0.51375,0.006959705453537534,0.15816277272330326,,0.12998063385546535,-1.3805397210229051,22.17104803235929,0.5459602239536356,-0.8,0.0,3.7053221562022016,,0.5238567954009377,-0.6914223616999703
40,2.7876270817460456,0.3805300317295067,-0.51125,0.007806247497998005,0.16002015104509296,,0.08428253199061989,-1.4047914571693059,22.136188098773438,0.3833882952442705,-0.8,0.0,3.710613935265154,,0.5297371967058229,-0.6890305930880971
40,2.7778566132756204,0.36371235643125877,-0.51375,0.008569568250501312,0.15540759789862793,,0.14531259886345033,-1.4153141057127634,22.018064168560596,0.4712913861585621,-0.8,0.0,3.7041661041179674,,0.5429608405107507,-0.6654670157726068
40,2.8101237033910573,0.4013892473608065,-0.51,0.007071067811865481,0.16019171540620356,,0.09892690148679723,-1.3161283682147569,22.077396008603884,0.5197599591610684,-0.8,0.0,3.70075563579726,,0.545372261773643,-0.6477909802709092
40,2.5939271061327673,0.250675182400358,-0.50875,0.005994789404140905,0.14233019255916202,,0.1970050478946795,-1.4120464155557477,22.211243595274162,0.5095837781127225,-0.7987500000000001,0.0033071891388307415,3.716233111344338,,0.5254784374437853,-0.6747398100485344
40,2.7135389388528215,0.21012907409663867,-0.5125,0.006614378277661483,0.15433536678030185,,0.08861374916150924,-1.3928511483924724,22.027446882756124,0.6614522757844258,-0.7987500000000001,0.0033071891388307415,3.6785298182570365,,0.528803736116549,-0.6815232280732579
40,2.726645855772011,0.3291841678694319,-0.5125,0.006614378277661483,0.15628671011868547,,0.08373451167404353,-1.3788824427647963,21.67888151235569,0.409664515401519,-0.8,0.0,3.6620381440952414,,0.5498268700903307,-0.6406309927925316
40,2.721954158080817,0.34045949232658484,-0.51,0.007071067811865481,0.15457514001947922,,0.10575878748332933,-1.2797112741787424,21.903282002994214,0.7600994070999316,-0.8,0.0,3.6898023613106066,,0.5494044203581392,-0.6398581145732811
40,2.687178497582977,0.38210300712741796,-0.51125,0.007806247497998005,0.15301341628282716,,0.07649175741674441,-1.3070384894660605,22.356949319606777,0.8124994445284022,-0.8,0.0,3.7279022653192664,,0.5442064772133908,-0.6505969280474727
40,2.471932784090922,0.36642792640241617,-0.51125,0.005994789404140905,0.131793122545093,,0.23588406021433644,-1.2891658233915755,22.120372085515864,0.6539173392055186,-0.8,0.0,3.6982383031410557,,0.5384430568605378,-0.6537520545778073
40,2.2387482458874515,0.30211641737799316,-0.5075000000000001,0.008291561975888507,0.11287202166738676,,0.37527441252808325,-1.215656907728874,25.66603651859667,0.6060494047650791,-0.8,0.0,4.132981444545276,,0.5562656310665404,-0.5014386929155894
40,2.6317072153318954,0.3054679271595576,-0.51125,0.009270248108869587,0.1463019237330433,,0.10693752124285526,-1.3940709059542815,21.812115611886714,0.4819174435962455,-0.8,0.0,3.656628311007397,,0.5467154476116258,-0.6348072487483698
40,2.548371461219345,0.24655584149378668,-0.51,0.007071067811865481,0.13988391811507825,,0.16783755158363028,-1.414530999662204,21.31018359668109,0.5159123498703315,-0.8,0.0,3.594924473996395,,0.5486513374982295,-0.6569125525880983
40,2.375025606998572,0.3190297995057247,-0.5125,0.006614378277661482,0.13299426941810855,,0.14376666281601888,-1.3242181541512117,21.314045958441547,0.6421015469389779,-0.7987500000000001,0.0033071891388307415,3.6013933521323973,,0.5452990929575939,-0.6550435557010991
40,2.349960006565661,0.2905111316724164,-0.5137499999999999,0.0048412291827592754,0.13250748334198992,0.050000000000000044,0.15238896573492308,-1.3729496265758154,21.96522750339104,0.7972991897391223,-0.8,0.0,3.6715172906408746,,0.5261769907540399,-0.6765195541538761
40,2.174092397438681,0.24162385186743776,-0.51625,0.0048412291827592754,0.121342400695886,,0.16239143961003633,-1.4114190995233828,22.050746035263337,0.6400552330228568,-0.8,0.0,3.7088572326717193,,0.5331519898704407,-0.6932222338978946
40,2.140208672294382,0.30024824806258826,-0.5125,0.006614378277661482,0.11127779940548277,,0.2990674777858637,-1.4295785251397888,22.058551744769105,0.6246954828769905,-0.7987500000000001,0.0033071891388307415,3.682525113110571,,0.5450162672783198,-0.6466422379144023
40,2.1329520286075185,0.23646786048621682,-0.51125,0.007806247497998005,0.11598554378463145,,0.20037853962324476,-1.4467579175192937,21.548777736634193,0.5729100621450174,-0.7987500000000001,0.0033071891388307415,3.6319986582298,,0.5468357982659118,-0.6532516120512645
40,2.204279185317477,0.33890930788148077,-0.5225000000000001,0.03733296130767019,0.1078404040003604,,0.3610992439539837,-1.1477183463735936,22.03754603032106,0.8649500332183768,-0.8,0.0,3.6970797716782133,,0.5478466797017087,-0.6527995508512747
40,1.2632484301226672,0.35639749436392104,-0.54125,0.04621620386834037,0.0599209868997104,0.050000000000000044,0.4004340548644717,-0.5767290937501766,26.629400202272716,1.9794434264295313,-0.8,0.0,4.328746397795096,,0.488306950997104,-0.7064753557478707
40,1.516513523412716,0.13279256358866037,-0.515,0.0050000000000000044,0.0812054315577195,0.050000000000000044,0.2591949918558445,-1.3321357404036327,22.902945029365068,0.767833721276119,-0.8,0.0,3.8339579929260483,,0.5508682137742638,-0.6338830515025755
40,2.434753160281401,0.18462945296042413,-0.50875,0.007806247497998005,0.12487427344191826,,0.29433619644056414,-1.3646961981540284,25.04981061423159,0.7080980652445845,-0.8,0.0,4.071188220321431,,0.5486946687367434,-0.5490890356696434
40,1.4507891800866015,0.27699738383464306,-0.5175000000000001,0.004330127018922197,0.07170627771608946,0.050000000000000044,0.3945113609707732,-1.2919842056835424,22.755721172763337,0.6525939375702057,-0.8,0.0,3.8166421840494253,,0.5388678440920842,-0.6597182867429723
40,1.5473049330447446,0.1779669764609032,-0.5137499999999999,0.0048412291827592754,0.08251423966738758,0.050000000000000044,0.24381157488711144,-1.2817562623060348,22.44147870138888,0.6758005512287262,-0.7987500000000001,0.0033071891388307415,3.7693990418465035,,0.5515257419355851,-0.6422333959446749
40,1.4301313029942402,0.33666972290368263,-0.51125,0.007806247497998005,0.07292843934631989,0.06000000000000005,0.3117259054290416,-1.0221302068408469,22.723254905519475,0.51971848476592,-0.8,0.0,3.7820427535117274,,0.5397438430711767,-0.6459868367747219
40,1.5361876895382438,0.36682330079000314,-0.5275000000000001,0.03596873642484539,0.07542858682467421,0.050000000000000044,0.30688331123502416,-1.1772854268112236,22.86470489062048,0.5812807515250049,-0.8,0.0,3.809551677755233,,0.5537376977006234,-0.611322206075654
40,1.334102740728731,0.17845657154116282,-0.5125,0.008291561975888507,0.06509839499314528,0.050000000000000044,0.44899593545693456,-1.1731592156222312,22.79617905214645,0.6240630569028428,-0.8,0.0,3.767224456165767,,0.5430318785981134,-0.6200584173513437
40,1.4307516806277358,0.2706175326870753,-0.5262500000000001,0.03603383826349893,0.07368119707936599,0.050000000000000044,0.2540186699877958,-1.1930894136955605,22.227963224170264,0.6759826819743852,-0.8,0.0,3.6888580001764097,,0.5407874887520006,-0.6343947698038083
40,1.6142670493867368,0.3166756105031999,-0.52625,0.03637908052713812,0.07945950738924913,0.050000000000000044,0.3537182924842888,-1.229898167495067,21.751825809469686,0.746556447121871,-0.7987500000000001,0.0033071891388307415,3.646345004151698,,0.5539466293774977,-0.6182195504052586
40,1.4113455589466284,0.11271868316142335,-0.51375,0.008569568250501314,0.07377418183549747,0.04500000000000004,0.29887237553793305,-1.2875316885929955,21.998975328228703,0.6111602806162287,-0.8,0.0,3.6813733584563515,,0.5517127195082845,-0.6384026190874592
40,1.2407789560606193,0.398496631826636,-0.5225,0.03799671038392666,0.059420295138528145,0.04333333333333337,0.47948297157424397,-0.9635115331764879,22.785713735299414,0.8205467284318229,-0.8,0.0,3.7892234284798008,,0.5417284558936557,-0.6378102670379253
40,1.1573537755411403,0.23732307312489853,-0.54125,0.04621620386834037,0.05497142633513675,,0.38378138112841226,-1.052231569648895,22.574081215981234,0.6360007965267358,-0.8,0.0,3.7679666197864385,,0.5355530003964275,-0.6424342708681905
40,2.4622317017676987,0.23221558233416378,-0.5137499999999999,0.006959705453537534,0.13198601311543995,,0.2229082086781619,-1.4201265637080107,24.39290651823592,0.8012196815917064,-0.7987500000000001,0.0033071891388307415,3.9834916571585524,,0.5115396410080391,-0.6483975152043809
40,1.3337578997474906,0.34072301018620055,-0.5237499999999999,0.03705991770093398,0.06633486073124069,0.050000000000000044,0.32627064059759125,-1.253188500108939,22.259832633080798,0.6628953449411937,-0.8,0.0,3.732840766329007,,0.5552560808067444,-0.6180029122066295
40,2.5818124430375313,0.30024779131055523,-0.51125,0.005994789404140905,0.14174161257106704,,0.1972142500436762,-1.400002510819638,24.280742821861466,0.6594001996371324,-0.8,0.0,3.996108559664866,,0.5335910236998485,-0.6319782797917985
40,2.604673926118339,0.32815853092787184,-0.5125,0.006614378277661483,0.14284291792532375,,0.19299536510458526,-1.3921377202498766,23.971761498809514,0.5392946552228579,-0.8,0.0,3.9378793476176064,,0.5198184348042963,-0.6433976710190084
40,2.746893955230887,0.35157001607006705,-0.5125000000000001,0.006614378277661482,0.16057063779869973,,0.04924781524058562,-1.3283191676775457,23.39076886087661,0.5087309362728589,-0.8,0.0,3.8618462265263362,,0.5153915068643888,-0.6692732349283639
40,3.0364945544372373,0.2710558991184311,-0.5075000000000001,0.008291561975888507,0.16813249995779087,,0.11748855035153868,-1.3127430371559234,22.965733098845586,0.6205162505676323,-0.7987500000000001,0.0033071891388307415,3.831004472159995,,0.5417021459515476,-0.6352046891286435
60,4.208350205303021,0.7516621333942646,-0.61375,0.006959705453537534,0.2798348801612526,,-0.6698925065467944,0.14785077132317803,41.16789891190476,3.048261886880887,-0.8,0.0,4.88862071281728,,0.026399612162004118,0.7077707110463834
60,6.5624572909090775,0.813091276204668,-0.62,0.0,0.24195505762012753,,0.9052402897357381,-0.1293402656502995,48.62422277413419,1.4523764480391257,-0.8,0.0,3.8964742327669577,,-1.391804256347122,3.7292403486976617
60,7.234993847979794,0.6828276216029735,-0.62,0.0,0.27750928631565486,,0.8192930348702412,-0.4344674999003891,50.59523351509738,1.3043587691769516,-0.8,0.0,3.9656380394662714,,-1.4948451990842888,4.085955217082777
60,6.989991090187582,0.6332582940752829,-0.62,0.0,0.2592441363618304,,0.8730645804718566,-0.3138984427367647,49.975694736489885,1.0130089273999938,-0.8,0.0,4.001535555568724,,-1.4138179807630318,3.8161776541307084
60,6.564980519444443,0.7360612654599863,-0.62,0.0,0.2225332498603883,,1.0670628009056757,0.1656058421656963,48.21524429558078,1.1027698544004723,-0.8,0.0,3.9834278360055935,,-1.3049706229978824,3.5167453054732674
60,6.485651081818177,0.7614633488234531,-0.62,0.0,0.23770380451334633,,0.9195382917086611,-0.19054402981021146,48.67379119619406,1.4567746483098405,-0.8,0.0,3.9802998518827577,,-1.3327804207042382,3.4290327655880617
60,6.0874085857142735,0.8113181414838142,-0.62,0.0,0.21929286636074852,,0.9785075648663388,-0.03223586434645276,49.396499905952375,1.0162507350556396,-0.8,0.0,3.9993490112292585,,-1.3768456749876141,3.508320451580194
60,5.656049266197687,0.6500856229217421,-0.62,0.0,0.2129735791100274,,0.8694723754687881,-0.3364981130057706,48.410140711525955,0.9590805711934597,-0.8,0.0,3.947159034409633,,-1.33299381296236,3.3333547651711988
60,5.477421238023072,0.7994304020892441,-0.62,0.0,0.199223345595597,,0.9507812024390893,-0.10143837392946164,48.64680557420634,0.8424241307685232,-0.8,0.0,3.96243370421519,,-1.3551522767329067,3.352416227667888
60,5.442845666053387,0.6838114381660961,-0.62,0.0,0.19096301422654977,,1.0115157994252866,0.05454569606555648,47.76479652696608,0.5211572702751236,-0.8,0.0,3.8963208317747147,,-1.3333693896044847,3.3385066351826405
60,5.2156530269119745,0.5406566007163901,-0.62,0.0,0.1856323718080799,,1.0109171001386061,0.14818252417598143,46.60856558205266,0.9177901830491032,-0.8,0.0,3.8665396792058107,,-1.279161369022272,3.195790910980393
60,2.902979087950937,0.476149217822687,-0.51875,0.009270248108869587,0.1920825272514416,0.07333333333333332,-0.24444763030218553,-1.0873687515607926,19.732436870941548,0.8563535355481864,-0.7962500000000001,0.006959705453537534,3.322187023691379,,0.742715869256346,0.026513772698001203
60,4.5039474814574145,0.7328078910334364,-0.62,0.0,0.16014390416738605,,0.9482883861111235,0.15513139759540806,44.5870801227453,0.8843748517193272,-0.8,0.0,3.798000903240803,,-1.176326864291738,2.950579208855591
60,4.266885390115425,0.8679447915425091,-0.62,0.0,0.15595374052957925,,0.9528481651046257,0.043803343676844075,42.92279146217531,0.7106471959274456,-0.8,0.0,3.7875150251724405,,-1.0398779493691306,2.6573321364069598
60,4.025066335678208,0.9736338717791708,-0.6187499999999999,0.0033071891388307415,0.1488606173160163,,0.9578595653384403,0.13550252478801045,41.68764536580086,0.9613976939773787,-0.8,0.0,3.725210449553213,,-0.9837496069063758,2.4853978914401895
60,4.291567713492073,0.7137523533540544,-0.62,0.0,0.14476480298556987,,1.0391560946320924,0.5519440977870008,41.99912579945885,1.2711290184445936,-0.8,0.0,3.717846456342895,,-1.0170651921705531,2.5834251764217244
60,4.603194479184705,0.9116780133659295,-0.62,0.0,0.1635892567914857,,0.9960180581452561,0.5848158569831515,42.414163204238804,0.8271254074333702,-0.8,0.0,3.7249281168380253,,-1.0395784991128427,2.5837359598240806
60,4.042542314177492,0.5276540532975431,-0.62,0.0,0.14915582643325997,,0.9122346677035017,0.18344022911496577,42.728273264267656,1.337789569625234,-0.8,0.0,3.748253144888169,,-1.051815780030471,2.6871986741582563
60,4.2292895869408405,0.7727342003908887,-0.62,0.0,0.14556724460858514,,1.0521137607478792,0.21739694814280847,43.614429295851345,0.7313286309392543,-0.8,0.0,3.752425398315298,,-1.1246011520022559,2.854787338728495
60,4.178613514502151,0.7253329699587451,-0.62,0.0,0.14554266621356227,,1.0536904662716324,0.47293569241779343,44.23436586814572,0.9604066659484631,-0.8,0.0,3.745384285954006,,-1.1701818221085496,2.9374203989748597
60,4.170654024062063,0.7377721418873363,-0.62,0.0,0.1319352609664503,,1.1394870681345886,0.413777750086895,43.15564901920993,0.968411010855453,-0.8,0.0,3.7478320352189765,,-1.0829827544561317,2.7567826837635674
60,3.763415677128426,0.8506563493604564,-0.62,0.0,0.13453053803571316,,0.9922768248072925,0.24785290834112023,43.86128418015872,1.0236045405977785,-0.8,0.0,3.759901207409093,,-1.1448761766736884,2.88919089458994
60,2.0844143072150154,0.31649599614460106,-0.52,0.0050000000000000044,0.1253674036695519,0.06799999999999999,0.006080700882730659,-1.1825866010418198,20.789605516089456,1.3095069327692166,-0.7987500000000001,0.0033071891388307415,3.272895928837483,,0.627531414195489,-0.07109808380702809
60,3.8249955647546967,0.7847458160685338,-0.62,0.0,0.13394044212662282,,1.022890293188548,0.14523676222627485,42.67242885173157,1.1081347233621093,-0.8,0.0,3.710287821642137,,-1.064549273031971,2.6823747745113597
60,3.9793031690836917,0.6159163359517733,-0.62,0.0,0.15827162578426993,,0.7763098352067772,0.29477804715730016,42.77613727518036,1.1069407341365827,-0.8,0.0,3.726516901957434,,-1.0932794885861927,2.7543363253396183
60,4.30280465919913,0.6710958798218722,-0.62,0.0,0.16348456511940684,,0.8198646666464314,0.11726326341140081,43.8638186763528,0.9827192293212897,-0.8,0.0,3.774608476808985,,-1.1426779760921568,2.850687692086543
60,3.9241932363997045,0.6969731013778826,-0.6187499999999999,0.0033071891388307415,0.15430876739754568,,0.8541047674478182,0.5124811568186717,42.27820106049782,0.8697809963729745,-0.8,0.0,3.743328213175146,,-1.0374772968358257,2.606145219920795
60,3.7051010341269937,0.9095805960926578,-0.62,0.0,0.13556348087914846,,0.8769415759252526,0.3773763393365024,41.833210679906195,0.5641564034815466,-0.8,0.0,3.695205838523451,,-1.0213167616335461,2.518130912834555
60,3.351868579112566,0.6968398451071645,-0.62,0.0,0.11175513726046199,,1.1219038533806271,0.3936500899130062,41.75926772025612,0.7238334928446809,-0.8,0.0,3.751098569692462,,-0.9723672346721937,2.454785427285109
60,3.4769982754689863,0.5683927159716812,-0.62,0.0,0.13219784331782092,,0.8854336417601383,0.19336757178947095,40.9034657372655,0.9293444693737617,-0.8,0.0,3.68726976385498,,-0.9585300773071771,2.346694763362102
60,3.2517398364358034,0.9260275812271279,-0.62,0.0,0.11805868405555556,,0.898763067740195,0.4532825317580859,40.53763786982322,0.9848471426238563,-0.8,0.0,3.666056689444807,,-0.9341639515972237,2.3220840018553544
60,3.321526268109677,0.6835121132975857,-0.62,0.0,0.12418309308044768,,0.8590934149896284,0.23651956745102015,39.738391142099545,1.0592397450888886,-0.8,0.0,3.654949576518219,,-0.8740936090193056,2.1414893445028165
60,3.4535342853896123,0.5611741525696065,-0.62,0.0,0.12916685868398256,,0.9414262272095313,0.27261447523203985,39.49680655970417,1.1436916159105832,-0.8,0.0,3.6587781532821086,,-0.8533877770177577,2.154525892591109
60,1.3361411040404216,0.2192340654089989,-0.535,0.03316624790355399,0.07164557901623392,0.05250000000000005,0.2531668559994571,-0.8996656905748528,23.239959973899698,0.8029451739209212,-0.8,0.0,3.3412365356143585,,0.5157819964790922,0.061936728965335086
60,2.8923984121572865,0.7411927748466258,-0.62,0.0,0.10737484815295747,,0.8740016117139018,0.407296534126599,39.26918591796536,0.970673170160155,-0.8,0.0,3.6088619217586597,,-0.8602096574304797,2.195629400426425
60,3.0507327293650848,0.47272716364474177,-0.62,0.0,0.10717013592929295,,1.0707484694389204,0.6263730610177798,39.273742106709946,1.2982903171554248,-0.8,0.0,3.5866836223475853,,-0.8760969984075231,2.2202273532551517
60,3.6223225957431433,0.7118455746441358,-0.6187499999999999,0.0033071891388307415,0.13629695275180273,,0.9319107633595299,0.3877067472904808,41.71010196706348,1.04183987607428,-0.8,0.0,3.6663691993190857,,-1.0321761669173255,2.581131943835514
60,4.085340963852822,0.7219874302598968,-0.62,0.0,0.14399966584090823,,1.020900021630765,0.3962670175306382,42.83347903519119,0.460381996637169,-0.8,0.0,3.712950235015334,,-1.1117179315641568,2.7403006457583188
60,3.4089304582611932,0.6777615889967343,-0.62,0.0,0.13171011813167344,,0.8416483544891636,0.07574263823589128,42.40343389274891,0.6942034826193527,-0.8,0.0,3.769692941366343,,-1.0103941669352174,2.448985739519853
60,3.224512246645017,0.7072264447699564,-0.6187499999999999,0.0033071891388307415,0.12838976827164433,,0.747553623121018,0.18064611328221197,41.30432393073592,0.6489644495859109,-0.8,0.0,3.7188393547875203,,-0.9746975659767696,2.3686210481274705
60,2.990353975000001,0.8154415185292225,-0.62,0.0,0.10213122182323188,,1.0324380416949868,0.44695462544414044,40.1488634476551,0.8915357661916782,-0.8,0.0,3.7444444610099223,,-0.843217140399942,2.0610711021867214
60,2.852007289718626,0.6647307988167394,-0.62,0.0,0.10320476372907621,,0.8273412333955077,0.8138186935922687,39.02591613701298,0.8953098794754942,-0.8,0.0,3.6296966561468285,,-0.8296285705327602,1.9917303806619164
60,2.8731816606421425,0.7527508982871058,-0.62,0.0,0.10015673767893182,,0.9482965461580762,0.6436655724972026,38.62855132929292,0.9852710605288212,-0.8,0.0,3.661732355689396,,-0.7705605459896137,1.8497922369144084
60,2.4920558218975577,0.4965208697647108,-0.6187499999999999,0.0033071891388307415,0.0912137820169559,,1.0534196612541744,0.7365952367123272,37.76146386877704,1.0605857635666973,-0.8,0.0,3.605310466295095,,-0.7392248703316973,1.794616644629301
60,1.3266710509740438,0.38766820580625233,-0.54375,0.04442338910979215,0.06502394021500797,0.050000000000000044,0.23757388274022467,-0.20605335092665814,24.68969133066377,1.2719899364838265,-0.8,0.0,3.3495864178295465,,0.3946526540109676,0.10659994716908672
60,4.922725185245303,1.3095149673509363,-0.62,0.0,0.21137349665223465,,0.6405836257549877,-0.6382709028156028,38.21831590862192,1.924082186326678,-0.8,0.0,4.273343624341631,,-0.29742443329592483,0.3829337836144939
60,9.635577056818173,2.450057054743846,-0.62,0.0,0.465923533160171,,0.4217254934721259,-0.9168876459473831,66.80529142914861,14.969159443848088,-0.8,0.0,5.237246128910354,,-1.4633189371634225,2.3101595767256553
60,4.434724129184696,0.893659576955836,-0.62,0.0,0.17609984590259592,,0.7834599489642261,-0.1109253671399652,41.823186315620475,1.2544495431313654,-0.8,0.0,3.7992979478315307,,-0.9814840866343575,1.941859795399905
60,4.273412942027411,0.5908212142390805,-0.62,0.0,0.17224890836976747,,0.6851957583933102,-0.12830690346219892,40.18414671480879,3.167477921384445,-0.8,0.0,3.644941945217535,,-0.9310145144583724,2.2065417480952627
60,5.697784489862905,0.46613145815397644,-0.62,0.0,0.21753215370598636,,0.8450652590397529,-0.2703064762596251,46.21567664195526,1.321605404092863,-0.8,0.0,3.8375038055600674,,-1.2734598061148215,3.299021310715274
80,2.0260154518759155,0.18025783307753437,-0.51875,0.005994789404140905,0.11042664080158618,0.05500000000000005,0.1944760101699856,-1.2238132045432568,43.632723815070335,1.5835385893927623,-0.8,0.0,6.481991662805013,,0.4099692938609362,-0.23443491762363472
80,3.1185890312770637,0.526427752783006,-0.5175000000000001,0.004330127018922197,0.17725751056240802,0.05333333333333338,0.15808704401791715,-1.1979828895129092,46.71754638890691,1.417688437565888,-0.8,0.0,6.668368393772728,,0.2975986503854441,-0.1907195717668414
80,3.8473287367965607,0.4502121166980148,-0.515,0.007071067811865481,0.2352835762655111,0.06000000000000005,-0.05575772801926701,-1.3097966078252767,46.20689219585136,1.2214786843281868,-0.8,0.0,6.625240679478896,,0.2946889230405267,-0.21694560748917524
80,4.047107377056281,0.8056807257272205,-0.5175000000000001,0.006614378277661483,0.25861832670237855,0.06999999999999995,-0.27905610908961254,-0.8599237575404368,48.23512882898628,1.6124369246150074,-0.78,0.027838821814150136,7.398359249420455,,0.17263667642380182,-0.6001375555934279
80,4.426532867460329,0.4311147688153319,-0.5137499999999999,0.008569568250501312,0.2629678228019465,,0.025274659833652957,-1.2058692031651876,54.64680287436867,1.377731820870593,-0.8,0.0,7.4365272461691925,,0.0823857554086708,-0.18179780073183288
80,4.161700954617626,0.5131838390429218,-0.5162500000000001,0.0048412291827592754,0.2556455444007917,,-0.05728234200418969,-1.2786927410404387,54.44867907866159,1.9381267249776004,-0.79125,0.009270248108869587,7.594124016655664,,0.003941392642628041,-0.3673743296827373
80,4.365629768434357,1.09133395920887,-0.5162500000000001,0.0048412291827592754,0.2661927961497094,0.050000000000000044,-0.055947592626183956,-1.103829741623786,54.97473395052306,1.9411270306284754,-0.77875,0.009270248108869587,8.095826874935247,,0.012288510891523339,-0.5870336656109114
80,5.6001459469696995,0.6849519635928767,-0.50375,0.006959705453537534,0.3107292658892479,,0.16637728274461078,-1.2163418275635833,57.38586234289319,4.2924441515107095,-0.8,0.0,8.085934623247114,,0.2902896261415687,-0.18659342041919474
80,5.969914127308811,0.383539754752796,-0.505,0.0050000000000000044,0.32576141103282635,,0.1667700827044616,-1.3415126383980929,52.02306203508296,2.0675521060526294,-0.8,0.0,7.713593390967896,,0.37540981006507346,-0.2786801065291379
80,6.116574298340571,0.6296112412360746,-0.5025,0.004330127018922197,0.3443537030032451,,0.11694898396405352,-1.2820520231233832,51.376988145779194,1.8470013588832077,-0.8,0.0,7.6886460632563125,,0.3410076392375813,-0.33192190071858485
80,5.710211602020212,0.30659346027215256,-0.50875,0.005994789404140905,0.3283017219393918,,0.0910153172297525,-1.4141635860405573,52.8421096234668,1.589749889051717,-0.8,0.0,7.474931261776336,,0.3044824646148515,-0.16330657309194307
80,5.968097710858602,0.3095105945909598,-0.5062500000000001,0.0048412291827592754,0.3467603595743124,,0.0536595091435793,-1.3802435468421757,55.08075037128425,0.6969724408815348,-0.8,0.0,7.7209621034049425,,0.18562546118916126,-0.2263735365105332
80,6.100218348196268,0.5117251227523169,-0.5037499999999999,0.0048412291827592754,0.3403790660115426,,0.14746321764424508,-1.3383941720341788,56.75814017301586,0.8269465659305608,-0.7987500000000001,0.0033071891388307415,7.902132862611836,,0.14172707726010364,-0.22023934670627543
80,8.7886104770202,1.3070912703582147,-0.50125,0.0033071891388307415,0.4630394137990599,,0.22469790793625516,-1.2650387389439248,55.480404520652925,4.401957943362071,-0.7875000000000001,0.004330127018922197,8.253844427020024,,0.14148769539816652,-0.5684185136729775
80,7.029930502272734,0.2522862432137425,-0.505,0.0050000000000000044,0.40537573833729934,,0.08427530668521893,-1.3337321307288708,51.063221431439366,0.8516329726565013,-0.79,0.0,7.597998800996754,,0.18892858889749228,-0.4441678307858731
80,6.519015384090916,0.5632827712578611,-0.5062500000000001,0.0048412291827592754,0.3835316944675304,,0.05825841750876276,-1.3890080845570842,49.83105871594515,0.7188958372657726,-0.79625,0.0048412291827592754,7.29963846287861,,0.1942141417619405,-0.3670609978343592
80,6.4440918196609145,0.45929272741677973,-0.5062500000000001,0.0048412291827592754,0.3595205470894643,,0.1485415755068391,-1.3872763160645087,53.21152280445526,0.9742980369956953,-0.7975000000000001,0.004330127018922197,7.628899627757577,,0.1591316912941011,-0.31101648605375587
80,7.928484429292947,3.022603507979509,-0.505,0.0050000000000000044,0.4376534950018024,,0.12727208755324754,-1.3624030567242587,49.95433630660172,5.781717296290627,-0.795,0.0050000000000000044,7.836177555091091,,0.32080254182530177,-0.513765688037199
80,6.4135595552308935,0.642462115116165,-0.5075000000000001,0.004330127018922197,0.3676162683827544,,0.08555698513968779,-1.3452875558417792,46.51670595573591,0.5416534865751987,-0.79375,0.0048412291827592754,7.093286263909453,,0.2900518576014738,-0.4481665361691542
80,6.381231407034637,0.4845867631628108,-0.50625,0.006959705453537534,0.36956693665079154,,0.07102988601517635,-1.366504796137633,46.79859729188309,0.6739567277277322,-0.7975000000000001,0.004330127018922197,7.066566756591091,,0.2918676077265261,-0.40606983750413017
80,6.480462409054851,0.712002671642891,-0.50625,0.006959705453537534,0.37828130959523687,,0.049063325200335975,-1.3585446987397343,47.60886452175322,0.8896815290801862,-0.7987500000000001,0.0033071891388307415,7.0655911739069275,,0.290279609501994,-0.35205896863678093
80,6.092102956673886,0.45757836402751445,-0.5062500000000001,0.0048412291827592754,0.3562764623676027,,0.05861938771086426,-1.3654128743438951,49.08667014498555,0.846090221683723,-0.8,0.0,7.13630656482684,,0.2543510313095587,-0.34370653605450613
80,7.768982283044749,1.5272976808355292,-0.505,0.007071067811865481,0.4245841826432161,,0.1417346907321593,-1.3184055068536646,48.93284014251441,3.325843700201276,-0.79,0.0,7.595890939495132,,0.26141980882503946,-0.5866533590103524
80,7.051904352525258,0.6174809987546309,-0.505,0.0050000000000000044,0.40624007506637627,,0.05700685689760843,-1.2518508820138827,46.209957841323934,0.6835606913662867,-0.79125,0.0033071891388307415,7.092522724050326,,0.2845795057100053,-0.49523197896252324
80,6.715637742171734,0.6166144062297771,-0.51,0.007071067811865481,0.38370373621789156,,0.10547910287150539,-1.3672774564959482,46.45724772772364,0.5704279708618937,-0.7962500000000001,0.0048412291827592754,7.064259697550686,,0.2717182908222685,-0.47863438374253536
80,6.492990430050515,0.7802326339079807,-0.5062500000000001,0.006959705453537534,0.37314946692712675,,0.08415841309271652,-1.3333002556579467,49.28521888759016,0.5483060920933566,-0.7975000000000001,0.004330127018922197,7.32120300009127,,0.23619002834160635,-0.41783333056017624
80,7.353432597474761,0.5922585337602255,-0.5037499999999999,0.0048412291827592754,0.4212551526168814,,0.08722597922659837,-1.3245391418476515,49.72720725853173,0.5484778087150275,-0.795,0.0050000000000000044,7.384324392279404,,0.20680820102234,-0.43458063769805205
80,7.028156542424243,0.5628498474790796,-0.505,0.0050000000000000044,0.40783762323304273,,0.06740304963427632,-1.3628252057185766,50.23541450680011,0.4585386295803438,-0.795,0.0050000000000000044,7.496701295466993,,0.21992830251231366,-0.42828779702546943
80,7.2139925528138695,0.7091435848286479,-0.505,0.0050000000000000044,0.3924762016767657,,0.1790604373469739,-1.2314682901223308,52.12497657947328,0.4968178073327519,-0.79625,0.0048412291827592754,7.66434883239899,,0.18705930337750382,-0.39412792613719544
80,8.94451712121213,2.42006003686817,-0.5,0.0,0.4381158677182523,,0.32600849090471956,-1.1603143413095958,52.02153108450576,5.929623394430677,-0.7875,0.008291561975888507,8.08279174470527,,0.23081738717575806,-0.6934787526221788
80,7.083491721969709,0.6867932803762911,-0.5025,0.004330127018922197,0.3763515342878771,,0.2377064828366393,-1.3045224752920115,47.08123468614717,1.2661760614633462,-0.79125,0.0033071891388307415,7.292189155191018,,0.29626315593561736,-0.5345563230365048
80,6.792921224206365,0.65002556246264,-0.505,0.0050000000000000044,0.38055527635641995,,0.14551664034773265,-1.352132783756434,45.80456896975108,0.36582618221867724,-0.795,0.0050000000000000044,7.08340439240729,,0.3104877450670167,-0.5138847311376045
80,7.003890127020211,0.597143958199008,-0.50375,0.0048412291827592754,0.3918249637380935,,0.11066099701452796,-1.33063772625896,45.78422368414499,0.37379195201993604,-0.79375,0.0048412291827592754,7.0248272285366165,,0.30376610898452683,-0.4686200777291995
80,6.754825664141409,0.6549929242265254,-0.505,0.0050000000000000044,0.36686657602993955,,0.1973100747539645,-1.313166209451853,49.04564706064212,0.7001565845933164,-0.79125,0.0033071891388307415,7.429590787907651,,0.2412308618508862,-0.5047746271353384
80,7.01654868308081,0.6575018818978643,-0.5037499999999999,0.0048412291827592754,0.38776934181457245,,0.16426664329418367,-1.3216542374953733,49.28503800752162,0.46777374217356693,-0.7925,0.004330127018922197,7.425680499388889,,0.23556571880771698,-0.4770457736993966
80,7.163807584090919,0.6147436009782322,-0.505,0.0050000000000000044,0.39695834090620347,,0.1558671022396947,-1.2752511628086673,50.14064084471498,0.4347281155075623,-0.79125,0.0033071891388307415,7.527467969430194,,0.21402121817952527,-0.4841151790254123
80,7.033926738888907,0.776510817188469,-0.505,0.0050000000000000044,0.3811036717456691,,0.1915395909001067,-1.3090163757656974,50.17606579278497,0.5410337016525849,-0.7925,0.004330127018922197,7.505079542993689,,0.2117491615551099,-0.46982858685641316
80,7.8432386125902065,0.48719540411815937,-0.50125,0.0033071891388307415,0.40860035338455847,,0.28508592355753,-1.2433935072282276,53.39179047548699,1.4942732226580053,-0.7875000000000001,0.004330127018922197,8.041255592136006,,0.15837655325467084,-0.6135576140390837
80,8.099844860173171,0.36864668944586315,-0.50125,0.0033071891388307415,0.40294394809451495,,0.34865235333139366,-1.2411106370546343,53.57557045863994,1.7365607891236756,-0.78625,0.0048412291827592754,8.123590381101732,,0.16390442222974466,-0.6596431364886155
80,7.7468016532106985,0.6138579866282067,-0.50125,0.0033071891388307415,0.3804056336450201,,0.3883322523248014,-1.1640945169256167,51.45198186848843,0.8098205181315039,-0.7887500000000001,0.0033071891388307415,7.814428046808984,,0.18350602852802225,-0.6364104653163933
80,7.256371501226571,0.7371820431799498,-0.505,0.0050000000000000044,0.3890901326453806,,0.21176738115766489,-1.2896645521907213,49.1538493861652,0.5109486352669997,-0.79,0.0,7.492483128373197,,0.21958129995348868,-0.5993468639222419
80,7.073480872691211,0.6610630193678007,-0.50375,0.0048412291827592754,0.3726715129895363,,0.23983592635971893,-1.2658008384377974,48.54402382880589,0.33028038166620133,-0.79,0.0,7.3859545008715735,,0.2270165974205178,-0.5783078743635505
80,7.028203490404041,0.5255141690894705,-0.50375,0.0048412291827592754,0.37870453570634727,,0.1883591173578033,-1.3124220306453618,49.090709584613975,0.4588479826809113,-0.79,0.0,7.466378587125542,,0.22002728113448014,-0.5953102480135537
80,7.270813304798002,0.46713472250700555,-0.50125,0.0033071891388307415,0.35665304367532324,,0.3914578902786716,-1.2003965484688601,50.88352354662695,1.9030835528888677,-0.7875000000000001,0.004330127018922197,7.821534197074314,,0.20314400694467555,-0.6741600443195082
80,6.889352164213571,0.3479344340904431,-0.5025,0.004330127018922197,0.3478027110223647,,0.36078960354553236,-1.2123661250910545,48.94257790391412,2.1932037589895375,-0.7887500000000001,0.0033071891388307415,7.578587494398813,,0.24213104055177523,-0.6563683911942448
80,6.443364373015883,0.7420042095482692,-0.505,0.0050000000000000044,0.34078326014249455,,0.24181140142401886,-1.2723759637885876,45.915998750992046,0.5279332955482205,-0.79125,0.0033071891388307415,7.1534315817334075,,0.2932495664486736,-0.5709467207154694
80,6.449932667207808,0.4507051205844274,-0.505,0.0050000000000000044,0.3369983028210666,,0.2774666014037282,-1.3502332726622952,46.77043286354616,0.8521938322646517,-0.79125,0.0033071891388307415,7.244148877749822,,0.2715621006969474,-0.5897696004602923
80,6.3891398328282945,0.5025579388633453,-0.5062500000000001,0.0048412291827592754,0.35699253287048893,,0.16439703705563316,-1.3501863458061347,45.419071316468234,0.37225090586896525,-0.79375,0.0048412291827592754,7.036482080181278,,0.2930891571124665,-0.5686447959748564
80,6.3806597684343656,0.5917158686271264,-0.5037499999999999,0.0048412291827592754,0.33152867140944975,,0.29360435699922605,-1.2599856294692287,46.91326961107501,1.3352556570872764,-0.79,0.0050000000000000044,7.252454449487374,,0.25869143923002796,-0.6176831024557392
80,6.436829366883131,0.7227348987671425,-0.50625,0.0048412291827592754,0.3326337055303017,,0.2889518196387606,-1.3432056369954428,45.62497757316016,0.7674176547740121,-0.79125,0.0033071891388307415,7.059308885442462,,0.2826655612106518,-0.5894740853414663
100,4.427296904437238,0.3673340587088616,-0.5162500000000001,0.0048412291827592754,0.2622506369036779,0.06000000000000005,0.04198851925918278,-1.336593820694456,39.314138061273425,0.742002362093574,-0.8,0.0,6.012447285627163,,0.5791330339741871,-0.14762020389633496
100,4.468627838167403,0.6370603093949351,-0.51375,0.008569568250501314,0.26379009926515,0.06,0.06064774606332109,-1.3056354881913799,36.25119647806636,0.6925467234912661,-0.8,0.0,5.7770858255292215,,0.6624217161531896,-0.10699137748444726
100,4.816771059884573,0.47448926905183375,-0.515,0.007071067811865481,0.2896533775721486,,-0.01317410456087895,-1.3346565961342591,38.24529821367242,1.1733487749739624,-0.8,0.0,5.945167651824315,,0.6095819426493707,-0.14535082395146076
100,5.07304700555557,0.5931273094414038,-0.51375,0.006959705453537534,0.30018864970526526,,0.03157546480011911,-1.322671581829371,39.41939885777416,0.7989285568666015,-0.8,0.0,6.106267552208335,,0.6008304527395281,-0.15064428983187456
100,5.467876686760472,0.43012081188970624,-0.51625,0.0048412291827592754,0.33071910354942075,,-0.017368557302810693,-1.3018544209904614,40.02413905456348,0.7110858203202981,-0.8,0.0,6.171089941401156,,0.5962552094948537,-0.14881260701684113
100,5.475904720707091,0.4608407322702583,-0.5162500000000001,0.0048412291827592754,0.3273618660790031,,0.009096609893765643,-1.3520588506328053,40.46014247662336,0.6300581372201977,-0.8,0.0,6.1961995323003265,,0.5806629669096248,-0.1527811941743641
100,5.544543853751819,0.441489109715873,-0.51625,0.0048412291827592754,0.33690775557070557,,-0.024070532291408278,-1.3462519544063218,39.7157762299603,0.7266960194366665,-0.8,0.0,6.155318502016053,,0.6092465210037542,-0.12098702058237654
100,5.41403880310246,0.5100749694218154,-0.51125,0.007806247497998005,0.3257084107193346,,-0.007835943645848855,-1.345310365079587,43.18344186619767,0.7835778357018908,-0.8,0.0,6.442713056477994,,0.5261527694670711,-0.12801160211594403
100,5.614301700144324,0.5082795925951133,-0.51375,0.006959705453537534,0.33380525657142746,,0.01848455140619737,-1.3661834624938634,43.15800109399349,0.6816449677845485,-0.8,0.0,6.461594747655664,,0.5351489054048673,-0.15372621942444697
100,5.538244541702749,0.6827727533840865,-0.5125000000000001,0.006614378277661482,0.3342038030364338,,-0.012982935742212216,-1.3602648559765957,43.01207882049061,0.5321033936337811,-0.8,0.0,6.440309626921718,,0.5613983080641232,-0.0818989155782946
100,5.820566560425695,0.5091946155547021,-0.51125,0.009270248108869587,0.34434079255771843,,0.02624061796846058,-1.3736145396348514,44.51522730461759,0.641891959696057,-0.8,0.0,6.566753610467894,,0.5074486486914618,-0.12060366873527167
100,5.417217008441571,0.5733717371151622,-0.51125,0.007806247497998005,0.32643574575504913,,-0.03860617424922916,-1.341937047682848,41.704194400631295,1.5220048991009392,-0.8,0.0,6.479819959022367,,0.5733422334658784,-0.18886129871776203
100,4.989953837229451,0.3535087226918762,-0.515,0.0050000000000000044,0.2946318828214268,,0.043471723456047856,-1.3720329031314666,39.00319779076477,0.7521835429631044,-0.8,0.0,6.165595509862015,,0.6403960510124773,-0.15919430219898534
100,5.351818788961052,0.5011746212217988,-0.51625,0.0048412291827592754,0.32290412408008473,,-0.007901315321964524,-1.3091594289416895,37.68313051742422,0.8785500831722465,-0.8,0.0,6.015682128155124,,0.6480600972157641,-0.1611434648291481
100,5.23348823870852,0.5493535784652499,-0.51375,0.006959705453537534,0.31261467902019946,,-0.0076378800993110035,-1.3772076303037746,37.722581249278484,0.6155942824875377,-0.8,0.0,6.027553237081891,,0.6572616465119536,-0.12867410700858062
100,5.524278608152967,0.5375361537024779,-0.515,0.0050000000000000044,0.3347443994285696,,-0.02626309917199353,-1.3429319727868863,38.736757530717874,0.8271529826497985,-0.8,0.0,6.12817993928806,,0.647400572837544,-0.11865164765379849
100,4.404494689466112,0.5753135276483298,-0.51625,0.0048412291827592754,0.2662257367997827,0.06000000000000005,-0.007940643058928533,-1.2211432287446873,36.70874829310965,1.5137201263704578,-0.8,0.0,5.9385270363905125,,0.6500101973640703,-0.18823290519200725
100,4.2160884856421506,0.4239437354468161,-0.51625,0.006959705453537534,0.24918730690259577,0.05500000000000005,0.050190265528451225,-1.2918445940600436,34.356477707828276,0.6213322015711721,-0.8,0.0,5.648818867219518,,0.7010430221900293,-0.11631886298167848
100,4.370589517748921,0.4819374003218873,-0.5175000000000001,0.004330127018922197,0.2728119384159432,0.050000000000000044,-0.09680892492759821,-1.1957512186470431,32.740449822961736,0.716600664587955,-0.8,0.0,5.488221898058081,,0.7288006154830813,-0.09398736687098569
100,4.556815769913436,0.38593150949294835,-0.5162500000000001,0.0048412291827592754,0.27468545066522215,0.050000000000000044,-0.014278712797096305,-1.361723917792526,33.05671038645381,0.7200500440625263,-0.8,0.0,5.522956684668651,,0.7298405787704778,-0.08384000004711556
100,4.440839947763355,0.5651826542855569,-0.515,0.007071067811865481,0.2673610561450196,,-0.018394284897318716,-1.385920636044138,34.40085303315295,0.6915928243531019,-0.8,0.0,5.610410974954367,,0.6991541875834493,-0.11765442154873162
100,4.873289798845617,0.4059966599564324,-0.51625,0.006959705453537534,0.28935582945995547,,0.024959496990149495,-1.313090222523454,34.20611609709595,0.8457222967588806,-0.8,0.0,5.651748148837484,,0.7187071230870224,-0.11042344730485604
100,4.999744570707076,0.40145525157807943,-0.5162500000000001,0.0048412291827592754,0.2978114797113979,,0.013661964734857939,-1.3778964332376569,34.81908118492062,0.7769588674695234,-0.8,0.0,5.661245836512988,,0.6895850331955854,-0.1197109104142492
100,4.8664783393939475,0.4121595668290027,-0.5175000000000001,0.004330127018922197,0.291584780153678,,0.008877229330516715,-1.3586326598597303,34.62917995853173,0.7591287057843746,-0.8,0.0,5.643541695029583,,0.6942495197691111,-0.1429094842764565
100,4.986367154870144,0.45045127221366954,-0.5162500000000001,0.0048412291827592754,0.3004562918329712,,0.007105931537220417,-1.3520215577442665,35.468098438437934,0.8377533479184959,-0.8,0.0,5.715757237096321,,0.672915521755802,-0.1370970499803859
100,4.724035297077938,0.3858656751663448,-0.5162500000000001,0.0048412291827592754,0.27958864565836794,,0.026486195094148946,-1.3561680449132032,35.93239136280662,0.6790730004412727,-0.8,0.0,5.786179468481421,,0.6766664287054214,-0.13010605633702949
100,4.858848259704196,0.6813075405102613,-0.515,0.007071067811865481,0.2916710822106766,,-0.005786879732916861,-1.3717959278517453,35.49324572272725,0.8884153718792817,-0.8,0.0,5.7296240797052675,,0.68016060432262,-0.13088022373272012
100,5.0123697129509495,0.47121244302459236,-0.51875,0.0033071891388307415,0.2921379458841972,,0.07071883896017397,-1.3759250321647043,34.892474545670986,0.7083872796550592,-0.8,0.0,5.671719550672259,,0.685086703231474,-0.1421710874771851
100,4.795756270346342,0.5376329167890599,-0.5125,0.006614378277661483,0.28632178210064807,,0.014523779610447651,-1.3763945073734924,35.58950173264788,0.5385372330357943,-0.8,0.0,5.728233629357323,,0.6720733160673771,-0.1357380814123475
100,4.871749984668121,0.5385353508517744,-0.5125,0.008291561975888507,0.28484978024711227,,0.04625682999269638,-1.3093856866807099,34.96773973876262,0.7674699751231775,-0.8,0.0,5.67307712058117,,0.6954133353957206,-0.10121096698338783
100,4.951441368326123,0.560229932794626,-0.51375,0.006959705453537534,0.2953807991576458,,-0.014632144164007325,-1.243548651426524,34.543959759271274,0.7339202645194143,-0.8,0.0,5.611573477439034,,0.698932437153492,-0.11037324441605328
100,4.833739535245334,0.5533478471081675,-0.51625,0.0048412291827592754,0.29174699315079267,,-0.024748765421387868,-1.3867285622756902,34.29580911134559,0.7272346773928728,-0.8,0.0,5.574780066310607,,0.6919036814641434,-0.1365306139949799
100,4.75928495400435,0.5823408496174663,-0.5125000000000001,0.006614378277661482,0.27687893336219227,,0.05905952079239919,-1.3494328725854232,35.108871211868674,0.7109717638127703,-0.8,0.0,5.644738346740442,,0.6889266909437528,-0.09490157512930247
100,4.805082189502166,0.3744986293737522,-0.51375,0.006959705453537534,0.2825854650905463,,0.05918386825535716,-1.3396808497619757,34.862085363365786,0.6117412417034693,-0.8,0.0,5.650389230789862,,0.6813568638887345,-0.13765468023138588
100,4.675150800072163,0.5437019758482307,-0.515,0.0050000000000000044,0.2715151939956696,0.050000000000000044,0.08357498012032351,-1.3290810682870977,35.77284275212842,0.7270486650847453,-0.8,0.0,5.735685191071791,,0.6619751834027146,-0.15286333622902804
100,4.270313203679658,0.8126638575028683,-0.5125000000000001,0.008291561975888507,0.25196803133008433,0.06000000000000002,0.050840753296983246,-1.218445954188665,35.96627830966809,0.6799413270770744,-0.8,0.0,5.8030163236047985,,0.6440632032729436,-0.18899828499812132
100,3.5768142392135776,0.5314185282081454,-0.5162500000000001,0.0048412291827592754,0.20552101137878676,0.050000000000000044,0.12156461240312293,-1.2641254512077387,34.12375554475106,0.6529741278262572,-0.8,0.0,5.637570694354439,,0.6808274345002303,-0.17696577673080222
100,2.996405528318916,0.6533692042173025,-0.5175000000000001,0.004330127018922197,0.18244385980519295,0.06000000000000002,-0.04749100295959138,-0.9501729155784608,33.62437835541124,1.0667771319090873,-0.8,0.0,5.597634660883118,,0.6993179615227957,-0.1534386436323854
100,3.024297988239555,0.5819384890909916,-0.5175000000000001,0.004330127018922197,0.17505257818470316,0.05333333333333338,0.1648526085536376,-1.1360157896057532,32.011447880465354,0.6540094820570563,-0.8,0.0,5.370718839510102,,0.7181304344647852,-0.14497173221436233
100,2.8349802117604668,0.6418306551207041,-0.5175000000000001,0.006614378277661483,0.1617684946194064,0.05750000000000005,0.16454978855339697,-1.1921375282332338,31.755079040674588,0.8007903845371561,-0.8,0.0,5.314078234268218,,0.7189978241460995,-0.1307023513827062
100,3.0011253995671057,0.681643742535319,-0.5162500000000001,0.006959705453537534,0.17562622392568367,0.05666666666666672,0.013360476968984021,-0.9506558219967819,31.274891056313123,0.44988046673746546,-0.8,0.0,5.25167304207648,,0.7346030082946614,-0.0986665761580508
100,3.2965964682539797,0.6996684502401733,-0.51625,0.006959705453537534,0.19428483124097992,0.05750000000000005,0.01348024375779916,-0.9382264218455507,31.193758153968247,0.7099733745813619,-0.8,0.0,5.251280290510463,,0.7371011205019186,-0.11772430518821997
100,2.9383478084776424,0.44049063927749504,-0.515,0.0050000000000000044,0.16978925206601564,0.05666666666666672,0.12407841060578534,-1.2489893803042926,31.04129330975828,0.8349433006319406,-0.8,0.0,5.215636181147007,,0.7272613347908083,-0.10526224276118584
100,3.011706083766251,0.6819176292936725,-0.5162500000000001,0.0048412291827592754,0.16863451552453032,0.04500000000000004,0.2087362339513275,-1.0634904521973159,31.20562461369046,0.9315009649187089,-0.8,0.0,5.246017781810247,,0.7234898765965369,-0.1406750240124714
100,3.0046984237373833,0.5850052410404507,-0.51625,0.0048412291827592754,0.17188445859198984,0.05333333333333338,0.19977503063529256,-1.1303629978000986,31.44174149411975,0.5567601417457272,-0.8,0.0,5.261782121575036,,0.7391169214723339,-0.08384224520939582
100,3.1337745695526804,0.4614851485449462,-0.515,0.007071067811865481,0.17283468390187468,0.050000000000000044,0.1881865124003463,-1.2726117127431835,30.928110003517297,0.8252128981088955,-0.7987500000000001,0.0033071891388307415,5.18787739664015,,0.7351610768896732,-0.09375939525050409
100,2.9325426054112675,0.5425263327176946,-0.51375,0.006959705453537534,0.15723047990584327,0.050000000000000044,0.2776645610058471,-1.2512185811577714,31.579757327164486,0.6569604990396092,-0.8,0.0,5.263550916219337,,0.7438934472883408,-0.05911729034937141
100,2.332151962157309,0.6273274519053934,-0.53,0.03427827300200521,0.1362510358484842,0.050000000000000044,-0.17693555799853866,-0.42294552191952134,31.72597817581168,0.8871422316102184,-0.8,0.0,5.29735095336472,,0.7217601025764327,-0.08656752140437302
100,2.6418019130231016,0.48772590945575395,-0.515,0.007071067811865481,0.14277903800072025,0.050000000000000044,0.30360139082984694,-1.1084548189992427,29.96884638674241,0.5362306846208564,-0.8,0.0,5.063328076513348,,0.739741955793896,-0.10932352349139102
100,2.626237505375192,0.577163768343409,-0.52875,0.03479852726768763,0.15423906610858484,0.050000000000000044,0.049956056191620385,-0.9614406892700101,30.31720355672798,0.538607312098742,-0.8,0.0,5.104258614055376,,0.734988761918012,-0.10349109976336945
200,3.884950704256865,0.5994836685405195,-0.51875,0.0033071891388307415,0.2328965500826098,0.06000000000000005,-0.01704636207140181,-1.2875054982703704,46.445232896753225,2.386647842434813,-0.8,0.0,7.09649365023485,,0.5376358569466404,-0.2198900698723083
200,3.836120410930752,0.40032394922112013,-0.51875,0.0033071891388307415,0.23081126515223482,0.06000000000000002,0.025508193193948814,-1.2929612990064574,42.0560847648629,0.6117937663762145,-0.8,0.0,6.482716119394662,,0.6162490017365496,-0.08394991998552137
200,3.3580433442640842,0.39923383842249704,-0.51875,0.0033071891388307415,0.19903073872510624,0.06000000000000002,0.049031991547755005,-1.2066954976636528,44.64961679920633,0.7168265948844367,-0.8,0.0,6.569380656577742,,0.570539917181119,0.01362880477719558
200,2.97455105021648,0.1505570525894925,-0.5175000000000001,0.004330127018922197,0.16795308430158612,0.050000000000000044,0.14084484879031206,-1.1269781783979231,48.402252886832585,0.8135195554721798,-0.8,0.0,6.878148566972223,,0.5075179193644986,0.0783224953609924
200,4.156024350865817,0.4555425753201438,-0.515,0.0050000000000000044,0.23868957337734276,,0.09387037937641456,-1.1682630091714625,56.522730177651496,0.8130645792897865,-0.8,0.0,7.488975155995312,,0.2406228517994272,0.022487422469537555
200,3.7785755119408604,1.29905522381203,-0.52,0.007071067811865481,0.237283457504328,0.07999999999999996,-0.05153345132253363,-1.388993001830292,41.368413729238796,2.385688016634643,-0.8,0.0,7.011684563073593,,0.7520328885667238,-0.06914314238846464
200,3.6423171020202156,0.5601380502700325,-0.51875,0.0033071891388307415,0.22188984198989695,0.06333333333333335,0.0005077372289765958,-1.2164931513872053,38.52784894610388,0.5243488713588372,-0.8,0.0,6.497106875289143,,0.7459499452665654,-0.08430532575433813
200,3.6952482835137426,0.5579313393539642,-0.5175000000000001,0.004330127018922197,0.22637505044119718,0.06333333333333335,0.01189240868180911,-1.2915445132295498,38.98934299797978,0.8672131661402636,-0.8,0.0,6.556901760012086,,0.7460158854270755,-0.08743080797230635
200,4.01100973297259,0.34311857495529074,-0.51875,0.0033071891388307415,0.24506545625757348,0.05666666666666672,-0.008464251164489102,-1.1903685952934069,39.28741525108224,1.0995229407876757,-0.8,0.0,6.578767058926045,,0.7328834029727659,-0.1167672170075339
200,3.6387362793290174,0.4210213548596126,-0.51875,0.005994789404140905,0.22122604749314367,0.06000000000000002,0.021391465398364534,-1.2634727902168992,38.9291310042388,0.9669705778014174,-0.8,0.0,6.524191564538781,,0.726436055720187,-0.13137587930476385
200,3.554730032503631,0.2891958141297525,-0.51875,0.007806247497998005,0.22030796270995512,0.06999999999999999,-0.046831823675715624,-1.2923904629502603,39.329143438816715,1.0602204254853451,-0.8,0.0,6.597630836888889,,0.7428970653040168,-0.09171410645832534
200,3.423337172655139,0.32283070041600376,-0.5225000000000001,0.006614378277661482,0.2241821359621192,0.07249999999999995,-0.1728010399950541,-1.219891577243075,38.93206416911975,1.185518004370744,-0.8,0.0,6.550409664769661,,0.7371125459107212,-0.09809030632579191
200,4.311327785497852,0.5399042255553816,-0.5162500000000001,0.0048412291827592754,0.24886515676514998,0.05666666666666672,0.10281023956735064,-1.3642212998916872,37.95725560586217,0.6941945959045034,-0.8,0.0,6.304771096783188,,0.7151447271964873,-0.14538611481286734
200,3.8821698839105414,0.45495578989097496,-0.5175000000000001,0.004330127018922197,0.23021423387229184,0.05666666666666668,0.06744136115335876,-1.250862003143332,38.68778807135641,0.6460751848211012,-0.8,0.0,6.509111258236653,,0.7218758665498078,-0.14731111332733304
200,4.040162678066407,0.4194151402271758,-0.5162500000000001,0.0048412291827592754,0.24885447190908955,0.06000000000000005,-0.06623494226044802,-1.1848247736077504,39.16961494603173,0.9293608678874655,-0.8,0.0,6.546143912206713,,0.7110329446539052,-0.15388568278140546
200,3.429444505158747,0.3686089443109428,-0.52,0.0050000000000000044,0.20877502763564026,0.06000000000000002,0.004634320456091107,-1.3031124717271578,38.44207966452019,1.1937006539926271,-0.8,0.0,6.456160862813314,,0.7263671892564938,-0.14183715282064951
200,2.806470032034646,0.47624445043399527,-0.5225000000000001,0.006614378277661482,0.17739630491017105,0.07333333333333329,-0.18869246246275656,-0.9161218125018294,38.12827079336218,1.0829597795695003,-0.8,0.0,6.379416135537339,,0.7391184477776638,-0.09842103236388955
200,2.8333794988816727,0.782573638921525,-0.52875,0.013635890143294655,0.20465255005338823,0.0925,-0.7613433412537018,0.41489831681492245,38.174393081331154,1.2459628393255349,-0.8,0.0,6.432541557783912,,0.7544659357902033,-0.057848026806944175
200,2.848723915981245,0.4999097344338342,-0.525,0.012247448713915901,0.19133869123448569,0.07666666666666666,-0.41632112585765124,-0.40573366878091366,36.85658072209594,0.7034829458618067,-0.8,0.0,6.218273764746033,,0.7566688504937874,-0.06322817956891691
200,3.402824544300154,0.525746996471876,-0.5175000000000001,0.008291561975888507,0.2069613516580066,0.06333333333333335,-0.012061383539797882,-1.1867262821799924,36.32306668843793,0.5954939932533332,-0.8,0.0,6.163627682468075,,0.7500408337540835,-0.09935851258124923
200,3.1819559298340607,0.4517538805972747,-0.51875,0.007806247497998005,0.19083137681096451,0.06999999999999995,-0.0004947087208968456,-1.2029911058755083,36.97347395916304,0.9540402579787891,-0.8,0.0,6.251903837933442,,0.751689554405677,-0.0942811244197792
200,2.76027939613999,0.5637713781124494,-0.52,0.007071067811865481,0.1670816400945151,0.06,-0.1823458457849582,-0.4829899178773816,37.08021318167386,0.8363448076943991,-0.8,0.0,6.265481004911617,,0.7466925123863761,-0.09957603875795995
200,2.491762389754708,0.4784838902661758,-0.52375,0.006959705453537534,0.1714228921980499,0.08999999999999997,-0.5129922829545626,-0.479458724327574,37.09741308528136,0.9631516572088511,-0.8,0.0,6.225199687556999,,0.7445361130724971,-0.08281359825930568
200,3.1553846533910725,0.4361650072308401,-0.51875,0.0033071891388307415,0.18841386584559722,0.05333333333333338,0.05532728586663065,-1.1684992906516096,36.39090944383115,0.9529618939622633,-0.8,0.0,6.181318412715008,,0.7371379824675672,-0.14408446617129922
200,2.218656045526692,0.5262459105426788,-0.5325,0.013919410907075068,0.1462150808582233,0.07,-0.39016002217220486,-0.17626831941553067,37.441202841305895,0.6470142024488952,-0.8,0.0,6.284520513221861,,0.7139438736414977,-0.1519353803039561
200,3.6202533277777755,3.6518042431659725,-0.5475000000000001,0.0290473750965556,0.2910294200458132,0.07999999999999999,-0.8857272697094205,0.557430376388742,36.612342613221486,1.0426602644098046,-0.8,0.0,6.181761090106422,,0.7687913539777409,-0.018255953418116255
200,2.3777482327561206,1.1459172075017796,-0.5449999999999999,0.03354101966249683,0.1896616959015121,0.08199999999999999,-1.1110851954523577,0.9882098567284694,35.21512772278137,0.5934388301180533,-0.8,0.0,6.000606874439394,,0.757198241859343,-0.08120219246566251
200,2.3547543049422677,1.3193730150335286,-0.54625,0.03533323506275641,0.18342885769516273,0.094,-1.1284716846033827,1.18154653772838,35.153252886165205,0.6805310844836374,-0.8,0.0,5.986846039199676,,0.7714720823765355,-0.04608973426540108
200,1.8991911731241045,0.2843995632745357,-0.52375,0.008569568250501314,0.13548209370779016,0.07599999999999998,-0.7418490532689435,0.29446537714154253,35.3643204019841,0.819990698209506,-0.8,0.0,6.013264078510643,,0.7549985919727176,-0.08584532451795845
200,3.5939121361110926,3.7075367462839046,-0.5587500000000001,0.034437443284889756,0.2848640235898241,0.08666666666666666,-0.9108418467691795,0.41441910928887327,35.85112059951297,0.7672629953828634,-0.8,0.0,6.061379318424963,,0.7644927787222209,-0.03844461660791626
200,2.1072120006132886,0.35213615267359455,-0.5325,0.026339134382131833,0.1415036918160155,0.07199999999999998,-0.5097253902347245,-0.1579636617849305,34.174150682233034,0.7512760307079598,-0.8,0.0,5.812551956264793,,0.7716985022435334,-0.062009065923070816
200,2.2005821380591746,0.27915686710043625,-0.52125,0.007806247497998005,0.1347363585548323,0.06400000000000002,-0.13873140147053004,-0.6036246914188936,34.1114489612554,0.8224813598490768,-0.8,0.0,5.829165717320347,,0.7576911208171877,-0.10821361818267966
200,2.268546011111132,0.4221420103536668,-0.52,0.007071067811865481,0.13831237150288475,0.0625,-0.07083943584871516,-0.828656888904588,34.404281527651506,0.7470747050806892,-0.8,0.0,5.833188935196251,,0.7439056263749733,-0.11354331779567833
200,2.067937994047629,0.3430862802766478,-0.525,0.008660254037844393,0.14528265584956568,0.0666666666666667,-0.7607466969980476,0.40842242929012207,34.68369656700936,0.7510195446211265,-0.8,0.0,5.928937082543471,,0.7527933512505844,-0.11205849581021166
200,2.5606415342712756,2.0797398797007745,-0.56,0.037416573867739396,0.19411982129148392,0.07333333333333336,-0.7748717708871176,0.35918868383345426,34.3839393139971,0.5277389262340303,-0.8,0.0,5.863183897341449,,0.7724522643200762,-0.043185907276427904
200,1.8060560768037819,0.6064768529726126,-0.53625,0.03199120973017431,0.11083041530411239,0.06833333333333334,-0.5618285419267405,0.6440299797212599,33.567407498394644,0.9167557044427656,-0.7987500000000001,0.0033071891388307415,5.760147453459597,,0.7571063083456718,-0.08978188319834235
200,2.1237846533189186,0.44928061367092337,-0.52125,0.007806247497998005,0.13406550583152851,0.06200000000000001,-0.2639242035760121,-0.404204061739735,34.03716472608224,0.86082561143227,-0.8,0.0,5.771212104018041,,0.7454568073554686,-0.11407421649637373
200,3.1459205568903146,3.381939277422461,-0.58375,0.03038811445285804,0.24730631088167165,0.04999999999999999,-1.2587253676199512,1.1481357583221343,34.22907964182899,0.9095967701028561,-0.8,0.0,5.775061728478356,,0.7536664585996069,-0.05796837682186723
200,1.6299323373015868,0.7754224849436421,-0.5525,0.03929058411375426,0.11195093564032979,0.05000000000000002,-0.7511736214933855,1.232557796025293,33.210186720707064,0.8507937801506688,-0.8,0.0,5.6801172640546564,,0.7579937799254088,-0.0922119150398858
200,2.5455839046536735,2.0383759645130195,-0.56125,0.03822221212855162,0.19730579959018552,0.04333333333333337,-1.066076231179343,1.297873205038242,33.25392898059161,0.4902812276226977,-0.8,0.0,5.671723596279401,,0.752148787549488,-0.09850546128870502
200,2.9679152091991163,2.674945915425305,-0.5974999999999999,0.019843134832984447,0.22842608942387954,0.05333333333333331,-1.4247871546754456,1.8888529995120247,33.2794451223665,0.8945672124386133,-0.8,0.0,5.634665184185787,,0.7567299804294394,-0.058281345093808445
200,2.9658564481601797,2.0664678666076135,-0.60625,0.012183492931011215,0.19701710156060473,0.06999999999999995,-0.6692711262711755,0.1100311785590255,32.64578260404039,0.8418157423869458,-0.8,0.0,5.5621419407801245,,0.7417766206392774,-0.10504455178597405
200,1.751302916414133,1.2053559058170062,-0.595,0.023979157616563596,0.12521877461616068,0.05999999999999994,-1.0806516236910748,1.0309511552188777,32.84279445903678,0.8422279866469583,-0.8,0.0,5.597762274713926,,0.7460221060770059,-0.1256550042239858
200,2.288837775505038,1.8516732340258337,-0.58125,0.029764702249476634,0.17484515680699683,0.05599999999999996,-1.1544064408789234,1.304801235241539,33.07695619574313,0.5432878647219369,-0.8,0.0,5.6320791991091275,,0.7501661819284444,-0.10765243550428455
200,2.288837775505038,1.8516732340258337,-0.58125,0.029764702249476634,0.17484515680699683,0.05599999999999996,-1.1544064408789234,1.304801235241539,33.07695619574313,0.5432878647219369,-0.8,0.0,5.6320791991091275,,0.7501661819284444,-0.10765243550428455
200,3.3844736308802306,2.7022494777375528,-0.60375,0.008569568250501312,0.24357659311002658,0.06999999999999995,-0.9252868485351993,0.47432393328883393,33.124093625937945,0.45399960620198704,-0.8,0.0,5.639694426617967,,0.7411384807932949,-0.12184362339955207
200,2.0606227767676835,1.4588223144282209,-0.5549999999999999,0.04213074886588178,0.1428392980389595,0.065,-1.0155470734970948,1.161050319495482,32.36688294338021,0.6329481160412468,-0.8,0.0,5.528914028236832,,0.7471259031359236,-0.12714094318643532
200,1.4996865211760557,0.8280086316706681,-0.575,0.040311288741492736,0.10615227481385273,0.05,-1.104013312061631,1.0103734719660347,32.62044484574313,0.8961837217642449,-0.8,0.0,5.561976533731061,,0.7368201637093348,-0.1495086373416989
200,1.8253801791486426,0.5073879704156637,-0.5337500000000001,0.033517719194479795,0.11752232824566956,0.0625,-0.5722497246912507,0.3027222054674471,32.30239109523808,0.6731697785946014,-0.8,0.0,5.575527761332432,,0.7677586179274305,-0.1071189330516592
200,1.8337797817460437,0.3299477501999198,-0.53375,0.032763356055202884,0.11975605161074852,0.06000000000000002,-0.7244220013817178,0.7122366589069606,32.867367800234476,0.9270668713209187,-0.8,0.0,5.630911127530665,,0.7592610159538016,-0.11193833447633955
400,33.581479867352094,6.6283433331616575,-0.52375,0.0048412291827592754,2.59817321238672,,-0.7049135676589804,-0.8997937289765447,85.91489882816552,7.900243643557286,-0.7250000000000001,0.05809475019311126,15.973560341880223,,0.6865052735250564,-0.7049354584176478
400,38.83223888235932,3.4124440810763264,-0.51375,0.0048412291827592754,2.7443173925497795,,-0.384609162718974,-1.3235493239375171,76.21515860131666,5.524965239402659,-0.66,0.0,15.085683515111283,,1.005264037470207,-0.06249045194676123
400,37.87964008448773,3.5759080399070156,-0.51375,0.0048412291827592754,2.649486913464642,,-0.35497412603824463,-1.368697326026611,69.72047763827555,5.5144787141771845,-0.67125,0.04884605920644981,14.074847582780116,,1.11511384797143,0.19534509939437494
400,37.87964008448773,3.5759080399070156,-0.51375,0.0048412291827592754,2.649486913464642,,-0.35497412603824463,-1.368697326026611,69.72047763827555,5.5144787141771845,-0.67125,0.04884605920644981,14.074847582780116,,1.11511384797143,0.19534509939437494
400,39.024023250252526,2.9249002460147824,-0.5125,0.004330127018922197,2.624508862156923,,-0.24732311553908803,-1.4420492911338205,67.35626363930369,4.814757004090663,-0.68625,0.06283659363778404,13.973551042529035,,1.2387024907988693,0.5047958003010391
400,46.34875480732323,1.9293184040848297,-0.51,0.0,3.022864077731959,,-0.17402782312045822,-1.4805713415011388,77.3451511704725,3.909814502585565,-0.6475,0.004330127018922197,15.565462927730874,,1.2964800989635485,0.7782902241356577
400,52.68893449419193,1.5598989779256343,-0.51,0.0,3.421126916593791,,-0.16355599696209147,-1.4882054629782435,87.63359976693714,3.1289877227451988,-0.6487499999999999,0.0033071891388307415,17.146513156722392,,1.2778617485107961,0.8421855258731976
400,55.15310923383838,1.248397578404635,-0.51,0.0,3.529246577057715,,-0.12951174568068463,-1.5051261203528932,88.62137026761356,3.3143467182264454,-0.6425000000000001,0.004330127018922197,17.54763428756204,,1.3574569468241098,1.091879432504372
400,10.607692498340544,6.3332487834573,-0.52125,0.024206145913796343,0.6683405543264747,,-0.0486355756070731,-0.8435629154102866,97.39314518149345,9.48020545756168,-0.7725,0.024874685927665518,15.00413590289881,,0.01900549980283653,-0.9976904688486725
400,8.063707660642148,1.251850132510159,-0.505,0.0050000000000000044,0.46857999201514944,,0.061951959844749646,-1.377127528799666,48.689075243235905,5.575413708718655,-0.8,0.0,7.951448456612917,,0.6445115631876726,-0.29410122535321576
400,4.991107669985589,0.4076604249842103,-0.51625,0.0048412291827592754,0.3040112356868667,,-0.034782028354875774,-1.3471738731867875,37.87573997316016,0.9516797342132359,-0.8,0.0,6.52806224196555,,0.7423103530197396,-0.1956249257302195
400,4.274246103282838,0.42562595866038133,-0.5137499999999999,0.006959705453537534,0.2588307429837642,0.065,0.004164219003283915,-1.298760850216432,36.058777957052655,0.7268999255784144,-0.8,0.0,6.229614557570889,,0.7520345368277139,-0.1840719982076609
400,2.557263416558447,0.7194001275732798,-0.52875,0.018998355191963346,0.17055421203426954,0.06333333333333331,-0.5074288840134085,-0.0433721850282211,34.376705598989886,0.8575580932660715,-0.7987500000000001,0.0033071891388307415,5.930297634896105,,0.7528788566238862,-0.16418834561602708
400,5.780488099639257,6.446935829220349,-0.59,0.027838821814150098,0.4403666182481933,0.05499999999999999,-0.8380337991003327,-0.0358265862435479,32.50371444446246,1.8291721441737998,-0.7987500000000001,0.0033071891388307415,5.671589637519119,,0.78859556009226,-0.05738908324152986
400,2.7214884011543967,2.0733976964487884,-0.54625,0.03388860427931488,0.2161914102507196,0.08249999999999999,-0.8919189611666507,0.11847066935561845,31.318036090927116,1.0531654886119715,-0.8,0.0,5.4758396287676785,,0.7840760918063548,-0.0926902787000512
400,2.408692956782108,0.42204813678593117,-0.5225000000000001,0.011989578808281809,0.15615118759704016,0.0625,-0.38733528031152664,-0.1278406965356489,30.67664436560244,0.6092326274631217,-0.8,0.0,5.351120164267498,,0.7761687703006261,-0.12684555616063947
400,4.426126553354971,3.87997244798425,-0.6,0.010000000000000009,0.33156830291774664,0.05999999999999994,-0.5534747355163896,-0.27669273199618905,30.63994172685785,1.098299602849141,-0.8,0.0,5.306578256627706,,0.7629268543830232,-0.1100816335185622
400,2.0503292893217724,1.2861715683840604,-0.58625,0.033517719194479795,0.15255263030302807,0.05799999999999996,-1.1274484811031187,1.38004373506682,29.855431547763338,0.8950262712717502,-0.7975000000000001,0.004330127018922197,5.206327781917931,,0.7554973138783065,-0.13169327329018082
400,2.1072502054473237,0.5833806797362455,-0.53,0.01581138830084191,0.1538361191883095,0.08499999999999996,-0.8033973057890631,0.5697975195301047,30.122670983026687,0.6314055854994929,-0.7987500000000001,0.0033071891388307415,5.202134799952383,,0.7477311886307534,-0.15174461552938634
400,1.8325723951298842,0.5054878534919013,-0.52,0.0050000000000000044,0.1203932782994214,0.0766666666666667,-0.5847842408390664,0.6355432485116932,29.578582168109655,0.6679608090990098,-0.7987500000000001,0.0033071891388307415,5.164138213064035,,0.7663583078829118,-0.11981389488295408
400,1.9421765998557108,0.3806167020580913,-0.5475,0.04235268586524353,0.1304061686114703,0.0766666666666667,-0.5985766161353587,0.18493154774158693,29.577552783820334,0.6945946102332916,-0.7987500000000001,0.0033071891388307415,5.121098876217895,,0.7496262058714562,-0.13734326703326688
400,2.2940447828282986,1.6740039303203094,-0.55625,0.04498263553861644,0.1595223330176761,0.05500000000000002,-0.5657436094715411,0.04177796921713062,28.9970693148629,0.7550254102969592,-0.7975000000000001,0.004330127018922197,5.019777058752526,,0.765516822512434,-0.11911831699582592
400,3.5676927208513494,3.0861567577761146,-0.5925,0.029474565306378982,0.26879639713708203,0.050000000000000044,-0.6670161994865152,-0.19258283521705052,29.419009456529572,1.1182972881167192,-0.7987500000000001,0.0033071891388307415,5.05710750218128,,0.7463104844663095,-0.13808373085029713
400,3.7775590367965384,2.9674646883709794,-0.60375,0.0048412291827592754,0.25899239755411074,,-0.22648869184454615,-1.042363007743799,28.980119380826103,0.8437284599985349,-0.8,0.0,5.044032640474748,,0.7574220165126573,-0.12421203040302364
400,7.991111643037511,6.478787541335273,-0.6074999999999999,0.006614378277661483,0.5198420720562745,,0.034673588682831866,-1.4010009472861646,30.10590235934343,1.3017803327319222,-0.8,0.0,5.170640969298342,,0.7641090646050956,-0.07229632082226489
400,3.7453770640331987,3.075194089458855,-0.6,0.010000000000000009,0.2727768105393207,0.06999999999999995,-0.5368126720400099,-0.5334607507235964,28.630542220580793,0.7249757965118507,-0.7987500000000001,0.0033071891388307415,4.9805447437018415,,0.7827096575775556,-0.06030737575180051
400,3.3892357671717104,2.826224364220299,-0.6074999999999999,0.008291561975888507,0.23325428440007023,0.05999999999999994,-0.4423211981469478,-0.38064743802776074,28.487425490782815,0.7991353481549065,-0.7987500000000001,0.0033071891388307415,4.913215054320888,,0.7570811838147806,-0.11596126425660436
400,2.0047678437590193,1.3475025222728056,-0.60375,0.014086784586980818,0.14143936339754593,0.05999999999999994,-0.9966420638030302,0.9694944315974687,28.119562686381663,0.7788166088947747,-0.8,0.0,4.863815276781386,,0.751156665853664,-0.13728595132194688
400,1.9523945751442815,0.7318141053197167,-0.6025,0.012990381056766592,0.1445243753142107,0.07749999999999996,-1.169007628990625,1.0939397082465083,28.524686886525956,1.0864750072201825,-0.8,0.0,4.8907628656230155,,0.7520009456263541,-0.12741378457404234
400,1.6435764009740002,0.6972027079160261,-0.5625,0.03526683994916469,0.12457212387084912,0.07249999999999998,-1.2350893753597358,1.5607784074989737,28.490124650739524,0.634533453256862,-0.7975000000000001,0.004330127018922197,4.907534128716271,,0.7386037664116719,-0.16805178133027748
400,1.4233275351370942,0.29197222884114904,-0.5387500000000001,0.030998991919093104,0.10242173353102296,0.08666666666666666,-1.0140236625589063,1.0354813207158542,28.507509713726535,0.9569433285812158,-0.8,0.0,4.923401139648089,,0.7523804330270171,-0.15001710651950972
400,1.5307371234127114,0.2503104843140964,-0.525,0.010000000000000009,0.10441782520454493,0.06833333333333334,-0.7912206841665124,0.6521251930998984,28.401310874801574,0.7320457514191947,-0.7987500000000001,0.0033071891388307415,4.914785852940117,,0.7581043893880159,-0.1327395405107697
400,1.5376965694444396,0.3000070864986737,-0.5475000000000001,0.030720514318611263,0.11198193365620279,0.07799999999999999,-1.104642092396091,1.0532735115646095,28.50053308015871,0.8708274324568058,-0.7975000000000001,0.004330127018922197,4.924521619166125,,0.7508841249000746,-0.14889413830524006
400,4.693137147294362,2.7226804724435816,-0.61375,0.0048412291827592754,0.2645545019015132,,0.2356398204039794,-0.9059100349093199,28.154985333152943,0.6908862242632456,-0.7987500000000001,0.0033071891388307415,4.808279678864178,,0.721103722788258,-0.19751657820812757
400,2.787957114213551,1.6633775057486255,-0.6112500000000001,0.011659223816361029,0.16426498406998313,0.06999999999999995,-0.23007033431190993,-0.7386265169225465,27.680552110551943,0.4523737839514398,-0.7987500000000001,0.0033071891388307415,4.782778064903681,,0.7494356380386953,-0.12820741175020756
400,1.5851780261544164,1.0433552124658365,-0.5700000000000001,0.04358898943540672,0.12061351091450141,0.05000000000000001,-1.266192856536855,1.3605315435291208,27.962478458080795,0.7561083978011166,-0.7987500000000001,0.0033071891388307415,4.838396793916488,,0.7476593916991663,-0.13981943195894952
400,3.592495436868699,2.0751212497984755,-0.61625,0.006959705453537534,0.18659864554292915,,0.3207819664998459,-0.6346794100284086,27.792542638780652,0.7414203191757495,-0.7987500000000001,0.0033071891388307415,4.7998304368504705,,0.7397664387200762,-0.15555042466577218
400,3.2174587909091015,1.9609805885951288,-0.6112500000000001,0.005994789404140905,0.18209901630339018,,-0.021901047416732614,-0.7424038555924612,27.8746403405844,0.8808238570362985,-0.7987500000000001,0.0033071891388307415,4.782743795154943,,0.7195165337821845,-0.19611874477437863
400,2.0255003245670924,1.0323752471645795,-0.5975,0.029474565306378982,0.14648064102416825,0.06499999999999995,-1.125451101663165,1.5009891557090387,27.876013368831156,0.7149119049107082,-0.7987500000000001,0.0033071891388307415,4.8103220360775625,,0.7487803712109715,-0.15048760852890725
400,3.2449622746392315,1.3388044055794999,-0.61375,0.0048412291827592754,0.18152048357178674,,0.11998852484044574,-0.9416638944188366,28.273261664429995,0.6998216047328918,-0.8,0.0,4.8125318251313125,,0.7074149070195647,-0.21277010141570768
400,7.252922227705617,4.195302233419634,-0.6174999999999999,0.004330127018922197,0.37080601694408144,,0.4501497010680584,-1.0696872835570885,28.19153945283188,0.975046076475367,-0.7987500000000001,0.0033071891388307415,4.810906578853175,,0.72034729569061,-0.1957924960870649
400,4.254515046933618,2.785700591955179,-0.6125,0.006614378277661482,0.24164529588275407,,0.22874539264780996,-1.0034102816531736,27.877774865674585,0.6182637581535935,-0.7987500000000001,0.0033071891388307415,4.802405237856783,,0.7314875581906135,-0.17390495551008156
400,7.701252436507922,4.667411061534557,-0.6174999999999999,0.004330127018922197,0.3891913463419888,,0.4747897345958585,-1.0973177342875828,28.416036631132737,0.84699337130942,-0.8,0.0,4.887977029190296,,0.7406639377916502,-0.14514603728683478
400,4.247614819408371,2.439324146466191,-0.6125,0.008291561975888507,0.23585522923087862,,0.1256782205084046,-1.0358293255666666,27.99278643382033,0.7933847988644107,-0.7987500000000001,0.0033071891388307415,4.818432077750721,,0.7385199547605625,-0.15349680111880276
400,1.9878341616161501,0.9734939058634974,-0.605,0.014142135623730963,0.13973853832250874,0.06333333333333328,-0.8886764094721316,0.7136779456681759,27.87213936340186,0.7177086369638376,-0.7987500000000001,0.0033071891388307415,4.8049929918088035,,0.7590001876226325,-0.11548960457627966
400,2.084145935425683,0.5870559914138659,-0.6074999999999999,0.01299038105676659,0.13900073078643443,0.06499999999999995,-0.5790881033667612,0.0703705373757319,28.241116618398255,0.6687656073103309,-0.7987500000000001,0.0033071891388307415,4.85910542920112,,0.7432806790394044,-0.15399492749437038
400,2.876517261038969,1.566533043459776,-0.61,0.008660254037844395,0.16570360245382337,0.04999999999999999,0.035750029823708715,-0.43589429613912895,27.763321815602445,0.6319870204750924,-0.7987500000000001,0.0033071891388307415,4.782907625559165,,0.730679272720748,-0.17866741345869408
400,3.0906791272366423,1.6548024499738327,-0.6112500000000001,0.009270248108869587,0.16943998446031516,,0.09850761726828666,-0.7949811354299765,27.905290694047608,0.5914522891576405,-0.8,0.0,4.800618418165586,,0.7394795856000448,-0.15529566267272427
400,2.74032597528861,1.4899103781657,-0.6125,0.008291561975888507,0.15359624341810937,0.040000000000000036,-0.0008422389592644408,-0.36004595422334096,27.806367165854965,0.8271529709991102,-0.7975000000000001,0.004330127018922197,4.760104097940477,,0.7456744950345884,-0.11625758136235853
400,2.8765404634559886,1.4543523529194926,-0.60625,0.01576190026614813,0.1685512444170263,0.06999999999999995,-0.09076486057420532,-0.6764663882274743,27.83584347891413,0.7830181435354866,-0.7987500000000001,0.0033071891388307415,4.791148900650976,,0.744138205839155,-0.1384944107173074
600,5.836724601190467,5.233520247735451,-0.53375,0.034977671449083036,0.36643467092892934,0.08999999999999997,-0.237580144255031,-1.0383015028611529,37.65459832572149,6.9314170398451,-0.8,0.0,5.502861119867967,,0.4370873882555806,-0.2601489332066397
600,3.4650139479798057,0.2181288604755036,-0.51625,0.0048412291827592754,0.20349964568758874,,0.050252441669855014,-1.3977520001533978,23.735769639484126,0.6708159338441174,-0.8,0.0,3.8635686764417416,,0.6372316114571261,-0.3044793965138909
600,3.5983657135281466,0.3378020030373762,-0.515,0.007071067811865481,0.22206640249566978,,-0.07329195600612987,-1.363001138421121,23.16264404193722,0.5681497951349122,-0.8,0.0,3.7863066459592374,,0.6545147054713929,-0.25864664395323944
600,3.549921347402606,0.31594541803805026,-0.515,0.007071067811865481,0.21649686627344758,0.065,-0.06787701894556036,-1.3231487935541786,22.943242618217887,0.7999977030218822,-0.8,0.0,3.802171116738278,,0.6593690937183612,-0.2989443629510603
600,3.383454263419929,0.20569382870984004,-0.5275000000000001,0.03561951712193751,0.19432426781890266,,0.0954928321570717,-0.9739299626185618,26.6745655618326,2.4144527177263124,-0.8,0.0,4.03594697156638,,0.462760608880798,-0.33801949895208167
600,3.3796116809163173,0.5208325006850704,-0.5175000000000001,0.004330127018922197,0.20777825268217778,,-0.07113171041518865,-1.3447683380542734,25.09362999626622,0.9841989821572038,-0.8,0.0,3.97187774353301,,0.5935715839640091,-0.30575817402013494
600,3.375803254797985,0.2698420466052189,-0.515,0.007071067811865481,0.19296465397402424,,0.09089722786639376,-1.3966100304758782,24.916412354996382,0.9099946499578014,-0.8,0.0,3.9442399852323247,,0.6015515888787397,-0.2964580854317545
600,2.862818647943733,0.38671223702548474,-0.51875,0.0033071891388307415,0.16553622163852677,,0.07872333968705271,-1.4298260601413535,27.178591401677476,1.9340766358282826,-0.8,0.0,3.959036123415225,,0.37976316312894587,-0.3566192271495561
600,3.4352685111111247,0.15515165028580463,-0.5137499999999999,0.006959705453537534,0.21250128118722825,,-0.10066356275560728,-1.2766667325172991,25.38115014386723,1.1532021279882514,-0.8,0.0,4.004873523258841,,0.5822550014492069,-0.3308544292498417
600,2.8578637929292956,0.6137765210127785,-0.515,0.010000000000000009,0.17339292742965218,,-0.0343785855721587,-1.2711989283149765,27.72894628789681,3.181079369221626,-0.8,0.0,4.173274325109668,,0.40751108871298963,-0.3848799527514823
600,5.329387748448769,5.936798209143312,-0.5475,0.04023369234857769,0.3393402707518014,0.09999999999999998,-0.4242659390294935,-0.9063374637675293,35.77175033290041,9.912866048030098,-0.8,0.0,5.1776780904565305,,0.39423189386201085,-0.2705195738842259
600,3.408556199531027,0.34299475162203086,-0.51625,0.006959705453537534,0.19642576193073424,,0.07777274489429874,-1.3629231442049594,27.137476628968244,0.9813212577116391,-0.8,0.0,4.188576457779764,,0.5876333148266353,-0.19413246671264406
600,3.4038799256854353,0.352645056348857,-0.51375,0.006959705453537534,0.20867552359126854,,-0.06459840481708326,-1.3415815293911322,25.217320352543283,0.9315838358370239,-0.8,0.0,4.1199834670414885,,0.6396963369063409,-0.29725600912613476
600,3.2187884192640848,0.22536626756791625,-0.5175000000000001,0.004330127018922197,0.19418683141017187,,-0.023248583754764927,-1.3521744179867892,24.601830558567816,0.700659906941983,-0.8,0.0,4.061174440396648,,0.6500468390988986,-0.3231292408678526
600,2.460567007431459,0.6990039406079465,-0.5387500000000001,0.032572035551988454,0.16965708919985414,0.07999999999999996,-0.6027672586666819,-0.21689077539826884,25.02851891637805,1.0099218293186414,-0.8,0.0,4.2100460271836235,,0.6835649262879061,-0.3121392601083926
600,3.066591687301596,0.2530067589761369,-0.51625,0.006959705453537534,0.1847903584177474,,-0.02570804616405261,-1.3933220407910303,23.34028409808801,0.424137717499197,-0.8,0.0,3.901074405718976,,0.6453400677696146,-0.3466973337244404
600,3.088521940909101,0.3456994871030198,-0.51625,0.006959705453537534,0.1923659244675312,0.065,-0.12445087276584915,-1.0379533843009872,22.968734459289312,0.7907287873595151,-0.8,0.0,3.894521439118509,,0.6654672200538478,-0.3498449292751606
600,3.1812621812049207,0.4024186465848122,-0.5125,0.009682458365518551,0.1999049142608218,0.065,-0.1266313662803764,-1.2353517578872257,23.212292197961744,0.7454945142923282,-0.8,0.0,3.9520458161051595,,0.6806845300117674,-0.3404123428792628
600,2.837772204761909,0.44574509987376715,-0.5175000000000001,0.006614378277661482,0.1813715081789305,0.06000000000000005,-0.21754223954227653,-1.041023038926074,23.78242796637806,0.8753833852436075,-0.8,0.0,4.039983939944267,,0.6658040205467937,-0.3906157694589209
600,3.162195495310257,0.237696699244522,-0.515,0.007071067811865481,0.19258151620851244,0.06000000000000005,-0.05477674985045903,-1.3083709861925454,23.72164888506492,0.8965579948667545,-0.8,0.0,4.022258621185606,,0.6665713110539144,-0.34866353589122845
600,3.193940248809529,0.20569490370264965,-0.5137499999999999,0.006959705453537534,0.2039916239859293,,-0.19590952494086272,-1.1857798140407585,22.765468397691187,0.5834294811597444,-0.7987500000000001,0.0033071891388307415,3.853242037451662,,0.6660297996604663,-0.3635868482388361
600,3.1652279645743295,0.20801919509626482,-0.5137499999999999,0.008569568250501312,0.19464333259235123,0.06000000000000005,-0.0778563420223988,-1.210619482901048,22.685369079220767,0.5357378486845233,-0.7975000000000001,0.006614378277661483,3.889357012784453,,0.6819616114892291,-0.3259425439341039
600,3.4014422217532534,0.3861885891515887,-0.515,0.0050000000000000044,0.19348545375144177,,0.11259742932058035,-1.4320406085783357,25.977116187698396,0.6739531895139013,-0.8,0.0,4.036254517033009,,0.6109888544738913,-0.174906016897046
600,2.831033929040419,0.38718617948408385,-0.52,0.0050000000000000044,0.17634047914357748,0.06999999999999995,-0.12372969903748349,-1.2569559970074007,23.106705722763344,0.6845664316159892,-0.8,0.0,3.9474057758802337,,0.6464124116253503,-0.4202924099364422
600,2.9902892684704327,0.24555712728821313,-0.51875,0.0033071891388307415,0.18749196330952245,0.06000000000000005,-0.11072548780253744,-1.2161264404859617,23.190312660461753,0.5677652163654514,-0.7987500000000001,0.0033071891388307415,3.956885421091452,,0.6593442577826613,-0.3909263099447138
600,2.934015385714295,0.2679758918759954,-0.51625,0.006959705453537534,0.1893410903116869,,-0.20624248554671154,-1.145452193213396,22.92160823154761,0.5054628044530411,-0.7987500000000001,0.0033071891388307415,3.9094892099000744,,0.6747018858061005,-0.3398431211041506
600,2.7767840409812523,0.31280391938674246,-0.51125,0.009270248108869587,0.17428861871644874,,-0.17488076018107013,-1.074027320174093,22.61521866709956,0.6501900532559165,-0.7987500000000001,0.0033071891388307415,3.8877452122514455,,0.6829887307000073,-0.35685694266264656
600,2.770749602308811,0.3767343822840347,-0.51875,0.005994789404140905,0.17739242762878668,0.06000000000000005,-0.19834697089733294,-1.1007123243133932,22.838752429022357,0.6422550798042386,-0.8,0.0,3.9072893978387464,,0.6708667922585545,-0.3600201988004593
600,2.6230516177850047,0.26501411153753474,-0.5175000000000001,0.008291561975888507,0.1594635219967523,0.07,-0.036541216883888464,-1.3075764580086229,22.962077967045445,0.6840359296601124,-0.8,0.0,3.915347795538422,,0.6751132934518271,-0.3543834723335412
600,2.6359959375901982,0.33032563717250923,-0.52,0.007071067811865481,0.1660891137409799,0.06999999999999995,-0.1287231476324593,-1.1518824510038708,22.90975821410533,0.6796799791717801,-0.8,0.0,3.9110384277267345,,0.6608932984306277,-0.38255358186527366
600,2.979316585245323,0.22023071410911033,-0.5137499999999999,0.006959705453537534,0.18451944543506346,0.06000000000000005,-0.14194511935343646,-1.16402006482153,22.3119748059163,0.6038793341061103,-0.8,0.0,3.8406322161080473,,0.6818681614875444,-0.3638947703242673
600,2.8416420730158762,0.3261487926066575,-0.5162500000000001,0.008569568250501312,0.17541799487481816,,-0.06229599832771984,-1.2410419270408468,22.26155660216449,0.49427308276269255,-0.8,0.0,3.80320376192244,,0.6624295674895654,-0.39104185657606727
600,2.598569106818191,0.2960969649515333,-0.52,0.0050000000000000044,0.16216535840079227,0.06999999999999995,-0.09494285872392393,-1.3340237117558746,22.68763666677488,0.600040684510187,-0.8,0.0,3.871043606947151,,0.6598806077135774,-0.3974292887640255
600,3.3883862460317555,0.21744307019307121,-0.51375,0.006959705453537534,0.2060047719408354,,-0.04763332876916161,-1.3342974529851699,27.9506568566919,5.3699793882309805,-0.8,0.0,4.238559300376444,,0.48948074823067084,-0.31363949190424356
600,2.458256622222232,0.446824230124721,-0.5162500000000001,0.0048412291827592754,0.15667103836616036,0.06000000000000005,-0.19279004880900943,-1.007863967386594,22.52807283861832,0.6095841277806205,-0.7987500000000001,0.0033071891388307415,3.835041440950038,,0.6564380006009969,-0.3736670962874291
600,2.564188928102461,0.3954368151320078,-0.52125,0.005994789404140905,0.16776459585641992,0.06999999999999999,-0.2576742134109933,-1.027597973493501,22.721174292460308,0.600198572461676,-0.7987500000000001,0.0033071891388307415,3.8785220436174264,,0.6450876196254638,-0.41900094722228004
600,2.5591169323953977,0.16817927610095856,-0.5175000000000001,0.004330127018922197,0.15332367404473218,0.050000000000000044,0.009774725009989146,-1.2297580541307214,22.57557741040764,0.6766991355449306,-0.7975000000000001,0.004330127018922197,3.83714299339791,,0.6467050281383775,-0.40797766873658103
600,2.856586324494964,0.4043813338648822,-0.5125000000000001,0.006614378277661482,0.17869499480339007,0.06000000000000005,-0.11424084174301687,-1.253732688864715,22.2442146642857,0.5059778807531824,-0.7987500000000001,0.0033071891388307415,3.8118178171865096,,0.6773038512430238,-0.3780903063064636
600,2.4116201314574406,0.22642411883582111,-0.52125,0.005994789404140905,0.15234417945815165,0.065,-0.15004238823331703,-1.065381367910462,22.312094227741696,0.6022507066201283,-0.7987500000000001,0.0033071891388307415,3.819386299130774,,0.643646260392872,-0.4270188285226643
600,2.4472960473665335,0.292269672510983,-0.515,0.008660254037844393,0.16048277753643464,0.065,-0.2987882234363949,-0.9785668683576597,22.61229730032467,0.484245531390809,-0.7987500000000001,0.0033071891388307415,3.8413882545753992,,0.6655418298229685,-0.377770572058422
600,2.483442324386729,0.3720947111250091,-0.5137499999999999,0.008569568250501312,0.1561269621857851,0.06666666666666665,-0.09871104904365194,-1.2376087929104398,22.003491887806625,0.5400768692252476,-0.7975000000000001,0.004330127018922197,3.792492135898991,,0.6509434699507781,-0.43899981749339556
600,2.5554811920634997,0.29896838212955956,-0.5162500000000001,0.006959705453537534,0.16064225321897407,0.065,-0.12323993254614335,-1.2779953948521179,22.017500442117594,0.8755574820046643,-0.7987500000000001,0.0033071891388307415,3.751473999859489,,0.6393550212502901,-0.4528103364272737
600,2.663114420093796,0.23601637147740462,-0.5175000000000001,0.010897247358851694,0.17034851204725662,0.06000000000000005,-0.17881359793229212,-1.2594788786030238,21.94293663208873,0.6756878870520984,-0.7975000000000001,0.004330127018922197,3.754344244231964,,0.6475472467234591,-0.40261376971313945
600,2.382364066847041,0.31564004193511713,-0.5237499999999999,0.006959705453537534,0.157070332893577,0.06999999999999999,-0.30704458841366983,-1.0294054537871036,21.94793060611471,0.8959856885503739,-0.7987500000000001,0.0033071891388307415,3.7681226368495686,,0.6652277392447096,-0.41653827146311345
600,3.544072836652243,0.3286838507380187,-0.515,0.007071067811865481,0.20843131504653517,,0.023215241390966885,-1.3342679667041017,25.036543337301577,1.0501632560917475,-0.8,0.0,3.931912240896286,,0.6028437844667438,-0.24317605784067214
600,2.2076515616522423,0.36704922176074145,-0.5175,0.008291561975888507,0.13904815232611667,0.07,-0.20038605658182504,-0.9864330949952255,22.27471028676045,0.5265006111455444,-0.8,0.0,3.7840615669803404,,0.6251004186798685,-0.43467663653215316
600,3.363773193578657,0.4306888807131314,-0.51375,0.006959705453537534,0.20236856576911877,,0.02360561529723748,-1.3372030978998206,25.72032624684342,0.9752051041635691,-0.8,0.0,3.924522069217895,,0.5373651001596604,-0.24313955157618294
600,3.236911321645032,0.6952341475170108,-0.51625,0.006959705453537534,0.19848048285786318,,-0.06526375417876862,-1.3352987724920862,26.986669200811676,2.318318843318817,-0.8,0.0,3.966005082722403,,0.43315004149976644,-0.25986146344962946
600,3.5212721046897655,0.37362447461578396,-0.51125,0.009270248108869587,0.2172458044909803,,-0.08242133927091656,-1.3978928991748716,24.805328338942985,0.5550688105217195,-0.8,0.0,3.946283443798883,,0.6131397820387001,-0.260013149117123
600,3.355206637662347,0.7562195719419261,-0.515,0.007071067811865481,0.20271526731493372,0.050000000000000044,0.006241600420791249,-1.4064559853857301,25.6081695167388,1.3757260500567634,-0.8,0.0,3.947427630544012,,0.5522928534713731,-0.26893858668013987
800,1.000105607575768,0.49122977749863517,-0.5825,0.0411551940828858,0.05949845055519407,0.06,-0.20919875169591662,0.39428154029919155,35.2729086911616,5.363919590303758,-0.8,0.0,4.937255869088206,,0.26816440909138606,-0.48334213918601165
800,0.8678794494227895,0.2572775689853,-0.56375,0.031199959935871695,0.05007773796031664,0.06142857142857139,-0.0937930120870667,-0.37552569953269627,25.13896117552308,1.0542916389287906,-0.8,0.0,4.016374797782289,,0.510322351073973,-0.5955458646184071
800,1.0711084232323134,0.43888670115075346,-0.54625,0.034255474015111795,0.06914314453787729,0.0833333333333333,-0.3845121395001167,-0.3572996516771254,24.519785078932166,0.6287329815620366,-0.8,0.0,3.9630308089440867,,0.5323891568968291,-0.569541487644265
800,0.927964224098111,0.3010938403460377,-0.54375,0.021758618981911493,0.06884356523592931,0.08857142857142855,-0.8873906768452764,0.08699599544118924,24.447239872186135,0.47388048683928097,-0.8,0.0,3.9640616834752906,,0.5296817416900887,-0.6139387739822866
800,1.0682761540764738,0.2722102468555081,-0.5275000000000001,0.01198957880828181,0.07350040709848313,0.08285714285714285,-0.6944859063091878,0.004116752730747186,24.205220922709223,0.7890883393213154,-0.8,0.0,3.937884584489179,,0.526076761487466,-0.6067838972041497
800,1.0152547264790703,0.3262106842349509,-0.54,0.024999999999999977,0.06933713950973906,0.076,-0.6543768564100833,0.07802150773018585,24.10602083104256,0.8392562958867904,-0.8,0.0,3.9246207329576137,,0.537151967832118,-0.5884172129119828
800,1.2383104512987062,0.3256172810482564,-0.53,0.018708286933869694,0.0854528214213555,0.08166666666666662,-0.7302704746357812,0.26290082499185274,23.931914824891763,0.6081731068859044,-0.8,0.0,3.9156629634720446,,0.5365581796337457,-0.5986541004228068
800,1.2160296829365076,0.3393943802532986,-0.5775,0.04145780987944248,0.07583366231132614,0.0675,-0.4685495915903412,0.05394813339732002,25.04907444323592,0.5307448329316035,-0.8,0.0,4.004522891148811,,0.4924316332826134,-0.6453290310321342
800,1.4752873040404029,0.5425368355286337,-0.58125,0.038222212128551626,0.08495466152092226,0.07666666666666666,-0.3762110795395224,-0.060023133666089246,25.617597112085125,1.0262228399521067,-0.8,0.0,4.0259593022972595,,0.46793343394272563,-0.6256734530787352
800,0.9957144989538138,0.4055520558526602,-0.5712499999999999,0.033330729064933444,0.06706294093325985,0.07999999999999997,-0.5386456198031192,0.0004018945272993568,25.105680752615427,1.0009355754158797,-0.8,0.0,3.968987080950399,,0.4876509178706445,-0.614973725207407
800,1.0427085270923384,0.4292695363750896,-0.54125,0.012686114456365286,0.0765068445191182,0.0883333333333333,-0.8724517843738959,0.4214042492733512,24.039877378084405,0.7795129809226308,-0.8,0.0,3.936810619107685,,0.5368556096316016,-0.5937088145646989
800,0.8149095057720182,0.20695043196990764,-0.535,0.03240370349203929,0.052378095126262084,0.06857142857142857,-0.5208712702647259,0.047569986365133765,27.971319472673144,1.86068304840181,-0.8,0.0,4.281940813674244,,0.44327880156214994,-0.5589629425394949
800,1.0874401983766253,0.402009853553819,-0.5587500000000001,0.03407253292609751,0.08025633173989814,0.07666666666666662,-0.8786218931310606,0.3106391418474392,24.20213118257575,0.4886850539305986,-0.8,0.0,3.883840186235754,,0.5065723397840339,-0.6252617795906237
800,3.9924424112554107,3.2468515659856583,-0.58875,0.04594493987372276,0.2292502334956695,,0.01191948826677712,-0.8114019167441066,37.57047635734126,9.685310231616283,-0.8,0.0,5.103958496809888,,0.17796214616613654,-0.5497217730249893
800,1.4958948792929365,0.5019694408635098,-0.59375,0.0291279504943276,0.09168360772474646,0.065,-0.2819166577009946,-0.53457122706593,26.43513628243145,1.5489887825409154,-0.8,0.0,4.0883820455764806,,0.4339053036657135,-0.6396848472483341
800,0.933620406132762,0.325903642440538,-0.52875,0.012686114456365286,0.06138792997149951,0.07375000000000001,-0.604173326325767,0.10245859748717917,24.95608318234126,1.1443171650008126,-0.8,0.0,3.9878460115840566,,0.4994280315814522,-0.622769856411812
800,1.0852032679653578,0.39049254797770716,-0.5375000000000001,0.01854049621773915,0.0769065611132741,0.08857142857142854,-0.8640499102900326,0.37385723287963235,24.114222327128417,0.6528476163980715,-0.8,0.0,3.90084042253283,,0.5053891671157305,-0.6458534768053379
800,1.1787301133116856,0.34167986972195746,-0.5275000000000001,0.021650635094610952,0.08114336733657834,0.07000000000000002,-0.5227398261220682,-0.33698164895712057,23.95186007691197,0.5746809793186581,-0.8,0.0,3.9018463249953124,,0.5264110774155826,-0.6140085118277062
800,1.0760409400072186,0.3511482727172812,-0.565,0.037416573867739396,0.08034049985353399,0.0883333333333333,-0.9185185948006972,0.22861758925439468,24.46257838964646,0.8518886105601678,-0.8,0.0,3.8985420116581917,,0.4886435480274409,-0.6409527781680924
800,1.1065052542207665,0.32191946407160044,-0.56375,0.031199959935871692,0.07402573247438504,0.09285714285714285,-0.5331241468010698,-0.18870646509738268,24.602957253571418,0.7433913301385189,-0.8,0.0,3.932313174315478,,0.4981120891079166,-0.6430334058897765
800,1.294617480447314,0.407911016229251,-0.565,0.028722813232690127,0.09259595116377947,0.08666666666666663,-0.6853371824357744,-0.08168580231047767,24.448706904058433,0.7683382344043166,-0.8,0.0,3.9192902307406223,,0.473709918897814,-0.6672286902986193
800,1.150673146897542,0.2938938170895181,-0.53,0.012247448713915901,0.08702742622979683,0.08,-1.0670941076652196,0.8553122096447892,23.761144242009372,0.6541532806325745,-0.8,0.0,3.8597801147620876,,0.5165261774994909,-0.6441676881315921
800,1.0401877532467663,0.3891584669302901,-0.6025,0.02861380785564898,0.053884949826840306,0.0666666666666667,-0.09446609704319481,0.7193052870193137,26.155838458748185,1.3224395143812484,-0.8,0.0,4.105558777602816,,0.4950378520774763,-0.5436135955746162
800,1.0211027740981287,0.29109610245123774,-0.525,0.008660254037844393,0.06732910702236533,0.07166666666666666,-0.6764943411380798,0.28892167439514993,23.59787015093794,0.46873913246488724,-0.8,0.0,3.826669108399713,,0.520383007424525,-0.6247579837614221
800,3.9430522835858497,2.142562252423655,-0.6012500000000001,0.03179524335494225,0.22636627458224812,0.05999999999999994,-0.05852173817336523,-0.5479693030559667,37.125919410353525,10.423468125467984,-0.8,0.0,5.032866330775796,,0.15730630730408843,-0.5577935047237557
800,1.0259575409090806,0.2032869032267365,-0.575,0.03201562118716423,0.06986505289429826,0.08285714285714282,-0.6628899192865274,0.10897314634388489,25.97121432651514,1.2724778684555065,-0.8,0.0,4.0297452142088765,,0.451714442693523,-0.6323221239307621
800,0.9699363796897273,0.30860432589984316,-0.56875,0.02087911636061256,0.06896140004869927,0.07285714285714281,-0.6638805866072026,-0.06250582346667652,24.711357986724376,0.9090969369270162,-0.8,0.0,3.9155853155577214,,0.4783546811582884,-0.6282619196119774
800,0.7982811400793541,0.13757333538208746,-0.5387500000000001,0.02260392665003138,0.05009622122871442,0.0675,-0.28286676516006715,-0.32473990777268286,24.093034592766944,0.6811918268850751,-0.8,0.0,3.8673599648272026,,0.4977469780117839,-0.6374155816413518
800,0.9583875324314439,0.2751364676828454,-0.55,0.03316624790355399,0.06876150973592929,0.08166666666666665,-0.8109776698030429,0.6090148933457445,23.50604118713924,0.6926555050131417,-0.8,0.0,3.809748167824316,,0.5130759709092003,-0.6231769235872088
800,1.228551630483393,0.3649931800628571,-0.56125,0.022043990110685474,0.08411142616666575,0.07571428571428569,-0.5158089085621893,-0.23132795555124244,23.63561128086218,0.4763367983547074,-0.8,0.0,3.8220243401455636,,0.5030842348407578,-0.6635970075365241
800,0.9846937632034547,0.2280855992599,-0.575,0.025495097567963906,0.06600643510173096,0.07428571428571426,-0.9300535971673831,1.2923191862889238,24.377705366828994,0.6337812136752264,-0.8,0.0,3.898094766309887,,0.4958541864044953,-0.6232879048920837
800,0.900750961796537,0.21405881973510374,-0.59375,0.03079671248688729,0.05647725575829599,0.07249999999999998,-0.4427995742466696,-0.1716469686046689,24.21594557056276,0.637027405311782,-0.8,0.0,3.8480778111224767,,0.4892427218154186,-0.6305581452118969
800,0.8445939068181731,0.2934790175173804,-0.5574999999999999,0.03832427429188971,0.05119597965151394,0.06666666666666664,-0.5284484181254081,0.6228779138225307,24.048632219913408,0.6674810780662302,-0.8,0.0,3.858009042436871,,0.49375941859139516,-0.6321181546770415
800,1.0903874670634988,0.2564335530040591,-0.61375,0.006959705453537534,0.059762414927488974,,-0.1950890241481727,0.0377809935987552,26.435527126208505,1.5018597490334986,-0.8,0.0,4.113063005515875,,0.49108439255578307,-0.5471885694072821
800,0.8886211044732852,0.2842667381389722,-0.56,0.02449489742783176,0.06661602254220626,0.07428571428571426,-1.1231459822640621,1.4455585420164905,23.70545135613275,0.6129760247735627,-0.8,0.0,3.791049563863279,,0.47774531724433766,-0.6607021804227361
800,0.9259281563852841,0.2783060193485912,-0.54875,0.024717149916606455,0.06648881334415516,0.07874999999999999,-0.7292696451804341,-0.05296546284254661,23.52004413982683,0.4754487202376768,-0.8,0.0,3.785934654231784,,0.49037526645899504,-0.6357825332305995
800,0.9283970813492006,0.1641673099562767,-0.57125,0.0266634112596269,0.06613514388167285,0.07874999999999997,-0.5906036990801691,-0.2578142525857799,23.673644480699846,0.6755277433277638,-0.8,0.0,3.8011607057303407,,0.4738648188803396,-0.6687806673461459
800,0.7275571401515166,0.2896112207251424,-0.5800000000000001,0.02872281323269013,0.050530876111111,0.07428571428571425,-0.7058160900749391,0.11210343663300726,23.99926610692639,0.7507559574244029,-0.8,0.0,3.824650848727274,,0.48856237178761486,-0.6246675207684791
800,0.8630979135641978,0.1972330770404409,-0.5549999999999999,0.0254950975679639,0.05586500593542462,0.07249999999999997,-0.5094746850075135,-0.10592983219399557,24.14636022341269,0.6187725444070662,-0.8,0.0,3.82487193436941,,0.4667973831446759,-0.6670623240257888
800,0.8139414129869968,0.26263389515876107,-0.55,0.023979157616563575,0.0554409589613986,0.0657142857142857,-0.6612743189860264,0.3041294295482708,23.610495551713548,0.6497541495194583,-0.8,0.0,3.80780574726389,,0.48562699754685035,-0.6656784361345789
800,0.8765646550144104,0.31209397427986857,-0.5599999999999999,0.02958039891549806,0.06454580104220546,0.07571428571428569,-1.2058226564079024,1.3892222706371549,23.781343451497104,0.6446262450804816,-0.8,0.0,3.7839208592211415,,0.4796994131311344,-0.6389919673284747
800,0.7723166098484682,0.1542323230552622,-0.5487500000000001,0.02146945504664707,0.05681512002344756,0.08285714285714282,-0.9355354712992038,0.8369453295834149,23.611029168271997,0.5296835270871256,-0.8,0.0,3.7674212967215026,,0.47322549953051296,-0.6507402910187868
800,0.860916269841272,0.30942263171664647,-0.5762499999999999,0.03568525605905047,0.06289019568001383,0.06999999999999999,-1.108860294385284,1.2573161230755634,23.936411958585847,0.7186280760461002,-0.8,0.0,3.7878694863405498,,0.45599839434338807,-0.668274013885436
800,0.9396138809163133,0.2041283293418685,-0.56125,0.03854785986277317,0.06170600188239482,0.07142857142857142,-0.30579653019186,-0.605414998328464,23.819455138383827,0.5348642459550782,-0.8,0.0,3.7984775000420288,,0.482582727684778,-0.6333016251704657
800,1.2053853088023048,0.37563008387759295,-0.595,0.03535533905932736,0.07679757343434204,0.04999999999999999,-0.711924204950922,1.109173733111017,25.63705921814573,1.375247059791823,-0.8,0.0,4.043898135586401,,0.48981477918181393,-0.5825920468276293
800,1.0170750101370922,0.2440199681387326,-0.5562499999999999,0.03903123748998997,0.06227815211832553,0.06166666666666667,-0.29892173723446536,-0.2511390263551684,23.441085200974015,0.6735532988113391,-0.8,0.0,3.7355609918203494,,0.4600546671105326,-0.6502658239980523
800,0.7097488042929192,0.3247883853724849,-0.5625,0.03230711995830019,0.047372514199132694,0.06428571428571427,-0.7802579661334687,0.2141821569381383,24.637317974080073,0.9281920468775954,-0.8,0.0,3.9723703775279597,,0.5186240335094039,-0.5765085118737783
800,0.8300299735570058,0.2907129219951045,-0.5525,0.035968736424845375,0.054663604249278276,0.05833333333333333,-0.8332080601963022,0.7770693821339834,24.523220442550496,1.0276725923461436,-0.8,0.0,3.9703464817545115,,0.52723528864603,-0.5703317014911771
800,0.9487356505050499,0.2743984531750992,-0.55125,0.04075460096725275,0.055980077007213386,0.06400000000000002,-0.38276956684166086,-0.12025654942454883,24.740628646825385,0.6681357912655741,-0.8,0.0,3.980799620081351,,0.533313129704084,-0.5697144696123879
800,1.002133407900446,0.2721055820863776,-0.56,0.037416573867739396,0.05988993568506472,0.06600000000000002,-0.14971367666686738,-0.4019049092180701,25.055192797186137,1.0803409664824437,-0.8,0.0,4.023710592882036,,0.5159503440702008,-0.5945806924294266
1000,63.814751345454575,2.1976933923532855,-0.5,0.0,3.8362076047968934,,-0.10114440767473434,-1.2739715367933362,180.26586857539678,9.976577295357787,-0.8,0.0,25.862736859611296,,0.06178503826106296,-1.0644609300527055
1000,84.82515763080806,2.2928506662223467,-0.5,0.0,5.3034897384837585,,-0.1678033680850119,-1.3059248492463638,216.51466796203096,6.426376118542781,-0.8,0.0,30.85990404913853,,0.024652935666811635,-1.035642859294819
1000,85.06585603383837,2.035985860161135,-0.5,0.0,5.341795535590181,,-0.17740132609693604,-1.3072302277839394,216.17147279338013,6.68221245745991,-0.8,0.0,30.739699284940475,,0.019626243748176547,-1.0261799879110025
1000,85.76901765126262,2.267933783152211,-0.5,0.0,5.414698006901508,,-0.1892987984319885,-1.3043607828474273,216.91371732692994,6.507303102410676,-0.8,0.0,30.799545596036076,,0.014718862787314754,-1.0263903420188338
1000,86.23299215454541,2.153645162798156,-0.5,0.0,5.463877768328997,,-0.19679917624924692,-1.309852159688901,217.70703191594507,6.2260475571148755,-0.8,0.0,30.84891575029618,,0.00934777626753043,-1.0280236255282118
1000,86.96887177373736,1.9422330150156855,-0.5,0.0,5.520828436014062,,-0.1969854487573819,-1.3127151086302553,217.7230902683441,6.199257088474272,-0.8,0.0,30.807708755852815,,0.0039208718564088234,-1.0268480300420064
1000,87.36199098712116,1.950154273385899,-0.5,0.0,5.567590056636355,,-0.21222605816530327,-1.306092413516474,216.8342062036435,6.159029978253385,-0.8,0.0,30.645475428192647,,-0.001870625427602109,-1.0269351415350239
1000,87.16648168636362,2.031916160825197,-0.5,0.0,5.576916424513703,,-0.21349348775221258,-1.3129925930258923,216.44884583225098,6.164516365613153,-0.8,0.0,30.566662827971147,,-0.003895827081502235,-1.0252610364115435
1000,87.58383565757572,1.8089664860004433,-0.5,0.0,5.599859840967166,,-0.21504460675958148,-1.3160194842078492,215.94692096563847,5.702775690544233,-0.8,0.0,30.453413876170817,,-0.005953682836319241,-1.0213588539032457
1000,88.3419845353535,1.7382476992647158,-0.5,0.0,5.612287178437943,,-0.19873527573731464,-1.3255548853356447,216.43923441578275,6.185922952470062,-0.8,0.0,30.528717848735386,,-0.005416572232706458,-1.0175260466923763
1000,87.98288542626258,2.2833244941371476,-0.5,0.0,5.582248466651148,,-0.19404881615925462,-1.3312918480479723,215.2924813488455,5.988232100642991,-0.8,0.0,30.353697406873025,,-0.00665903660422975,-1.0162747607405411
1000,67.44791373510098,1.8900487930417873,-0.5,0.0,4.09594705237337,,-0.11868146602669336,-1.284423163440395,184.87920685025244,6.3000875496870465,-0.8,0.0,26.665814700209058,,0.07194817958183744,-1.0653806983474623
1000,88.17027329191916,1.984293565549084,-0.5,0.0,5.5851172843304395,,-0.18897344113750725,-1.3371789445218836,214.25970473183617,6.055961090346427,-0.8,0.0,30.21096154538565,,-0.006778720111125068,-1.016585288984412
1000,88.76963877626261,2.2935497292234737,-0.5,0.0,5.604248929845231,,-0.18296913032910503,-1.338698223963135,215.4742274079004,6.5275279777247945,-0.8,0.0,30.310658831591457,,-0.01341702409475311,-1.0201295542340385
1000,87.80928307070701,2.2339694232587384,-0.5,0.0,5.538611248093426,,-0.17771769563381193,-1.3366533246552148,213.37836615250714,6.183656597478336,-0.8,0.0,30.003728613515698,,-0.014043995964859939,-1.0201428273548543
1000,87.43993947323233,1.8547672944177642,-0.5,0.0,5.505938046593067,,-0.17310311136568046,-1.3456418693459322,211.29785734967527,6.088944607918427,-0.8,0.0,29.721498034598493,,-0.014618741800208505,-1.0233647088918314
1000,87.17383377550502,2.1362029272558383,-0.5,0.0,5.477189824582965,,-0.17504827296476894,-1.3409607871887048,210.22355399774523,6.0087922279365795,-0.8,0.0,29.541559851562056,,-0.01639351558592772,-1.021534067084743
1000,86.78684349797977,2.179445076518326,-0.5,0.0,5.449980022715722,,-0.17393279711904305,-1.341268183686807,208.59248166946242,6.06302971575841,-0.8,0.0,29.2978369333052,,-0.016855513774048606,-1.0228363729129923
1000,86.03441430757576,1.9890969499618045,-0.5,0.0,5.402342402626978,,-0.17151303363310866,-1.3435761387577965,207.66913732932892,6.025974367632869,-0.8,0.0,29.15525254781187,,-0.019507808027519002,-1.0244206724290787
1000,85.7750076103535,2.133504064756101,-0.5,0.0,5.375670613289316,,-0.16626651336717346,-1.348198772466511,207.16792844940468,5.832583227171526,-0.8,0.0,29.033970135557183,,-0.0240522273104974,-1.0208904502219194
1000,85.55854046742421,2.10083324353356,-0.5,0.0,5.348469599328636,,-0.1593680031396068,-1.3491371509250933,206.29146479889965,5.993638600120428,-0.8,0.0,28.90302033780412,,-0.023196519115892194,-1.0225244860461347
1000,85.26943103358585,2.0288380549625056,-0.5,0.0,5.313972407688306,,-0.15329842064996949,-1.3513256298168161,204.52315123273803,6.1740562771711565,-0.8,0.0,28.636181590223856,,-0.022891159425430775,-1.023508187173329
1000,70.07574198964649,1.5800077425479706,-0.5,0.0,4.308664442325393,,-0.1483435062246472,-1.2775681476047247,192.9582788425324,5.855690428194192,-0.8,0.0,27.7269252890754,,0.05724264143395434,-1.0561793017744479
1000,84.88255284469693,2.1612130494848323,-0.5,0.0,5.266779566073225,,-0.14578194325363292,-1.3498836550669886,202.89506438657997,6.203814041145513,-0.8,0.0,28.395496956251982,,-0.022533229609218497,-1.0239860795564282
1000,84.40696151085855,2.0141261367672585,-0.5,0.0,5.22758768765223,,-0.14295693091697778,-1.3509966338808412,201.89209455005408,5.968484266787391,-0.8,0.0,28.21320588720545,,-0.02460916816386566,-1.024021484018356
1000,84.3480848050505,2.1878027293836486,-0.5,0.0,5.215864752143572,,-0.14361877853955868,-1.3461248558778232,200.7206842613275,6.036854446383604,-0.8,0.0,28.04599976481674,,-0.025340089350003987,-1.0238893860590124
1000,83.78158654267673,2.1552957934581416,-0.5,0.0,5.187485624244582,,-0.14486744117788036,-1.3487383767444072,198.75453089998192,5.964108924711583,-0.8,0.0,27.753718394971862,,-0.02821365351694138,-1.0247973451498846
1000,83.55554287499999,2.0371524473135616,-0.5,0.0,5.128503654491336,,-0.12688974053231097,-1.3477728373902003,198.26453763749993,5.676074985449138,-0.8,0.0,27.691005527773452,,-0.02756783138352506,-1.0235290956125507
1000,83.96420029343432,2.2127490276083677,-0.5,0.0,5.116284289909084,,-0.10878989287689868,-1.349632328338549,198.54396095014422,6.188514180273727,-0.8,0.0,27.766533628573413,,-0.024081388323703698,-1.0302633164090444
1000,83.77335788939394,2.289933474263817,-0.5,0.0,5.083163035134555,,-0.10443374275167178,-1.344819140284612,197.51485994529216,5.972408704751483,-0.8,0.0,27.5918368345175,,-0.026025471440393973,-1.0309701822141366
1000,83.27809932247476,2.254217362838474,-0.5,0.0,5.035471238938667,,-0.09776257115066579,-1.34775309253898,195.92761221969687,6.215755826249328,-0.8,0.0,27.340489525948236,,-0.02704402352149113,-1.0330241318659636
1000,82.80039370959592,2.5874329174507773,-0.5,0.0,4.991126783481235,,-0.09098416924756689,-1.3424951706635282,193.78594132247468,6.492774692359405,-0.8,0.0,27.067159357352452,,-0.025793024595774428,-1.0348289350653397
1000,81.68626014444443,2.617752636362199,-0.5,0.0,4.914760953209951,,-0.08720497120782703,-1.344940559677826,191.85444627606412,6.402774521962087,-0.8,0.0,26.763802062742425,,-0.027691961486136715,-1.035920788603317
1000,72.9135214063131,1.4786335920844904,-0.5,0.0,4.511596387135996,,-0.15805913384015652,-1.2773429396480016,199.67010632485562,6.156531449044411,-0.8,0.0,28.611931195362914,,0.048787718457892655,-1.0501721916141427
1000,81.59931601439392,2.4132924709912214,-0.5,0.0,4.914639701923876,,-0.08757600403235441,-1.3442174684571528,191.7253095534631,6.30333500764851,-0.8,0.0,26.74949530349856,,-0.029801431961495855,-1.0359159565655798
1000,81.04248140833329,2.50878473096973,-0.5,0.0,4.860612417789676,,-0.08022867973923764,-1.3404957990193909,190.435315007251,6.27726778494929,-0.8,0.0,26.563328536110394,,-0.02997374320743268,-1.0365790529676446
1000,80.1371141641414,2.594984108231039,-0.5,0.0,4.810492850209229,,-0.086325443079387,-1.334262785156179,188.61481153086208,6.4216581986779,-0.8,0.0,26.276092134204365,,-0.03311369180985958,-1.0346149408282257
1000,79.1247941247475,2.5185090640132173,-0.5,0.0,4.746581857357859,,-0.08614314240285356,-1.3385081218967105,186.38170614209952,6.364952498334588,-0.8,0.0,25.911632254594156,,-0.0387787847577896,-1.0320340316290095
1000,78.03728376136362,2.7085524228163487,-0.5,0.0,4.691294083091623,,-0.08880239856157918,-1.3385267341201326,184.51590861850644,6.216135451834406,-0.8,0.0,25.63970315947998,,-0.040527178680063336,-1.0335431466239688
1000,77.34371682070704,2.4459306131052823,-0.5,0.0,4.646314083726546,,-0.08475172974672773,-1.3401523705573124,183.05474421280658,5.894281810456774,-0.8,0.0,25.40603094721411,,-0.04147897990374057,-1.031662475011934
1000,76.79740300101004,2.4287162497054378,-0.5,0.0,4.5985856550959525,,-0.08062627834212888,-1.3389542337742608,182.0744287658008,6.037606296407543,-0.8,0.0,25.27068397951281,,-0.04114279582714005,-1.0291397345274231
1000,76.15442458383835,2.631104080437662,-0.5,0.0,4.558563569180368,,-0.08149698434208633,-1.3392729471128315,180.6438114372835,6.108671347623938,-0.8,0.0,25.065397246976374,,-0.041086463183986136,-1.0310038614535804
1000,75.80830634898989,2.7406721139996555,-0.5,0.0,4.549611588044007,,-0.08611461598115394,-1.3362495348719046,179.81279439650064,6.295101132913946,-0.8,0.0,24.93599261942984,,-0.04275056245576451,-1.028628834987146
1000,75.26032149191914,2.61421565478223,-0.5,0.0,4.506754255015146,,-0.0837503247478765,-1.3381154122596746,178.47070116435782,6.200042963918878,-0.8,0.0,24.758262910165044,,-0.04359705575142754,-1.028987022366218
1000,75.5101451729798,1.90463822229944,-0.5,0.0,4.70538313580086,,-0.1716557450466235,-1.2792877139885537,204.63891405880224,6.499852683622072,-0.8,0.0,29.279916307405127,,0.041840649890488385,-1.042359833075988
1000,74.76035391843432,2.412680909078675,-0.5,0.0,4.473954759407642,,-0.08018745540787763,-1.343134121109508,177.62219873681448,5.645302798573387,-0.8,0.0,24.63773539862645,,-0.04332256538943022,-1.0308865743659847
1000,76.52074942550502,1.8706891518610913,-0.5,0.0,4.793847933409084,,-0.17780225516253792,-1.289738680714012,206.08161216351002,6.661049477277112,-0.8,0.0,29.395962353116524,,0.032471641051361196,-1.0380352056416524
1000,78.65787613080803,1.8597264563321618,-0.5,0.0,4.947858920256848,,-0.18675190755670637,-1.2839350974102237,209.05783309623007,6.538286064837574,-0.8,0.0,29.78256866869084,,0.028280806769768387,-1.0332843874787727
1000,79.87643120883833,1.9205755870738632,-0.5,0.0,5.0219965515504965,,-0.18634240428473037,-1.2877712819315017,210.49821079175678,6.248018144084402,-0.8,0.0,29.96762767057468,,0.023848366723752804,-1.0337947242771293
1000,83.5373489242424,1.6330610461644608,-0.5,0.0,5.138430750771998,,-0.13223267659745166,-1.3157857571226277,217.79228387424232,18.201607826618073,-0.795,0.013228756555322966,31.629152582167748,,0.0287148517893917,-1.113632823711898
