upper_Ip_mean,upper_Ip_std,upper_Ep_mean,upper_Ep_std,upper_Area_mean,upper_FWHM_mean,upper_skewness,upper_kurtosis,lower_Ip_mean,lower_Ip_std,lower_Ep_mean,lower_Ep_std,lower_Area_mean,lower_FWHM_mean,lower_skewness,lower_kurtosis,n_upper_valid,n_lower_valid,ppm,log1p_ppm,filename
27.155655783008605,0.15795968017328385,-0.608822875,0.04199622908201848,5.621993438181625,0.15511999999999992,-1.1975849747505622,-0.06142263456819941,53.30535132885096,0.3521834118286156,-0.864021375,0.03391523103982006,11.458850662407787,0.0,-0.16842308245860388,-0.8380061385519006,8,8,0,0.0,KCL_EMSTAT_01.xlsx
24.296650019119717,0.1784524119103675,-0.6338422499999999,0.011118821821015892,5.0438347144085185,0.15511999999999992,-1.3156404688722354,0.3437947424844384,49.473773057801196,0.8462665030987572,-0.890292,0.0,10.356469871313553,0.0,-0.12124191636726239,-0.7998456268467442,8,8,0,0.0,KCL_EMSTAT_02.xlsx
23.866447148088007,0.31213964840254577,-0.54627425,0.049520307616547576,4.936161222531999,0.15511999999999992,-1.1908918809623457,-0.042683512796222345,50.18128844792115,0.11675742624054077,-0.890292,0.0,11.018896374473211,0.0,-0.23648981147646425,-0.7916552431914137,8,8,0,0.0,KCL_EMSTAT_03.xlsx
16.634478941923664,0.5920195641491919,-0.6300889999999999,0.07234025951709046,3.5736019228339058,0.15511999999999992,-1.6736367903091558,1.5316934535586932,40.95669544108041,0.1512470527034164,-0.890292,0.0,8.685418598935367,0.0,-0.35817824496115624,-0.5747523873802545,8,8,0,0.0,KCL_EMSTAT_04.xlsx
16.349823359406567,0.4223383174205191,-0.508745,0.003309834890141808,3.4262934166058496,0.15511999999999992,-1.6287791422771587,1.340491964920488,40.58648791301405,0.09407486295236593,-0.890292,0.0,8.713933138504885,0.0,-0.40010232819099323,-0.571655799124719,8,8,0,0.0,KCL_EMSTAT_05.xlsx
15.74268782929741,0.26187846772162204,-0.590058,0.08267765180506759,3.390262813419786,0.15511999999999992,-1.660511202418374,1.4321796485422529,39.4742213893353,0.0812202578938685,-0.890292,0.0,8.360196758838583,0.0,-0.3658204038083325,-0.6007433636281867,8,8,0,0.0,KCL_EMSTAT_06.xlsx
16.362027493078067,0.5122954773536509,-0.6526064999999999,0.05787010903523509,3.439953186828906,0.15511999999999992,-1.6324833687972884,1.4721536358227114,38.84181590440113,0.552617337136836,-0.890292,0.0,8.089921153278683,0.0,-0.32078752585722115,-0.6201930087413494,8,8,0,0.0,KCL_EMSTAT_07.xlsx
15.90981480078011,0.3755866344002848,-0.5487759999999999,0.07013241370436352,3.390421906647064,0.15511999999999992,-1.6203353398044595,1.2791184880700257,39.29641944129236,0.14274362332980678,-0.890292,0.0,8.365828054813413,0.0,-0.38390245499630604,-0.5964658903848141,8,8,0,0.0,KCL_EMSTAT_08.xlsx
16.56299462835497,0.3913710465594706,-0.508745,0.003309834890141808,3.332943801337435,0.15511999999999992,-1.5252786598331383,1.0301078770941419,39.53367275333241,0.16703719480032855,-0.890292,0.0,8.498653234866389,0.0,-0.4161682396237123,-0.5813908653943795,8,8,0,0.0,KCL_EMSTAT_09.xlsx
17.008142672132028,0.334384374234303,-0.508745,0.003309834890141808,3.283261173177614,0.15511999999999992,-1.4361885731215478,0.8457307831599128,39.60906938647635,0.15040292902648641,-0.890292,0.0,8.538135624227012,0.0,-0.4300322675117891,-0.569962399076541,8,8,0,0.0,KCL_EMSTAT_10.xlsx
17.532893269642855,0.30766495961616763,-0.508745,0.003309834890141808,3.28807454740359,0.15511999999999992,-1.3420619717388615,0.6439447204490891,39.985021112729946,0.07660065637664015,-0.890292,0.0,8.659511827626522,0.0,-0.4407959111286395,-0.5700157837667779,8,8,0,0.0,KCL_EMSTAT_11.xlsx
17.654932225960493,0.3766841445313157,-0.508745,0.003309834890141808,3.23657281855944,0.15511999999999992,-1.2838531613005628,0.547425074071475,39.918500764912494,0.138604208950285,-0.890292,0.0,8.646842370502508,0.0,-0.44201523070951565,-0.5725460493876814,8,8,0,0.0,KCL_EMSTAT_12.xlsx
17.842681257030122,0.218602823378111,-0.508745,0.003309834890141808,3.3463397364288974,0.15511999999999992,-1.3097857947528766,0.5118839572786582,40.38792288396463,0.13674839903228697,-0.890292,0.0,8.719522784800017,0.0,-0.4123206366901798,-0.6056256980156763,8,8,0,0.0,KCL_EMSTAT_13.xlsx
17.591247019872835,0.2956506215414333,-0.508745,0.003309834890141808,3.2325127104172275,0.15511999999999992,-1.2869960607120432,0.5299840342870357,39.888338711737894,0.033861184734896195,-0.890292,0.0,8.602915436792623,0.0,-0.42326406080680956,-0.590583515118622,8,8,0,0.0,KCL_EMSTAT_14.xlsx
17.64907518869949,0.2880382018978931,-0.508745,0.003309834890141808,3.194519541105656,0.15511999999999992,-1.2574403263926526,0.5005608491678673,39.81676312718252,0.05529913593782535,-0.890292,0.0,8.592139583040712,0.0,-0.42804579806421916,-0.5902299555711648,8,8,0,0.0,KCL_EMSTAT_15.xlsx
17.74737318727002,0.3334437476863749,-0.508745,0.003309834890141808,3.1757541743038877,0.15511999999999992,-1.225592902840713,0.4562623288936458,39.848055131439374,0.08567820641860122,-0.890292,0.0,8.608671685433766,0.0,-0.4305938973312261,-0.5914914597388004,8,8,0,0.0,KCL_EMSTAT_16.xlsx
17.880301708955614,0.32096982882512287,-0.508745,0.003309834890141808,3.1871098481608864,0.15511999999999992,-1.2152271186930586,0.43625863423384387,39.97728495170452,0.1103240561897071,-0.890292,0.0,8.634840591434948,0.0,-0.4299083877137404,-0.5938465656073297,8,8,0,0.0,KCL_EMSTAT_17.xlsx
18.0121784485074,0.30338313924636834,-0.508745,0.003309834890141808,3.2032786417626617,0.15511999999999992,-1.2100258949965557,0.4251192619623076,40.121808688532624,0.08600921933891036,-0.890292,0.0,8.658613753359402,0.0,-0.4269135931334265,-0.5998830097124517,8,8,0,0.0,KCL_EMSTAT_18.xlsx
18.11904500539322,0.346965812927438,-0.508745,0.003309834890141808,3.2072582458651544,0.15511999999999992,-1.1960859447175456,0.40442953706567564,40.2426548109262,0.06945715048454613,-0.890292,0.0,8.693117906279763,0.0,-0.4282239035062876,-0.6033077910700506,8,8,0,0.0,KCL_EMSTAT_19.xlsx
18.26310276861472,0.36997418147365263,-0.508745,0.003309834890141808,3.1912196553164027,0.15511999999999992,-1.1583015331111945,0.35805279628091236,40.33776766420452,0.08698788419483239,-0.890292,0.0,8.735990083098187,0.0,-0.4354747121524748,-0.6009643168047496,8,8,0,0.0,KCL_EMSTAT_20.xlsx
18.436657127958146,0.39180672772637576,-0.508745,0.003309834890141808,3.1706063330823304,0.15511999999999992,-1.1052874769575876,0.28925614204256206,40.47715565320164,0.08050474429045006,-0.890292,0.0,8.801985552889558,0.0,-0.4443326265387164,-0.5996654410867175,8,8,0,0.0,KCL_EMSTAT_21.xlsx
18.78479129597764,0.4353398709291526,-0.508745,0.003309834890141808,3.172107628881824,0.15511999999999992,-1.035275001893792,0.18748395910660198,40.8033021768398,0.11467932840201218,-0.890292,0.0,8.920608356886767,0.0,-0.4554542686866171,-0.6004930799346124,8,8,0,0.0,KCL_EMSTAT_22.xlsx
19.421088332918472,0.498991402444716,-0.508745,0.003309834890141808,3.2332628770450396,0.15511999999999992,-0.9742130120452138,0.08333221764068999,41.49492688018576,0.2446743802043588,-0.890292,0.0,9.12277214624466,0.0,-0.4657631980415282,-0.6058084083866352,8,8,0,0.0,KCL_EMSTAT_23.xlsx
20.11236075174062,0.444414727430843,-0.508745,0.003309834890141808,3.3513552299939495,0.15511999999999992,-0.9593454732408006,0.012085628658899061,42.40788557009377,0.1671647681751612,-0.890292,0.0,9.330599898476747,0.0,-0.45656164421658185,-0.6235423127447761,8,8,0,0.0,KCL_EMSTAT_24.xlsx
20.647170072041853,0.3275471163970165,-0.508745,0.003309834890141808,3.833944894107873,0.15511999999999992,-1.1868997660372689,0.09130641999240202,44.13205730042836,0.17056613317830444,-0.890292,0.0,9.659023203515133,0.0,-0.3525355505719025,-0.713919443284956,8,8,0,0.0,KCL_EMSTAT_25.xlsx
20.346593356615255,0.34805798165244256,-0.508745,0.003309834890141808,3.593910763461715,0.15511999999999992,-1.103392423073771,0.06583965570005035,43.45822409031383,0.09608776599216165,-0.890292,0.0,9.539059751257948,0.0,-0.4043611885488789,-0.674484854954697,8,8,0,0.0,KCL_EMSTAT_26.xlsx
13.025415651821744,0.12488398475697114,-0.7126537500000001,0.0043331581078354334,2.012749576011953,0.13135149999999993,-0.6215999300802902,0.9892233664820944,35.32143884806094,0.8672747595484807,-0.890292,0.0,7.166161704532281,0.0,-0.42523928147749374,-0.31029351783090786,8,8,0,0.0,KCL_EMSTAT_27.xlsx
10.690328357088703,0.3137206975242738,-0.720159,0.0,1.5464375156678984,0.10758312499999999,-0.5167594274810894,1.0381396358110182,31.455956368876244,1.097270022658477,-0.890292,0.0,6.602514632105446,0.0,-0.528962043446357,-0.310280368110553,8,8,0,0.0,KCL_EMSTAT_28.xlsx
9.92442843599834,0.45508334277192874,-0.720159,0.0,1.43006464932154,0.10132824999999998,-0.5608933590702485,1.111414994085456,30.54152141012805,1.103507349577438,-0.890292,0.0,6.451903090031697,0.0,-0.5447682384631978,-0.3275866485313954,8,8,0,0.0,KCL_EMSTAT_29.xlsx
10.728298571275213,0.19545980266722998,-0.720159,0.0,1.5210455987742009,0.10508112499999998,-0.4164091237383577,0.8590725695823305,31.609120836174228,1.0986805657934027,-0.890292,0.0,6.530683797646881,0.0,-0.5022794648982141,-0.3183446311491449,8,8,0,0.0,KCL_EMSTAT_30.xlsx
11.13578456903856,0.15293358912398455,-0.7114028750000001,0.003309504171227916,1.7353387802884792,0.12634799999999996,-0.7432157276997675,1.2827654405617794,33.176980478296336,0.47946862930136375,-0.890292,0.0,6.676481725509046,0.0,-0.40353592019580087,-0.3912569373490641,8,8,0,0.0,KCL_EMSTAT_31.xlsx
11.99341882081525,0.04017171072598629,-0.710152,0.0,1.91936506778762,0.1363553749999999,-0.8029712497123542,1.2576456466412553,33.9325527302489,0.47422182046566247,-0.890292,0.0,6.770889250939577,0.0,-0.3650004913918975,-0.4246828931450319,8,8,0,0.0,KCL_EMSTAT_32.xlsx
12.24838535142943,0.03417089709569687,-0.710152,0.0,2.0270721887516245,0.1476139999999999,-0.956697880068333,1.501270844833039,34.76933822235748,0.34798758512305755,-0.890292,0.0,6.904457779801514,0.0,-0.3407969871670769,-0.45005391014921947,8,8,0,0.0,KCL_EMSTAT_33.xlsx
12.3832648967036,0.044536354823109844,-0.706399,0.004845102166105487,2.1049841355181282,0.16012399999999993,-1.0849619336525784,1.7097457329327008,35.39071670585767,0.2577120253139328,-0.890292,0.0,7.012889890644532,0.0,-0.3232855416742333,-0.4712786073070999,8,8,0,0.0,KCL_EMSTAT_34.xlsx
12.467626849215328,0.03528668962889692,-0.701395,0.003309834890141808,2.1696222518038923,0.17013199999999995,-1.2169616364471574,1.9329152412560375,35.91014945638977,0.20730945193619035,-0.890292,0.0,7.112867590890916,0.0,-0.3102746561607219,-0.49014785054707166,8,8,0,0.0,KCL_EMSTAT_35.xlsx
14.012627354135057,0.22186277521609032,-0.700144,0.0,2.337083367743296,0.15637124999999993,-0.8910544493880314,1.1716467352911104,36.15638149700575,0.25255576972447663,-0.890292,0.0,7.115954943168754,0.0,-0.26968743719628074,-0.5100362160994948,8,8,0,0.0,KCL_EMSTAT_36.xlsx
12.537956185578961,0.19444950783566078,-0.708901,0.003309834890141808,2.0964007929426423,0.14886499999999991,-0.9868999645065442,1.5200842575139744,34.95976269009738,0.44776228091370435,-0.890292,0.0,6.9525045813118105,0.0,-0.31448930071691783,-0.5038662423391138,8,8,0,0.0,KCL_EMSTAT_37.xlsx
13.417247806682859,0.18461729318832917,-0.700144,0.0,2.2065639252999723,0.14886512499999993,-0.83474258065408,1.126470866598185,35.68720977215456,0.33589837202702005,-0.890292,0.0,7.047177220516822,0.0,-0.27342485780825043,-0.5269943510390026,8,8,0,0.0,KCL_EMSTAT_38.xlsx
13.966144909185564,0.0480430944941111,-0.700144,0.0,2.3097352975962595,0.14511299999999994,-0.8518651911509456,1.1026125165394656,36.408893841937214,0.22838087839829946,-0.890292,0.0,7.145056945247107,0.0,-0.24365801322865982,-0.5465645357456145,8,8,0,0.0,KCL_EMSTAT_39.xlsx
14.157353574801544,0.03655594486784398,-0.700144,0.0,2.370306462300407,0.15512099999999995,-0.9167574924896058,1.1897100251485524,36.96975560245308,0.1822280381328074,-0.890292,0.0,7.2336231030621665,0.0,-0.22401826800087052,-0.5606657874877079,8,8,0,0.0,KCL_EMSTAT_40.xlsx
14.375885373593027,0.07939182682411793,-0.700144,0.0,2.4281487328173004,0.16298442857142856,-0.9608960538243518,1.2411836784776886,37.43418301738363,0.11449673546481186,-0.890292,0.0,7.314449028139178,0.0,-0.21015335767916007,-0.5709430135190352,8,8,0,0.0,KCL_EMSTAT_41.xlsx
14.315535722289821,0.07290375226811287,-0.700144,0.0,2.4547135383415815,0.17013299999999998,-1.0517062751993669,1.3962815024136668,37.696046851510616,0.08728460097387696,-0.890292,0.0,7.375085760656248,0.0,-0.20688672409389758,-0.5797338545085513,8,8,0,0.0,KCL_EMSTAT_42.xlsx
14.891858891427628,0.2235778636267463,-0.700144,0.0,2.5476942428990634,0.17013299999999998,-1.019641177223649,1.2855438584059327,37.98641350824764,0.09175100961050917,-0.890292,0.0,7.448717562449632,0.0,-0.19946769581612792,-0.588397713171309,8,8,0,0.0,KCL_EMSTAT_43.xlsx
14.490664693659767,0.1106124853873667,-0.700144,0.0,2.525735766140441,0.15511999999999992,-1.1426929552446357,1.5196799174140718,38.083576348290926,0.05543888697131092,-0.890292,0.0,7.483187017400963,0.0,-0.20367222870285895,-0.5932651444005446,8,8,0,0.0,KCL_EMSTAT_44.xlsx
14.731074466982275,0.16827223409577052,-0.700144,0.0,2.576233737529823,0.15511999999999992,-1.1560694318171896,1.5175772133829815,38.36520097550052,0.059258794206588174,-0.890292,0.0,7.544522287127734,0.0,-0.19732527516946133,-0.6004023226393673,8,8,0,0.0,KCL_EMSTAT_45.xlsx
14.490623131597177,0.11469602963044051,-0.700144,0.0,2.56417852445373,0.15511999999999992,-1.2343880926038449,1.6643588676318073,38.46488983856419,0.049367558183117465,-0.890292,0.0,7.575945898743777,0.0,-0.1985561997921807,-0.6052501398251475,8,8,0,0.0,KCL_EMSTAT_46.xlsx
14.33556240096947,0.09174437280114672,-0.700144,0.0,2.56663625211936,0.15511999999999992,-1.3072052163300003,1.7953924595310178,38.59380443542566,0.04356779741390278,-0.890292,0.0,7.613519812047018,0.0,-0.1984487837621296,-0.6101489118408006,8,8,0,0.0,KCL_EMSTAT_47.xlsx
12.274840960822486,3.519825359376245,-0.6826302499999999,0.07177577493442686,2.103552100122858,0.08006199999999997,-0.9171491983239439,1.0605253296552561,38.32855802761992,0.7619528708051556,-0.890292,0.0,7.623124156105693,0.0,-0.24772119243136953,-0.5503942796808803,8,8,0,0.0,KCL_EMSTAT_48.xlsx
7.590400247564963,0.07916923341097393,-0.7701979999999999,0.0,0.7444721452653705,0.15511999999999992,0.5974290989492548,-0.9283061750085024,33.510225342221304,0.31849282052255906,-0.890292,0.0,7.107386530821797,0.0,-0.6380729027399985,-0.19912703426875217,8,8,0,0.0,KCL_EMSTAT_49.xlsx
7.4937104975829945,0.053360008078879265,-0.7701979999999999,0.0,0.7382537950751308,0.15511999999999992,0.6030137971977227,-0.9071604579114112,32.11753446379417,0.12349262972545323,-0.890292,0.0,6.885781597183123,0.0,-0.6491302505945857,-0.2276567333401756,8,8,0,0.0,KCL_EMSTAT_50.xlsx
8.996064705618688,0.24512745737291292,-0.508745,0.003309834890141808,1.6162066022860033,0.15511999999999992,-1.560994105146134,2.219616092802536,27.849441757070693,0.2211213654080022,-0.881535,0.003309834890141808,5.205771819651445,0.0,-0.01915702801250218,-0.6610107251356019,8,8,2,0.47712125471966244,Cad_2ppm_1.xlsx
8.461386944548163,0.1297060011232068,-0.508745,0.003309834890141808,1.49935291011456,0.15511999999999992,-1.6441164751166093,2.623329196144475,30.430174231511533,0.07261754041809673,-0.8702759999999999,0.0,5.33517505099781,0.0,0.23375534671566467,-0.5286180277801917,8,8,2,0.47712125471966244,Cad_2ppm_10.xlsx
8.213467773214287,0.07312340452491935,-0.508745,0.003309834890141808,1.4475251725268834,0.15511999999999992,-1.6059738284666216,2.587133900151772,27.924797566982313,0.10612017322727496,-0.879033,0.003309834890141808,5.059484761191214,0.0,0.104360775754072,-0.5989269576825318,8,8,2,0.47712125471966244,Cad_2ppm_11.xlsx
8.001794164240621,0.11345850864352675,-0.508745,0.003309834890141808,1.3978080050330932,0.15511999999999992,-1.5884938485972384,2.557505287425665,27.70286162151875,0.07555654131324141,-0.8715269999999999,0.003309834890141808,5.055389727013347,0.0,0.10736605748995784,-0.6052382116833197,8,8,2,0.47712125471966244,Cad_2ppm_12.xlsx
8.038590845788242,0.17874896042140073,-0.508745,0.003309834890141808,1.4071167730163996,0.15511999999999992,-1.58634360086422,2.5438413526213055,27.79559980363004,0.1953524368575674,-0.8715269999999999,0.003309834890141808,5.0447696168752785,0.0,0.12350146669745363,-0.5945728584552116,8,8,2,0.47712125471966244,Cad_2ppm_13.xlsx
8.259631434429114,0.14873447190759806,-0.508745,0.003309834890141808,1.4372113665795831,0.15511999999999992,-1.5337583313803498,2.3708327932847495,28.8097800529852,0.10210541663883273,-0.8702759999999999,0.0,5.173285538997687,0.0,0.16044197172952812,-0.5850190841002516,8,8,2,0.47712125471966244,Cad_2ppm_14.xlsx
9.096988027258838,2.2429651475518844,-0.508745,0.003309834890141808,1.5298003991730114,0.15511999999999992,-1.3550240866943675,1.9088818106195502,27.530036731800138,2.241109526595538,-0.877782,0.006619669780283616,5.1859145544506635,0.0,0.016681194252391632,-0.6607298671398486,8,8,2,0.47712125471966244,Cad_2ppm_15.xlsx
7.965187366071426,0.10810749978065927,-0.508745,0.003309834890141808,1.3777022219265702,0.15511999999999992,-1.5451574620905062,2.472441967818148,28.092178478350455,0.14257350295617577,-0.8702759999999999,0.0,5.10437832604005,0.0,0.11935908905335843,-0.6017985345847873,8,8,2,0.47712125471966244,Cad_2ppm_16.xlsx
13.075256572943719,0.27232492158250327,-0.508745,0.003309834890141808,2.6772512990278656,0.15511999999999992,-1.4640250114995186,0.733838673487429,29.509469583806784,0.7045410625523322,-0.840252625,0.015823404958616692,5.8113547837489445,0.0,0.06373345447052237,-0.9405449643540191,8,8,2,0.47712125471966244,Cad_2ppm_17.xlsx
13.075256572943719,0.27232492158250327,-0.508745,0.003309834890141808,2.6772512990278656,0.15511999999999992,-1.4640250114995186,0.733838673487429,29.509469583806784,0.7045410625523322,-0.840252625,0.015823404958616692,5.8113547837489445,0.0,0.06373345447052237,-0.9405449643540191,8,8,2,0.47712125471966244,Cad_2ppm_18.xlsx
10.59821170641684,1.9972303447780748,-0.508745,0.003309834890141808,2.04310267911157,0.15511999999999992,-1.5071357749933916,1.51618826170163,29.04635406024078,1.3201705225951783,-0.8490095,0.02148613572166942,5.517136906798438,0.0,0.10115878697696248,-0.8106342209540515,8,8,2,0.47712125471966244,Cad_2ppm_19.xlsx
8.467182285272365,0.1275986334770295,-0.508745,0.003309834890141808,1.4730883810510718,0.15511999999999992,-1.4815753061688715,2.1743436214649448,27.19717202532466,0.18346216097854456,-0.880284,0.0,5.06666591736994,0.0,0.016347744275899363,-0.6422467841545375,8,8,2,0.47712125471966244,Cad_2ppm_2.xlsx
8.382583835624093,0.13340051805063488,-0.508745,0.003309834890141808,1.518285037946507,0.15511999999999992,-1.7575973480870444,2.919170967685946,29.882225328598473,0.15067516174552367,-0.8702759999999999,0.0,5.351385314347064,0.0,0.18586986130024452,-0.5722520379239884,8,8,2,0.47712125471966244,Cad_2ppm_20.xlsx
8.32884590753968,0.1060147985233146,-0.508745,0.003309834890141808,1.511886341636873,0.15511999999999992,-1.7629107683211256,2.972160411084141,29.439959974905285,0.1155774729297531,-0.880284,0.0,5.217592821892993,0.0,0.1646336479384353,-0.5407904809353894,8,8,2,0.47712125471966244,Cad_2ppm_21.xlsx
8.265604014118868,0.08463666339034549,-0.508745,0.003309834890141808,1.433097370409913,0.15511999999999992,-1.5626914013859547,2.522287976521196,30.035371939181985,0.30314861496795714,-0.874029,0.004845102166105487,5.332361326690549,0.0,0.18037161650202255,-0.5434669755012005,8,8,2,0.47712125471966244,Cad_2ppm_22.xlsx
8.09979349866522,0.17111526362089105,-0.508745,0.003309834890141808,1.4049210072231024,0.15511999999999992,-1.5481985515523196,2.5031067151204853,29.20549554249187,0.10505281741539929,-0.881535,0.003309834890141808,5.2120369562240665,0.0,0.0978273643904217,-0.5500944501993903,8,8,2,0.47712125471966244,Cad_2ppm_23.xlsx
8.003901400284093,0.16243528502537244,-0.508745,0.003309834890141808,1.3849038956982964,0.15511999999999992,-1.5526288536923456,2.5316526222255504,29.156806704450744,0.545199088539204,-0.880284,0.0,5.175792534590406,0.0,0.13419210648156507,-0.5423789725857401,8,8,2,0.47712125471966244,Cad_2ppm_24.xlsx
8.295871740692638,0.14561310469183902,-0.508745,0.003309834890141808,1.4654188270492157,0.15511999999999992,-1.5952322699469317,2.5078921399574297,29.062504300987545,0.2063096841997759,-0.880284,0.0,5.191404765002298,0.0,0.12231902879552757,-0.5623676005526991,8,8,2,0.47712125471966244,Cad_2ppm_25.xlsx
8.008058317604622,0.09665671130134716,-0.508745,0.003309834890141808,1.399312978195411,0.15511999999999992,-1.5873265073007734,2.5705003906122226,28.67163328328371,0.17859990698897737,-0.880284,0.0,5.141827154526066,0.0,0.12813106548448266,-0.5698322549677779,8,8,2,0.47712125471966244,Cad_2ppm_26.xlsx
8.11416878424874,0.07922057173438111,-0.508745,0.003309834890141808,1.423914362593424,0.15511999999999992,-1.591294271400435,2.542801547668926,28.79080519362823,0.2306814602897702,-0.879033,0.003309834890141808,5.1720645724817,0.0,0.14652243558690997,-0.5817183447236156,8,8,2,0.47712125471966244,Cad_2ppm_27.xlsx
8.162289044715006,0.15925374892359961,-0.508745,0.003309834890141808,1.2585194645209028,0.15511999999999992,-0.8170485819116806,0.6875233352063979,27.725874710502328,0.7088215347486132,-0.890292,0.0,5.206329655018636,0.0,-0.2146974219415353,-0.5558343255759985,8,8,2,0.47712125471966244,Cad_2ppm_28.xlsx
8.162289044715006,0.15925374892359961,-0.508745,0.003309834890141808,1.2585194645209028,0.15511999999999992,-0.8170485819116806,0.6875233352063979,27.725874710502328,0.7088215347486132,-0.890292,0.0,5.206329655018636,0.0,-0.2146974219415353,-0.5558343255759985,8,8,2,0.47712125471966244,Cad_2ppm_29.xlsx
8.507182402344876,0.1200333489751209,-0.508745,0.003309834890141808,1.473657172305348,0.15511999999999992,-1.4535934286643974,2.0959515771080888,27.737070280384188,0.16540217913411595,-0.87528,0.0050040000000000084,5.121386201207615,0.0,0.0644958577271339,-0.6278929643942313,8,8,2,0.47712125471966244,Cad_2ppm_3.xlsx
8.167687884474205,0.09769364517048931,-0.508745,0.003309834890141808,1.2557953793306476,0.15511999999999992,-0.7805531167197801,0.5698500669924959,27.092912754225274,0.6865214091566766,-0.890292,0.0,5.183926190323413,0.0,-0.19978217381128865,-0.5919758912441804,8,8,2,0.47712125471966244,Cad_2ppm_30.xlsx
7.9848573526154425,0.1090525992082697,-0.508745,0.003309834890141808,1.2145320206958075,0.15511999999999992,-0.7702783587162605,0.6036229997258205,27.481226060705243,0.36958170811251045,-0.880284,0.0,5.22133329117084,0.0,-0.14808742179145262,-0.5721137639024159,8,8,2,0.47712125471966244,Cad_2ppm_31.xlsx
7.835109384758296,0.11988132315210928,-0.508745,0.003309834890141808,1.1665274015021994,0.15511999999999992,-0.6982745645006494,0.5126251841897858,27.761229349968424,0.25879863019809857,-0.880284,0.0,5.244674548654364,0.0,-0.13143307883847377,-0.5528918030919836,8,8,2,0.47712125471966244,Cad_2ppm_32.xlsx
7.7532539126984075,0.1293193467285789,-0.508745,0.003309834890141808,1.146169160307123,0.15511999999999992,-0.6831992095223818,0.5128842284002064,28.027270182729062,0.3164283929323361,-0.880284,0.0,5.245845186828408,0.0,-0.10079664086346035,-0.5419431988975603,8,8,2,0.47712125471966244,Cad_2ppm_33.xlsx
7.950284482814749,0.14842348080030757,-0.508745,0.003309834890141808,1.1717363857896228,0.15511999999999992,-0.6602990625486794,0.43357608264824227,28.72668609035442,0.33829230098920593,-0.880284,0.0,5.325664083027014,0.0,-0.07076739752416132,-0.5328860114747892,8,8,2,0.47712125471966244,Cad_2ppm_34.xlsx
7.8355876215638505,0.10513153801909617,-0.508745,0.003309834890141808,1.18102123741879,0.15511999999999992,-0.7732339488806276,0.6561429175836302,29.12420193773898,0.2527376653363692,-0.880284,0.0,5.33731561773282,0.0,-0.028977476085026238,-0.5240682383055855,8,8,2,0.47712125471966244,Cad_2ppm_35.xlsx
7.7020681902326835,0.13333475096186803,-0.508745,0.003309834890141808,1.1417225503064308,0.15511999999999992,-0.7163298691105197,0.5744989884356573,29.176490151866865,0.25793998614130337,-0.880284,0.0,5.329463535510443,0.0,-0.02060295921078726,-0.511318698570359,8,8,2,0.47712125471966244,Cad_2ppm_36.xlsx
7.724378340440115,0.1335969756578077,-0.508745,0.003309834890141808,1.1285082424659145,0.15511999999999992,-0.6631097789653961,0.48784780331720545,29.59907108156564,0.1753796249115756,-0.880284,0.0,5.39173173362641,0.0,-0.013929997638119699,-0.501766717927496,8,8,2,0.47712125471966244,Cad_2ppm_37.xlsx
7.966391903481244,0.15286656773252136,-0.508745,0.003309834890141808,1.2319774445569953,0.15511999999999992,-0.8559664848716406,0.8153305008346667,29.460633041495285,0.2987041016668778,-0.880284,0.0,5.4464677620654705,0.0,-0.0447103695213555,-0.569266628894105,8,8,2,0.47712125471966244,Cad_2ppm_38.xlsx
7.528399626244586,0.11754611081470773,-0.508745,0.003309834890141808,1.1155752211743093,0.15511999999999992,-0.7278055424449382,0.6661199951776372,29.358166167252875,0.1547511555419457,-0.880284,0.0,5.391203144219427,0.0,-0.029978169359704085,-0.5308715308016306,8,8,2,0.47712125471966244,Cad_2ppm_39.xlsx
8.416197984677126,0.16895434731977751,-0.508745,0.003309834890141808,1.464145352825545,0.15511999999999992,-1.4932058185910404,2.2076532552024,28.02707879747924,0.1668793131441973,-0.8715269999999999,0.003309834890141808,5.13452140442037,0.0,0.09479769925543982,-0.6131400972916884,8,8,2,0.47712125471966244,Cad_2ppm_4.xlsx
7.449450036810067,0.12635690511682196,-0.508745,0.003309834890141808,1.1123345137671063,0.15511999999999992,-0.778511276536635,0.7737206311792726,29.70989625761181,0.24887114085084283,-0.880284,0.0,5.375706918978906,0.0,0.019343213457031667,-0.509393271994045,8,8,2,0.47712125471966244,Cad_2ppm_40.xlsx
7.451346733901514,0.11306674964752868,-0.508745,0.003309834890141808,1.1040920493562254,0.15511999999999992,-0.7390744193935461,0.677642825650346,29.99363162210496,0.19712551423391006,-0.880284,0.0,5.396585061023277,0.0,0.037520347178304894,-0.5012819491273444,8,8,2,0.47712125471966244,Cad_2ppm_41.xlsx
7.222612581146289,0.11824089160024522,-0.508745,0.003309834890141808,1.061187097903358,0.15511999999999992,-0.7363728365936494,0.7351603343148823,30.008121989646444,0.20588295332111367,-0.880284,0.0,5.369082285771001,0.0,0.055432335620591605,-0.4848946612320213,8,8,2,0.47712125471966244,Cad_2ppm_42.xlsx
7.2517451740349905,0.12724650603846419,-0.508745,0.003309834890141808,1.0558559607520626,0.15511999999999992,-0.6940780445392729,0.6409858642883477,30.239346712026496,0.21483713688806164,-0.880284,0.0,5.396475367969743,0.0,0.06299261623396175,-0.4806268411983482,8,8,2,0.47712125471966244,Cad_2ppm_43.xlsx
7.3062831215864055,0.1093649124879858,-0.508745,0.003309834890141808,1.0603647319073013,0.15511999999999992,-0.6704449072085705,0.5713950663684664,30.508204306195868,0.1697568414688257,-0.880284,0.0,5.424010206854609,0.0,0.0760727014974162,-0.4776598680459421,8,8,2,0.47712125471966244,Cad_2ppm_44.xlsx
6.9512470318993484,0.12187309022512932,-0.508745,0.003309834890141808,0.9784830121909707,0.15511999999999992,-0.6149771240168664,0.5847356386187618,30.55852825129869,0.0880727130913664,-0.880284,0.0,5.420492729055661,0.0,0.07582607634227559,-0.4511499139070079,8,8,2,0.47712125471966244,Cad_2ppm_45.xlsx
7.083765917604617,0.11270433796336084,-0.508745,0.003309834890141808,1.0089156141974014,0.15511999999999992,-0.6259395867958643,0.5502646270298404,30.46541174897185,0.0958213472137929,-0.880284,0.0,5.417764881321812,0.0,0.0708837604353136,-0.46612480630237235,8,8,2,0.47712125471966244,Cad_2ppm_46.xlsx
6.987826839515689,0.15418594772498254,-0.508745,0.003309834890141808,0.9834851708168475,0.15511999999999992,-0.6161747218713682,0.5835525819573852,30.80387268363093,0.14085378192185483,-0.880284,0.0,5.444262554296172,0.0,0.08636915267829925,-0.4433254866719699,8,8,2,0.47712125471966244,Cad_2ppm_47.xlsx
7.078688627836401,0.14896534092406347,-0.508745,0.003309834890141808,0.9971217923875995,0.15511999999999992,-0.6163806894446684,0.565628465588207,31.14195754264066,0.10810889452607689,-0.880284,0.0,5.487112980360997,0.0,0.09597472865749193,-0.43910002683938376,8,8,2,0.47712125471966244,Cad_2ppm_48.xlsx
6.976287506502523,0.12046399024615,-0.508745,0.003309834890141808,1.0260032153271381,0.15511999999999992,-0.8007975180282374,0.9828500580411583,30.729412542627138,0.19163027270874064,-0.880284,0.0,5.412592227680465,0.0,0.10719484199007837,-0.458804436571023,8,8,2,0.47712125471966244,Cad_2ppm_49.xlsx
8.461048265597938,0.1744438099669073,-0.508745,0.003309834890141808,1.4733324019207665,0.15511999999999992,-1.5034278155018752,2.234861396411801,28.625009328309872,0.21999510791843652,-0.8715269999999999,0.003309834890141808,5.180939194518347,0.0,0.12978190288200497,-0.5869389973376078,8,8,2,0.47712125471966244,Cad_2ppm_5.xlsx
6.935609652412522,0.12442372032521913,-0.508745,0.003309834890141808,0.987287700341141,0.15511999999999992,-0.656617314397801,0.687657744211805,30.98006329512083,0.11201177269840863,-0.880284,0.0,5.476184982440893,0.0,0.09437325380174687,-0.46613018043714227,8,8,2,0.47712125471966244,Cad_2ppm_50.xlsx
8.35478003052399,0.12642280457753863,-0.508745,0.003309834890141808,1.466338254932571,0.15511999999999992,-1.5873387893246238,2.472885579651177,29.25569249860659,0.0710287179458504,-0.8702759999999999,0.0,5.232927466701566,0.0,0.17099721470080068,-0.5634798407748186,8,8,2,0.47712125471966244,Cad_2ppm_6.xlsx
8.458213134235205,0.10437720747501614,-0.508745,0.003309834890141808,1.4814429759617962,0.15511999999999992,-1.5456623115655814,2.341447968276339,29.155881110682706,0.11328247634125914,-0.8702759999999999,0.0,5.226864803009406,0.0,0.16221994739202567,-0.5713015054060023,8,8,2,0.47712125471966244,Cad_2ppm_7.xlsx
8.1558193789412,0.13072691385662433,-0.508745,0.003309834890141808,1.4345008580171859,0.15511999999999992,-1.6390825223850802,2.675012560333255,29.42613174834505,0.09520658986662078,-0.8702759999999999,0.0,5.232556504933218,0.0,0.18372600609062117,-0.5455277512201249,8,8,2,0.47712125471966244,Cad_2ppm_8.xlsx
8.416175029441735,0.19408159399254074,-0.508745,0.003309834890141808,1.486705701800973,0.15511999999999992,-1.6342089972334037,2.6141330377310865,29.99615231975558,0.22682028410123864,-0.8702759999999999,0.0,5.291701398623026,0.0,0.21282778801699045,-0.5382411854182079,8,8,2,0.47712125471966244,Cad_2ppm_9.xlsx
12.326850142049935,0.27943986526408365,-0.700144,0.0,2.506496490156861,0.15511999999999992,-1.789640160135035,2.2930749772829766,32.36391125850918,0.19443134874421736,-0.857766,0.006619669780283569,6.001423379012419,0.0,0.22065274463100237,-0.6121030025884923,8,8,4,0.6989700043360189,Cad_4ppm_1.xlsx
14.283486598917712,0.22681558146275407,-0.691387,0.003309834890141808,2.8738954721850343,0.15511999999999992,-1.6288751907859462,1.727041266940481,36.52267444012891,0.2333489393934425,-0.8402529999999999,0.0,6.400552782097657,0.0,0.3700338091222737,-0.724973486528526,8,8,4,0.6989700043360189,Cad_4ppm_10.xlsx
14.276228888523594,0.06281078499172402,-0.691387,0.003309834890141808,2.883931830936444,0.15511999999999992,-1.6368309727932981,1.7096608628562753,36.872448193795044,0.13664811131797794,-0.8402529999999999,0.0,6.414662833811153,0.0,0.37656029711379924,-0.7166802004495392,8,8,4,0.6989700043360189,Cad_4ppm_11.xlsx
14.380382141919155,0.12250655504759388,-0.690136,0.0,2.9067596579616053,0.15511999999999992,-1.6381768200781228,1.7066096608558072,37.1340021887265,0.14608404415242676,-0.8352489999999999,0.005003999999999953,6.447064284242212,0.0,0.38254644757120204,-0.7201270787384626,8,8,4,0.6989700043360189,Cad_4ppm_12.xlsx
14.345612641012773,0.14764650409829133,-0.690136,0.0,2.8835779584987704,0.15511999999999992,-1.6256104415789996,1.6986579417892669,37.491113640656515,0.17729534234767613,-0.8377509999999999,0.004333591120537291,6.465132416055434,0.0,0.39551625336705853,-0.715161361920998,8,8,4,0.6989700043360189,Cad_4ppm_13.xlsx
14.531853917216775,0.17700867172649942,-0.690136,0.0,2.928079954470993,0.15511999999999992,-1.625781414707919,1.6925130673512756,37.79856920741788,0.21380403766109854,-0.8352489999999999,0.005003999999999953,6.490997428098339,0.0,0.4039395981241465,-0.7156175945583071,8,8,4,0.6989700043360189,Cad_4ppm_14.xlsx
14.14783437592439,0.2068790545165823,-0.69514,0.0050040000000000084,2.8155038173606295,0.15511999999999992,-1.6172278610822708,1.7589699748121734,34.72030304080083,0.07116192375492007,-0.847758375,0.006619244574298132,6.29676603254809,0.0,0.326577904302039,-0.7569482166446048,8,8,4,0.6989700043360189,Cad_4ppm_15.xlsx
13.949424246221103,0.25618321214582174,-0.696391,0.004845102166105487,2.7841797859486133,0.15511999999999992,-1.6129361819973076,1.7592049368147915,34.640965655474346,0.3174601665263331,-0.8402529999999999,0.0,6.242896285676379,0.0,0.3180715638620446,-0.7371941532181285,8,8,4,0.6989700043360189,Cad_4ppm_16.xlsx
13.913425837508985,0.1694546545563013,-0.697642,0.004333591120537338,2.783894342466696,0.15511999999999992,-1.6246098243898401,1.7687869667035638,35.1801239432449,0.22943076202806578,-0.8402529999999999,0.0,6.285393949179962,0.0,0.33365907767982633,-0.745791001374958,8,8,4,0.6989700043360189,Cad_4ppm_17.xlsx
13.930009229775397,0.0974364202334477,-0.698893,0.003309834890141808,2.7896469619279696,0.15511999999999992,-1.6330605591098433,1.8023569503145862,35.614432110055866,0.12578620381898892,-0.8402529999999999,0.0,6.29424395805164,0.0,0.35199542958586727,-0.7415005847763316,8,8,4,0.6989700043360189,Cad_4ppm_18.xlsx
14.401921713225974,0.1510565948319605,-0.698893,0.003309834890141808,2.8673553099587448,0.15511999999999992,-1.598779163736083,1.74107611492831,35.964784033202505,0.2617549771073297,-0.8402529999999999,0.0,6.3534323903099175,0.0,0.3554978127093438,-0.7415968238841488,8,8,4,0.6989700043360189,Cad_4ppm_19.xlsx
12.545263548457761,0.19191732812770346,-0.700144,0.0,2.566272094185495,0.15511999999999992,-1.7928637306247186,2.2375694620044984,32.74011148216538,0.5236358685081913,-0.860268,0.010007999999999975,6.023770243843437,0.0,0.24521350761518979,-0.6169734793991815,8,8,4,0.6989700043360189,Cad_4ppm_2.xlsx
14.349060422104941,0.09990295981504341,-0.697642,0.004333591120537338,2.856237194772583,0.15511999999999992,-1.6036945544735677,1.7428472820422076,36.39825191408725,0.13609558376267458,-0.8402529999999999,0.0,6.387332763372246,0.0,0.3679469239680423,-0.7417580562495125,8,8,4,0.6989700043360189,Cad_4ppm_20.xlsx
14.62429049581075,0.20320716539968975,-0.69514,0.0050040000000000084,2.8908075952963905,0.15511999999999992,-1.5581835783017461,1.6448453378936105,36.789414236187724,0.20903515073172516,-0.8402529999999999,0.0,6.431787179781623,0.0,0.37788820052246275,-0.748172433610378,8,8,4,0.6989700043360189,Cad_4ppm_21.xlsx
14.979389572420597,0.12511654862140523,-0.697642,0.004333591120537338,2.952258089339022,0.15511999999999992,-1.539963941064487,1.6132434513825422,36.93781772573497,0.20785838624045527,-0.8402529999999999,0.0,6.455898258228046,0.0,0.38108603016511416,-0.7505707100578991,8,8,4,0.6989700043360189,Cad_4ppm_22.xlsx
15.029432160218217,0.14277846122035584,-0.696391,0.004845102166105487,2.945616440501954,0.15511999999999992,-1.5278954173454025,1.6397712834957208,37.14701549981056,0.2988403165824418,-0.8402529999999999,0.0,6.489560766529564,0.0,0.3893291135667265,-0.7545096375911606,8,8,4,0.6989700043360189,Cad_4ppm_23.xlsx
15.971887670341772,0.2894262366118995,-0.696391,0.004845102166105487,3.134625567491555,0.15511999999999992,-1.499736747357715,1.5839260792241308,38.1009984073322,0.518111518258133,-0.8427547499999999,0.004333158107835482,6.774651911876026,0.0,0.3748323175670345,-0.7588169145569379,8,8,4,0.6989700043360189,Cad_4ppm_24.xlsx
14.593945499959377,0.16648056898277114,-0.700144,0.0,2.8703485281485066,0.15511999999999992,-1.5667748983861554,1.7656005252038391,36.97351516884916,0.11364631642222674,-0.8402529999999999,0.0,6.50315276249753,0.0,0.3696963490723778,-0.7493935779597853,8,8,4,0.6989700043360189,Cad_4ppm_25.xlsx
14.991562082467496,0.17130420944017422,-0.700144,0.0,2.9342662054831035,0.15511999999999992,-1.539142321127777,1.7145983879976443,37.33413782789046,0.08659547227541015,-0.8402529999999999,0.0,6.57384255278705,0.0,0.372548444034354,-0.7400941376195632,8,8,4,0.6989700043360189,Cad_4ppm_26.xlsx
14.782728941968756,0.31148440325854837,-0.700144,0.0,2.877471977289235,0.15511999999999992,-1.5269168371972706,1.710340361236549,36.88382668349111,0.17009789525316119,-0.8402529999999999,0.0,6.471610195581926,0.0,0.3789948082292878,-0.7438521007787329,8,8,4,0.6989700043360189,Cad_4ppm_27.xlsx
12.558934616991309,0.5115402781991004,-0.69514,0.0050040000000000084,2.5962893944304675,0.15511999999999992,-1.7805501427537138,2.1865263262194614,32.58995125454993,0.75895953477856,-0.859017,0.013646798855409257,6.136436176272806,0.0,0.20211699857018972,-0.6796745345201758,8,8,4,0.6989700043360189,Cad_4ppm_28.xlsx
10.779007341468224,0.30884183696665973,-0.696391,0.004845102166105487,2.3019550055351496,0.15511999999999992,-1.9038933750352707,2.4327307300673855,29.55100526157554,0.3652735195963435,-0.85026,0.0,5.7795240605844125,0.0,0.08763031034531517,-0.6895385111371717,8,8,4,0.6989700043360189,Cad_4ppm_29.xlsx
12.244626077205055,0.13966839925828958,-0.700144,0.0,2.504053119435023,0.15511999999999992,-1.7788573640039678,2.1525676166643137,32.54390092032373,0.14697760951924846,-0.8452565,0.00500350000000005,5.993342371685733,0.0,0.24311767307384607,-0.6670500069679368,8,8,4,0.6989700043360189,Cad_4ppm_3.xlsx
10.326920922032803,0.13473480323908565,-0.698893,0.003309834890141808,2.245834983618004,0.15511999999999992,-1.9133894067814372,2.3614286342510344,28.715835208216056,0.07248500154848052,-0.8427547499999999,0.004333158107835482,5.673586432175252,0.0,0.05502299858560923,-0.707994318699656,8,8,4,0.6989700043360189,Cad_4ppm_30.xlsx
10.2904464766955,0.1871392692599922,-0.697642,0.004333591120537338,2.2451019160224455,0.15511999999999992,-1.9274182292449473,2.4163232237137175,28.971891433008622,0.06867391710316312,-0.8415038749999999,0.003309504171227953,5.68189400577576,0.0,0.07302369162823968,-0.7143060091082349,8,8,4,0.6989700043360189,Cad_4ppm_31.xlsx
10.454433422235722,0.12801718728440573,-0.697642,0.004333591120537338,2.2572433896311477,0.15511999999999992,-1.9053316517665375,2.348964570185136,29.20744430977178,0.08317860883974147,-0.8402529999999999,0.0,5.691933137865563,0.0,0.09984544810677382,-0.7369751579647891,8,8,4,0.6989700043360189,Cad_4ppm_32.xlsx
10.70140380340455,0.08281046549901186,-0.692638,0.004333591120537338,2.3087541927860435,0.15511999999999992,-1.8901816839239705,2.291911104864754,29.946403914312732,0.2276373044486116,-0.8402529999999999,0.0,5.765972493394425,0.0,0.1361207644798561,-0.7554995969104361,8,8,4,0.6989700043360189,Cad_4ppm_33.xlsx
10.892633261580055,0.12351841168364401,-0.692638,0.004333591120537338,2.371858253775964,0.15511999999999992,-1.8981464316238543,2.3001158728636173,30.755761550333652,0.1894622693519175,-0.8402529999999999,0.0,5.845315459089189,0.0,0.15987421983200484,-0.7476661458705074,8,8,4,0.6989700043360189,Cad_4ppm_34.xlsx
11.057281787549572,0.08575908024620726,-0.690136,0.0,2.4192185242843225,0.15511999999999992,-1.8802240088329865,2.1930038181356935,31.322277139926005,0.22364758159595288,-0.8402529999999999,0.0,5.911934741715206,0.0,0.1721662368541338,-0.7492484214642705,8,8,4,0.6989700043360189,Cad_4ppm_35.xlsx
12.33285414154939,0.18487477261493931,-0.691387,0.003309834890141808,2.6177127007087426,0.15511999999999992,-1.8006657424515875,2.000838992295714,32.70842022876529,0.1404570439612785,-0.8402529999999999,0.0,6.104830580322511,0.0,0.21998144870191016,-0.7757271918754939,8,8,4,0.6989700043360189,Cad_4ppm_36.xlsx
12.20786144673518,0.22965072355990396,-0.690136,0.0,2.6363118908834657,0.15511999999999992,-1.8173594491581644,1.964591717723354,32.88566697603261,0.1462945951408208,-0.8390019999999999,0.0033098348901417717,6.125454635679715,0.0,0.20944258608671568,-0.7711946656672435,8,8,4,0.6989700043360189,Cad_4ppm_37.xlsx
12.334899618492933,0.14659218691364787,-0.690136,0.0,2.6642380465257447,0.15511999999999992,-1.81142455004822,1.9380090708482214,33.459197015480655,0.09780806092090724,-0.8327469999999999,0.004333591120537291,6.190385998416868,0.0,0.22296831529109334,-0.782626549698014,8,8,4,0.6989700043360189,Cad_4ppm_38.xlsx
12.393936996996722,0.14324516500301446,-0.690136,0.0,2.6535968936785506,0.15511999999999992,-1.8022768215901726,1.9502751898387851,33.87216794118412,0.0769069970317688,-0.833998,0.004845102166105433,6.216158363969043,0.0,0.24873047354317906,-0.7839361441694924,8,8,4,0.6989700043360189,Cad_4ppm_39.xlsx
12.304573013528106,0.08522562175912353,-0.700144,0.0,2.5141603016499117,0.15511999999999992,-1.7663534928005844,2.1059159250913657,32.95452937941915,0.24453953086527772,-0.8402529999999999,0.0,6.008377120260685,0.0,0.2553132416610774,-0.6907013440142524,8,8,4,0.6989700043360189,Cad_4ppm_4.xlsx
12.529861159943152,0.18411470287451615,-0.690136,0.0,2.686128139186783,0.15511999999999992,-1.810087212981982,2.00173972078224,34.23745352383202,0.06776157538199211,-0.8377509999999999,0.004333591120537291,6.238211333875174,0.0,0.27271854829731706,-0.773815996881597,8,8,4,0.6989700043360189,Cad_4ppm_40.xlsx
12.834562984825904,0.22448589247084294,-0.690136,0.0,2.751398019363722,0.15511999999999992,-1.824266538612414,2.063388968378794,35.22624986042564,0.11438949963225467,-0.8402529999999999,0.0,6.3403322235126405,0.0,0.29135123110927413,-0.7400507396708924,8,8,4,0.6989700043360189,Cad_4ppm_41.xlsx
12.404768398962808,0.18927787334964508,-0.690136,0.0,2.6880658840576905,0.15511999999999992,-1.8343127055756834,2.044352544511036,34.40768179452106,0.10048560222923981,-0.8339979999999999,0.004845102166105433,6.265235546626355,0.0,0.26370696258741966,-0.7637083373930784,8,8,4,0.6989700043360189,Cad_4ppm_42.xlsx
13.830484518073558,0.26462371612295954,-0.690136,0.0,2.9203138167427025,0.15511999999999992,-1.768433152916064,1.9433847503067723,35.98941675448228,0.18926590206812163,-0.8390019999999999,0.0033098348901417717,6.541027943867981,0.0,0.2912957877933587,-0.7736330836192398,8,8,4,0.6989700043360189,Cad_4ppm_43.xlsx
13.13193152926133,0.2612853205930972,-0.691387,0.003309834890141808,2.804423167086802,0.15511999999999992,-1.80965351235835,2.0285994102581775,35.43037905167293,0.13852054069250067,-0.8364999999999999,0.004845102166105433,6.430231107692654,0.0,0.28065923412233384,-0.7733282833276733,8,8,4,0.6989700043360189,Cad_4ppm_44.xlsx
14.419053056561111,0.28083836166462733,-0.690136,0.0,3.013750288430482,0.15511999999999992,-1.7227792390025058,1.8595367505563778,36.28608052155479,0.2502978202744511,-0.8402529999999999,0.0,6.601223357602569,0.0,0.3040004705268345,-0.7857851428914946,8,8,4,0.6989700043360189,Cad_4ppm_45.xlsx
13.439395603079873,0.20801789939996734,-0.690136,0.0,2.8597144684132036,0.15511999999999992,-1.798911107779304,2.0142399005523446,35.70823476042112,0.07147883278830024,-0.8390019999999999,0.0033098348901417717,6.503220089089048,0.0,0.28124914402045165,-0.7752162077732133,8,8,4,0.6989700043360189,Cad_4ppm_46.xlsx
13.586222152187014,0.20905911989870277,-0.690136,0.0,2.882386366419044,0.15511999999999992,-1.7880499873092772,1.9736928957394233,36.10411804477809,0.09820692828528482,-0.8390019999999999,0.0033098348901417717,6.509920282306322,0.0,0.29998178768282896,-0.773703660722509,8,8,4,0.6989700043360189,Cad_4ppm_47.xlsx
13.539853190796324,0.20426983828708986,-0.690136,0.0,2.8853152149808663,0.15511999999999992,-1.7883701818507716,1.945172476000995,36.02664276989082,0.08783947736533615,-0.831496,0.0033098348901417717,6.497107842759147,0.0,0.29409665790765216,-0.7903125045486326,8,8,4,0.6989700043360189,Cad_4ppm_48.xlsx
14.454484065643001,0.2987608382159163,-0.690136,0.0,2.9974398386676486,0.15511999999999992,-1.69963300898567,1.8200915780838813,36.193819023205215,0.2341277033266632,-0.8402529999999999,0.0,6.572618829568688,0.0,0.3105567137773244,-0.8079442263883825,8,8,4,0.6989700043360189,Cad_4ppm_49.xlsx
12.5188716320346,0.106704577000218,-0.69514,0.0050040000000000084,2.5862503212055277,0.15511999999999992,-1.7922739971106545,2.2296788010180255,33.521771344489515,0.38725948430434176,-0.860268,0.010007999999999975,6.110759262373916,0.0,0.2723760166370881,-0.6038025761888925,8,8,4,0.6989700043360189,Cad_4ppm_5.xlsx
14.128476715074818,0.22752248782915263,-0.690136,0.0,2.945790987366836,0.15511999999999992,-1.731599172032806,1.9098410461594553,35.879653765945115,0.1515897526295445,-0.8402529999999999,0.0,6.515516181641234,0.0,0.30454532550131574,-0.7927030441638122,8,8,4,0.6989700043360189,Cad_4ppm_50.xlsx
12.653878792518906,0.15909103347343392,-0.696391,0.004845102166105487,2.610249677038387,0.15511999999999992,-1.7753734697594128,2.106193999572165,33.735624782039096,0.14793392034478095,-0.8427547499999999,0.004333158107835482,6.1769896792976136,0.0,0.2718791676610269,-0.6999397508540048,8,8,4,0.6989700043360189,Cad_4ppm_6.xlsx
12.77556604861108,0.23652167776434302,-0.696391,0.004845102166105487,2.6166502635093973,0.15511999999999992,-1.7431751605163424,2.0017507669416217,34.238896067113046,0.37962262104469463,-0.8402529999999999,0.0,6.171623031156917,0.0,0.29531027437772617,-0.7166540356729996,8,8,4,0.6989700043360189,Cad_4ppm_7.xlsx
14.036508013744555,0.24703320369781226,-0.692638,0.004333591120537338,2.829739813465288,0.15511999999999992,-1.6637342807737234,1.8566249291046364,35.61892575721947,0.2744708883061966,-0.8402529999999999,0.0,6.370282823651435,0.0,0.3306550658959637,-0.7253699348371236,8,8,4,0.6989700043360189,Cad_4ppm_8.xlsx
14.279521116874061,0.18747474909076667,-0.690136,0.0,2.8638009983866954,0.15511999999999992,-1.6279247422378926,1.7385491512702202,35.97228225086124,0.30323656540085275,-0.8402529999999999,0.0,6.381930667971297,0.0,0.34269317369279995,-0.7369024152593331,8,8,4,0.6989700043360189,Cad_4ppm_9.xlsx
7.900296859379477,0.4842552475984167,-0.6726219999999999,0.004333591120537338,1.3654813790268991,0.18139099999999997,-1.227465617142896,2.1217831522661754,32.84168209091809,0.340533150715146,-0.880284,0.0,6.2053234605768015,0.0,-0.004436269504971792,-0.6736560227559817,8,8,6,0.8450980400142568,Cad_6ppm_1.xlsx
7.313776041702708,0.19568713784111003,-0.677626,0.004333591120537338,1.2781105681447664,0.1801402857142857,-1.570406622572587,3.466877226134829,36.686373892397164,0.26559232293712015,-0.879033,0.003309834890141808,6.570572582857785,0.0,0.13767819152108926,-0.5171082448072502,8,8,6,0.8450980400142568,Cad_6ppm_10.xlsx
7.116035527182505,0.14395702552585612,-0.6701199999999999,0.0,1.1793239564453089,0.16888199999999998,-1.3669086864958357,2.980548108708631,37.32341903596229,0.5577418593954017,-0.8715269999999999,0.003309834890141808,6.615185726278685,0.0,0.188572444149057,-0.4728096159921743,8,8,6,0.8450980400142568,Cad_6ppm_11.xlsx
6.780497635822479,0.21098490982438423,-0.6701199999999999,0.0,1.1255230749688856,0.17138374999999997,-1.345292850956318,2.8632561428169208,35.5538761915945,0.7582744329027632,-0.876531,0.004845102166105487,6.358308393972576,0.0,0.15501878575764763,-0.5063257141801546,8,8,6,0.8450980400142568,Cad_6ppm_12.xlsx
7.169459268163749,0.21861394528596226,-0.6701199999999999,0.0,1.164635119894616,0.17013299999999998,-1.2079098468091547,2.4243263590376847,36.70002731418198,0.7494925024405994,-0.8715269999999999,0.003309834890141808,6.507062306261348,0.0,0.19165777462399358,-0.4797609155987958,8,8,6,0.8450980400142568,Cad_6ppm_13.xlsx
6.908237715927099,0.13490257205215456,-0.677626,0.004333591120537338,1.1722000955918084,0.1701328571428571,-1.512333522644651,3.4529414544365986,37.29416047825124,0.76994534162431,-0.879033,0.003309834890141808,6.569563544892121,0.0,0.186112216909339,-0.4787512037045611,8,8,6,0.8450980400142568,Cad_6ppm_14.xlsx
7.211133387391742,0.19725595167334883,-0.6701199999999999,0.0,1.1502383160463592,0.15136799999999995,-1.2326051175321147,2.6753194172253876,38.97619861084955,0.7274358243488853,-0.8702759999999999,0.0,6.761468222522053,0.0,0.2531480628025254,-0.41627263972154543,8,8,6,0.8450980400142568,Cad_6ppm_15.xlsx
7.212426237725438,0.28390332242824373,-0.6701199999999999,0.0,1.1469798455455393,0.15512099999999995,-1.1898236340790729,2.4742124452382876,38.4440960803481,0.9602822538531453,-0.8727779999999999,0.004333591120537338,6.660966846113009,0.0,0.25942478211076925,-0.4221861220896576,8,8,6,0.8450980400142568,Cad_6ppm_16.xlsx
7.098070668501979,0.18045475899040425,-0.508745,0.003309834890141808,1.4502895292127924,0.15511999999999992,-2.5996643587373836,6.290727963794168,38.93103454821427,1.5224497373435566,-0.882786,0.004333591120537338,6.158733366236525,0.0,0.41108343975546524,0.017657568613662522,8,8,6,0.8450980400142568,Cad_6ppm_17.xlsx
6.673269713722042,0.12239980977063153,-0.508745,0.003309834890141808,1.3950583909550547,0.15511999999999992,-2.719903525127373,6.933036201401912,39.74772108089824,1.0650024082090173,-0.880284,0.0,6.2169498374687855,0.0,0.480787750025982,0.04355562804190455,8,8,6,0.8450980400142568,Cad_6ppm_18.xlsx
6.61747205348124,0.13392304954680154,-0.508745,0.003309834890141808,1.4258561815429205,0.15511999999999992,-2.704323433243018,6.847212763461794,41.18976938668827,1.097061831314856,-0.880284,0.0,6.313685226205577,0.0,0.5623266958464364,0.09817262974822388,8,8,6,0.8450980400142568,Cad_6ppm_19.xlsx
7.1866266094155495,0.21693508032177145,-0.678877,0.003309834890141808,1.174232917439208,0.17013199999999995,-1.0505045031271547,1.762645767406383,31.46345794087751,0.5076563732627408,-0.880284,0.0,5.974254888261024,0.0,-0.028305666305769604,-0.6386846209882202,8,8,6,0.8450980400142568,Cad_6ppm_2.xlsx
12.82674662454001,0.4615169518423619,-0.606321,0.004845102166105487,2.9018345397811327,0.15511999999999992,-1.825301091497439,1.9112284344693542,36.91130170523087,1.3431861288911289,-0.857766,0.006619669780283569,6.508918328259401,0.0,0.3582498424662901,-0.6650310266368741,8,8,6,0.8450980400142568,Cad_6ppm_20.xlsx
14.323451702714614,0.4440877580500185,-0.610074,0.0,3.1856825565963582,0.15511999999999992,-1.7854692920084316,1.7724320380702108,40.22903942287603,0.6223032787017535,-0.85026,0.0,6.876859065722494,0.0,0.4369371806751797,-0.6715336615479024,8,8,6,0.8450980400142568,Cad_6ppm_21.xlsx
16.080444249332572,0.45283168600994445,-0.600066,0.0,3.4965437055966184,0.15511999999999992,-1.6420299365747955,1.2529485727928709,42.21461188388342,0.5303086033453837,-0.8402529999999999,0.0,7.1622128724017475,0.0,0.44504862632807274,-0.7331816516008551,8,8,6,0.8450980400142568,Cad_6ppm_22.xlsx
6.42716230941558,0.11258686945658278,-0.508745,0.003309834890141808,1.2475414511118337,0.15511999999999992,-2.5521104202754,6.358380735909993,37.87941336643665,1.7801499133044387,-0.880284,0.0,6.080078516622745,0.0,0.38802128505308764,-0.12333723443191613,8,8,6,0.8450980400142568,Cad_6ppm_23.xlsx
6.078027684938674,0.1292137335484579,-0.508745,0.003309834890141808,1.2306550811995889,0.15511999999999992,-2.6979290922862402,7.09934141003689,41.69258406635099,0.6831507343797768,-0.880284,0.0,6.373698438999622,0.0,0.5694078632147404,0.09203513827399218,8,8,6,0.8450980400142568,Cad_6ppm_24.xlsx
7.603490127065296,0.11758280956844733,-0.508745,0.003309834890141808,1.441185689701591,0.15511999999999992,-2.2521054053193694,4.947426816594218,37.27743291530932,1.4829981204387752,-0.882786,0.004333591120537338,6.013881641067117,0.0,0.3660501003018588,-0.13149744509933348,8,8,6,0.8450980400142568,Cad_6ppm_25.xlsx
7.6091032673656205,0.13391477729085385,-0.508745,0.003309834890141808,1.524301288011121,0.15511999999999992,-2.4022513912082912,5.423563284185785,39.822828720319244,0.6314284321028681,-0.880284,0.0,6.285002871779877,0.0,0.4963163458375328,-0.0585574006368238,8,8,6,0.8450980400142568,Cad_6ppm_26.xlsx
7.517261547330444,0.14301830441427654,-0.508745,0.003309834890141808,1.5690755896028632,0.15511999999999992,-2.4160624869327783,5.468887406457322,41.350094882927465,0.7021217206123507,-0.880284,0.0,6.401344947203485,0.0,0.575637895583907,0.003113349673718735,8,8,6,0.8450980400142568,Cad_6ppm_27.xlsx
7.683478055636698,0.11567741638608635,-0.6188303749999999,0.04515647428923535,1.6293646209630577,0.15511999999999992,-2.3995506464182883,5.442415545838622,43.59388122706075,0.6258113455929538,-0.880284,0.0,6.5859890808301085,0.0,0.6626071360282975,0.10217673101731134,8,8,6,0.8450980400142568,Cad_6ppm_28.xlsx
7.581546970400404,0.09260626929188397,-0.6138263749999999,0.04302686141510179,1.6210839853464099,0.15511999999999992,-2.477396193413747,5.780579393906006,44.24192044303749,0.6650131902142653,-0.879033,0.003309834890141808,6.618072815399904,0.0,0.6972246101941265,0.12395546986333678,8,8,6,0.8450980400142568,Cad_6ppm_29.xlsx
7.617701639024133,0.04494724703496811,-0.6701199999999999,0.0,1.2482887437032681,0.17013199999999995,-1.0633823955079962,1.7833714059793575,32.59087671729796,0.25924546734023807,-0.880284,0.0,6.128878219392898,0.0,0.010825259280123312,-0.6255554332836158,8,8,6,0.8450980400142568,Cad_6ppm_3.xlsx
8.78144586408276,0.33405022138138357,-0.6275872499999999,0.0043331581078354334,1.8317994718951254,0.15511999999999992,-2.287964783322367,4.994397678292685,48.697296035908145,0.24642860973480965,-0.874029,0.004845102166105487,7.103637796421982,0.0,0.7834343256847291,0.21414780149525625,8,8,6,0.8450980400142568,Cad_6ppm_30.xlsx
12.411421179675644,13.23953244300262,-0.5237566250000001,0.040323148298891234,1.9001793188973126,0.15511999999999992,-2.1517752436164206,5.311763143746845,43.124887953611974,2.386948054878067,-0.87528,0.0050040000000000084,6.812379431649683,0.0,0.5302539904589433,-0.062247238806557526,8,8,6,0.8450980400142568,Cad_6ppm_31.xlsx
7.263882424621211,0.09520505716804734,-0.508745,0.003309834890141808,1.4762885059930684,0.15511999999999992,-2.4253467462140255,5.407598499062545,37.633178706939916,1.6389223673766473,-0.880284,0.0,6.118053262307743,0.0,0.4205302917026642,-0.23004450792740483,8,8,6,0.8450980400142568,Cad_6ppm_32.xlsx
7.190677475189396,0.0922939605167403,-0.508745,0.003309834890141808,1.4859803066433295,0.15511999999999992,-2.485236343193276,5.646391732982425,39.088697672758826,1.6653227809865385,-0.880284,0.0,6.250375810738161,0.0,0.4691717924379931,-0.1646083617264235,8,8,6,0.8450980400142568,Cad_6ppm_33.xlsx
7.0770111738861825,0.10688739071085732,-0.508745,0.003309834890141808,1.4502397450058795,0.15511999999999992,-2.486352292246836,5.720961512896305,38.39862356336578,1.4535922455825034,-0.879033,0.003309834890141808,6.174414974955127,0.0,0.46770701809538356,-0.1954756279730242,8,8,6,0.8450980400142568,Cad_6ppm_34.xlsx
6.885815723967354,0.10464896698762301,-0.508745,0.003309834890141808,1.466905430847656,0.15511999999999992,-2.613442281978198,6.265635489448401,40.358618982512596,1.2607063937532914,-0.8715269999999999,0.003309834890141808,6.326566537779437,0.0,0.5636288259344584,-0.1203655548185582,8,8,6,0.8450980400142568,Cad_6ppm_35.xlsx
6.599826289272174,0.06647380059502075,-0.5362665,0.04849858437882492,1.4724712141975502,0.15511999999999992,-2.7261999918494055,6.845098298343072,42.70533910001801,1.0695693341168766,-0.8702759999999999,0.0,6.474819512445899,0.0,0.6669335589439329,-0.00590281575933016,8,8,6,0.8450980400142568,Cad_6ppm_36.xlsx
6.354438738483047,0.15511923638044714,-0.508745,0.003309834890141808,1.3880130027496258,0.15511999999999992,-2.7684447919959965,7.097777139327533,41.679426786602605,1.3778554007190418,-0.8702759999999999,0.0,6.411192195517003,0.0,0.6186450204213538,-0.05516266205320097,8,8,6,0.8450980400142568,Cad_6ppm_37.xlsx
6.465853810457219,0.112066080546856,-0.623834625,0.004844618043187197,1.4333493069462242,0.15511999999999992,-2.7790253392821933,7.3083992918666825,45.467225154617566,0.5799116386351382,-0.8702759999999999,0.0,6.692616619359722,0.0,0.7506465795195224,0.13953019710050701,8,8,6,0.8450980400142568,Cad_6ppm_38.xlsx
6.829732687360179,0.06023486139842108,-0.6275872499999999,0.0043331581078354334,1.4549073606915364,0.15511999999999992,-2.7153999465353253,7.223800661689996,48.29995260991157,0.3975263282113567,-0.8702759999999999,0.0,6.856570888082671,0.0,0.8621659798394908,0.29826665680434955,8,8,6,0.8450980400142568,Cad_6ppm_39.xlsx
7.593253444705951,0.051440975917733445,-0.6701199999999999,0.0,1.234040045795242,0.17013199999999995,-1.045743770155648,1.7473097232704125,32.88282151627433,0.27554979890928716,-0.877782,0.004333591120537338,6.158570638219494,0.0,0.02667609905206584,-0.607796529419419,8,8,6,0.8450980400142568,Cad_6ppm_4.xlsx
7.3960615743776685,0.16530599493001838,-0.6288381249999999,0.003309504171227916,1.5328580935837102,0.15511999999999992,-2.59960612862134,6.7885049911803215,50.61339298466808,0.38664619033602976,-0.8702759999999999,0.0,7.066732089009486,0.0,0.9112169782389619,0.3813860006336495,8,8,6,0.8450980400142568,Cad_6ppm_40.xlsx
5.821021223710314,0.17098015782477216,-0.5362663750000001,0.07336072559949483,1.2526927478525471,0.15511999999999992,-2.8980224998983832,7.977717264823597,41.36506085365257,1.7920824379047395,-0.880284,0.0,6.4115960718748815,0.0,0.5827644473493321,-0.053973004410397096,8,8,6,0.8450980400142568,Cad_6ppm_41.xlsx
7.2004201475739205,0.10269409648529909,-0.6288381249999999,0.003309504171227916,1.4857519296653425,0.15511999999999992,-2.6449566458339056,7.1400159416120434,51.853699201668434,0.4432081714148394,-0.8715269999999999,0.003309834890141808,7.115092693550629,0.0,0.9656940101424976,0.47004068372942204,8,8,6,0.8450980400142568,Cad_6ppm_42.xlsx
5.808920472993294,0.08152779589077612,-0.648854125,0.04705697754169274,1.2863804428567986,0.15511999999999992,-2.897722717990467,8.17964931339788,45.977801700622265,0.49658250225651945,-0.87528,0.0050040000000000084,6.69691449671061,0.0,0.788824551970918,0.2263623169610839,8,8,6,0.8450980400142568,Cad_6ppm_43.xlsx
6.402766759307326,0.12187959542495169,-0.620082,0.0,1.351650055221763,0.15511999999999992,-2.7797326911588374,7.780412546935231,48.99262454942277,0.5295910416495081,-0.8727779999999999,0.004333591120537338,6.90634023494792,0.0,0.889046789698553,0.3651398548376833,8,8,6,0.8450980400142568,Cad_6ppm_44.xlsx
6.632318785822479,0.04400423144534867,-0.626336375,0.004844618043187197,1.3750242751397193,0.15511999999999992,-2.72861010064283,7.679990372644976,51.325229201853325,0.3993943961789297,-0.87528,0.0050040000000000084,7.047713733060169,0.0,0.966188313435624,0.4791597872086476,8,8,6,0.8450980400142568,Cad_6ppm_45.xlsx
7.8378360916035,0.1486979939573638,-0.630089,0.0,1.5674508302121346,0.15511999999999992,-2.4811110378434944,6.51818209009127,53.80179860647092,0.32890716418733756,-0.8702759999999999,0.0,7.302422909870344,0.0,0.9934078872688823,0.5206130074633815,8,8,6,0.8450980400142568,Cad_6ppm_46.xlsx
7.114943222095928,0.12596872654268887,-0.6275872499999999,0.0043331581078354334,1.4166820414808137,0.15511999999999992,-2.5677059948289314,7.120140260704666,53.30611010303476,0.34184422215906124,-0.8702759999999999,0.0,7.2312629037009,0.0,1.0004398492323396,0.5487318194897122,8,8,6,0.8450980400142568,Cad_6ppm_47.xlsx
7.556551196942603,0.06110637363356684,-0.6250855,0.005003499999999994,1.4653122321845284,0.15511999999999992,-2.438977181166911,6.658739605893456,55.296820479622056,0.28886933864237985,-0.8715269999999999,0.003309834890141808,7.391762855762964,0.0,1.0443675337310396,0.6310156491354524,8,8,6,0.8450980400142568,Cad_6ppm_48.xlsx
7.140466588171865,0.10614849555726637,-0.626336375,0.004844618043187197,1.4120604667366417,0.15511999999999992,-2.545174806240161,7.1176949068670625,55.35772531001077,0.38061723017446186,-0.880284,0.0,7.322977396136424,0.0,1.0681178810865135,0.6666492494715598,8,8,6,0.8450980400142568,Cad_6ppm_49.xlsx
7.970913122600977,0.0968282246779971,-0.6701199999999999,0.0,1.3008318283562523,0.16888112499999997,-1.0368785045086977,1.6783599404337637,33.60004257436417,0.3328949857874047,-0.874029,0.004845102166105487,6.258128692379943,0.0,0.04866679910879942,-0.6033092481537167,8,8,6,0.8450980400142568,Cad_6ppm_5.xlsx
7.864811904207252,0.09633731128975108,-0.508745,0.003309834890141808,1.5430906924893288,0.15511999999999992,-2.203381860909678,4.483600904316522,37.86504001663958,1.4829986714655214,-0.876531,0.004845102166105487,6.036961001044194,0.0,0.4720928133987819,-0.14879465735504316,8,8,6,0.8450980400142568,Cad_6ppm_50.xlsx
8.066915952056242,0.0789144927214261,-0.6701199999999999,0.0,1.3218444836322003,0.16012499999999996,-1.054707708308705,1.7435548025425622,34.17075693344605,0.20769632237635421,-0.8715269999999999,0.003309834890141808,6.332193730693381,0.0,0.06164684007555858,-0.5895954148982401,8,8,6,0.8450980400142568,Cad_6ppm_6.xlsx
7.61639365980336,0.3121637384658463,-0.6726219999999999,0.004333591120537338,1.3357410163305445,0.18889649999999997,-1.390585976986316,2.687162845600553,34.56072973256673,0.05935806394619129,-0.880284,0.0,6.338029939785853,0.0,0.07385907280390962,-0.5773445905123444,8,8,6,0.8450980400142568,Cad_6ppm_7.xlsx
6.915682504283879,0.025461701536061705,-0.6701199999999999,0.0,1.197640214192187,0.18014024999999997,-1.3499661595450894,2.6022237185533035,33.112645626176935,0.43999163496935284,-0.880284,0.0,6.126512628748926,0.0,0.04702447454267433,-0.6032722299351078,8,8,6,0.8450980400142568,Cad_6ppm_8.xlsx
6.820872477200545,0.11278076335292593,-0.6701199999999999,0.0,1.1131531682846594,0.16012499999999996,-1.1259956483873195,2.044755118877382,33.41880115994316,0.47221414109528964,-0.876531,0.004845102166105487,6.139558563723073,0.0,0.0807729877461387,-0.566235834504211,8,8,6,0.8450980400142568,Cad_6ppm_9.xlsx
35.45279022456698,2.9634844146505026,-0.6738729999999999,0.004845102166105487,6.308894880281178,0.18014033333333332,-1.2144180511618037,1.7643121992564827,105.50841220128063,9.266316172985597,-0.8627699999999999,0.004333591120537338,20.931429333464685,0.0,0.098403873691164,-1.3068678986574995,8,8,8,0.9542425094393249,Cad_8ppm_1.xlsx
18.99647999200931,0.3375800036175537,-0.681379,0.003309834890141808,2.953444242721826,0.15011599999999992,-0.47304965995702464,-0.03955100401812378,60.29944630395017,0.15427050192677239,-0.8702759999999999,0.0,10.935335012842064,0.0,0.05429065497195683,-0.9657675938545026,8,8,8,0.9542425094393249,Cad_8ppm_10.xlsx
17.606008461291424,0.21017931729062492,-0.690136,0.0,2.7357820714147367,0.1476139999999999,-0.4972367599366623,0.07571404284388822,58.467192334442565,0.08059419902604202,-0.8702759999999999,0.0,10.714592303923137,0.0,0.03365709766301026,-0.9851793842546224,8,8,8,0.9542425094393249,Cad_8ppm_11.xlsx
17.68182634356054,0.13674574917157248,-0.690136,0.0,2.7672915658166444,0.14886499999999991,-0.5288228792153301,0.1590026565894055,57.824380639447995,0.24923265132180789,-0.8702759999999999,0.0,10.702306134059135,0.0,0.01625393866482383,-1.0237725998931064,8,8,8,0.9542425094393249,Cad_8ppm_12.xlsx
17.05136879970232,0.11270912380335342,-0.690136,0.0,2.6647504629945207,0.14886499999999991,-0.5378980787183791,0.19122866993667104,56.61682392693898,0.14181150126478426,-0.8702759999999999,0.0,10.53183924772388,0.0,0.002789174716030856,-1.0356540573639044,8,8,8,0.9542425094393249,Cad_8ppm_13.xlsx
20.016810603634507,1.3365485561750676,-0.691387,0.003309834890141808,2.6803141056150714,0.1413592499999999,-0.0009101973381231698,-1.1378550497552367,46.768436270932504,1.683752403506872,-0.874029,0.004845102166105487,9.007870198070576,0.0,-0.016214488683234406,-1.1434345148515912,8,8,8,0.9542425094393249,Cad_8ppm_14.xlsx
20.016810603634507,1.3365485561750676,-0.691387,0.003309834890141808,2.6803141056150714,0.1413592499999999,-0.0009101973381231698,-1.1378550497552367,46.768436270932504,1.683752403506872,-0.874029,0.004845102166105487,9.007870198070576,0.0,-0.016214488683234406,-1.1434345148515912,8,8,8,0.9542425094393249,Cad_8ppm_15.xlsx
21.86706447441371,1.744913427021198,-0.686383,0.004845102166105487,2.9815476114265858,0.14761424999999992,-0.06256897374113538,-1.149165872834865,48.83848162821065,1.451853571115107,-0.880284,0.0,9.27907715319173,0.0,0.026986256447863344,-1.2040154492382986,8,8,8,0.9542425094393249,Cad_8ppm_16.xlsx
20.311093978679594,0.985098225080013,-0.687634,0.006619669780283616,2.7876213407637653,0.15011612499999993,-0.07716818283426291,-1.2138346882792233,47.57212466952106,1.5340261682579337,-0.880284,0.0,8.993048177560752,0.0,0.04469857203884803,-1.214932813857578,8,8,8,0.9542425094393249,Cad_8ppm_17.xlsx
18.520091975008956,0.06467546599804118,-0.68263,0.004333591120537338,2.74058223273323,0.15762199999999993,-0.2556074445433195,-0.9920947238646388,49.02052981255407,1.028662102707033,-0.87528,0.0050040000000000084,9.605888269313404,0.0,0.012465301502262435,-1.2878362050403003,8,8,8,0.9542425094393249,Cad_8ppm_18.xlsx
18.530467446590837,0.14119692420763727,-0.680128,0.0,2.792117575872216,0.16012399999999993,-0.3245068078307559,-0.7950002210871145,51.43277742700212,0.881001621950818,-0.8702759999999999,0.0,10.070617607956061,0.0,0.014148030679280495,-1.294507351310244,8,8,8,0.9542425094393249,Cad_8ppm_19.xlsx
25.776060646428487,2.6177383315164326,-0.693889,0.004845102166105487,4.067988571053114,0.16387724999999995,-0.630083843315338,0.43129992704137293,65.25602163875354,4.139948240655415,-0.8202375,0.04065182653645467,13.782656255313897,0.0,-0.13226626199304936,-1.2576250058049556,8,8,8,0.9542425094393249,Cad_8ppm_2.xlsx
18.731194362418766,0.11442353649420904,-0.680128,0.0,2.8406590398836706,0.15887299999999993,-0.35132184703542013,-0.6779778722488119,53.25459310609211,0.684207179980379,-0.8702759999999999,0.0,10.31260699708484,0.0,0.02174411921037164,-1.2887601129680726,8,8,8,0.9542425094393249,Cad_8ppm_20.xlsx
18.936583772591927,0.11738790197433314,-0.680128,0.0,2.858069747142861,0.15762199999999993,-0.3285038252107778,-0.6915310763737226,53.9846465748827,0.5624343688903314,-0.8702759999999999,0.0,10.345151276442293,0.0,0.03502566933059412,-1.2761169283070437,8,8,8,0.9542425094393249,Cad_8ppm_21.xlsx
18.653605905916237,0.14871954558528225,-0.680128,0.0,2.835290697337979,0.15762199999999993,-0.3471411894904671,-0.6119785173588685,54.3036655572871,0.448203806159034,-0.8702759999999999,0.0,10.41207181432594,0.0,0.03453739331096742,-1.266811192503666,8,8,8,0.9542425094393249,Cad_8ppm_22.xlsx
18.44808687652411,0.11870690472160238,-0.68263,0.004333591120537338,2.8118361533998013,0.15637099999999993,-0.34960168451221674,-0.575268432560964,54.520895860376015,0.39314654506761154,-0.8702759999999999,0.0,10.414902292613657,0.0,0.03806936333039732,-1.2556978251340816,8,8,8,0.9542425094393249,Cad_8ppm_23.xlsx
18.26417144491336,0.2101702547130123,-0.690136,0.0,2.778846680345415,0.15011599999999992,-0.3486104761149782,-0.526025059909216,55.07469466281561,0.560266246139267,-0.8702759999999999,0.0,10.42656011650472,0.0,0.04174511630443357,-1.2357439391071088,8,8,8,0.9542425094393249,Cad_8ppm_24.xlsx
18.802168752371877,0.11189842647365639,-0.690136,0.0,2.8416815433850164,0.15011599999999992,-0.3322276294313054,-0.5334641979554378,56.29007101056091,0.40399885077639286,-0.8702759999999999,0.0,10.503601454834913,0.0,0.05013719151119388,-1.2201367877929528,8,8,8,0.9542425094393249,Cad_8ppm_25.xlsx
18.34886275235383,0.09353836975444206,-0.690136,0.0,2.746439295985607,0.15011599999999992,-0.31151879022856294,-0.553627637736021,55.99650924967527,0.17903869476411613,-0.8702759999999999,0.0,10.403866469029929,0.0,0.05412843182677285,-1.1977779759841087,8,8,8,0.9542425094393249,Cad_8ppm_26.xlsx
17.796812311859604,0.13314660475559653,-0.690136,0.0,2.655281215527464,0.15011599999999992,-0.30673748718452926,-0.5439995929234971,55.341140923115006,0.09395120691283546,-0.8702759999999999,0.0,10.287960436036393,0.0,0.05658126374211461,-1.1838099045313175,8,8,8,0.9542425094393249,Cad_8ppm_27.xlsx
17.33208162272721,0.13585693109567845,-0.700144,0.0,2.571116418893933,0.15011599999999992,-0.2995095921433653,-0.5444439276294534,54.400568041468176,0.06320385650691387,-0.8702759999999999,0.0,10.139649975012563,0.0,0.054101553445384074,-1.1736867789479666,8,8,8,0.9542425094393249,Cad_8ppm_28.xlsx
16.77929353554287,0.0606223038872894,-0.700144,0.0,2.4675887367267118,0.14886499999999991,-0.2955279034198708,-0.5167597689667374,53.72100488979972,0.1727321314949685,-0.8702759999999999,0.0,10.018970123003996,0.0,0.050369620733550606,-1.1569462979073348,8,8,8,0.9542425094393249,Cad_8ppm_29.xlsx
27.46240382267306,1.753950665696458,-0.687634,0.004333591120537338,4.6353159015738585,0.17638687499999994,-0.9152475554646969,1.1133391697536954,76.19965129193716,2.0176618563409616,-0.8452569999999999,0.04503499999999999,16.140889298116456,0.0,-0.0732638182093428,-1.328502153653153,8,8,8,0.9542425094393249,Cad_8ppm_3.xlsx
19.99349465550138,1.015871388547044,-0.691387,0.003309834890141808,2.845080204982062,0.14636312499999993,-0.18069929601344295,-0.6625377827037364,57.41618948423516,2.072535531763665,-0.8702759999999999,0.0,10.291492551992864,0.0,0.11871053065076773,-1.1147100911735515,8,8,8,0.9542425094393249,Cad_8ppm_30.xlsx
21.052629897095898,1.0674312053755528,-0.698893,0.003309834890141808,2.7218053009668597,0.13885724999999993,0.07745050722491327,-1.2580619577685772,51.59345870296259,1.3798610771918023,-0.8715269999999999,0.003309834890141808,8.967273557466639,0.0,0.19660188011530155,-1.0019335244552663,8,8,8,0.9542425094393249,Cad_8ppm_31.xlsx
19.13601838735564,0.0501222970906225,-0.700144,0.0,2.719442791754302,0.14886499999999991,-0.13072982878179024,-1.05003281909702,53.60435755202465,0.874406290234053,-0.8702759999999999,0.0,9.669075854182816,0.0,0.1231281667656602,-1.1779519227366357,8,8,8,0.9542425094393249,Cad_8ppm_32.xlsx
19.073053232368267,0.07810110682765926,-0.693889,0.004845102166105487,2.7358349799828963,0.15011599999999992,-0.17345688541297222,-0.9002248383919583,55.22852267751165,0.44129183259974014,-0.8702759999999999,0.0,10.00861695559584,0.0,0.11541956194010758,-1.1953127408666928,8,8,8,0.9542425094393249,Cad_8ppm_33.xlsx
18.538381566071376,0.10681909951963066,-0.69514,0.0050040000000000084,2.669810137728336,0.15011599999999992,-0.19416817604264314,-0.8331355323668117,55.47511431736104,0.34574080467945983,-0.8702759999999999,0.0,10.056205316688372,0.0,0.11880386441252538,-1.18020907979315,8,8,8,0.9542425094393249,Cad_8ppm_34.xlsx
18.11348911869584,0.2526477139760543,-0.697642,0.004333591120537338,2.604569945042606,0.15011599999999992,-0.18779163686247374,-0.8541337240464739,54.9749155009424,0.07603167218084064,-0.8702759999999999,0.0,9.953853431635451,0.0,0.12838002487117314,-1.160112638772044,8,8,8,0.9542425094393249,Cad_8ppm_35.xlsx
17.236054425559118,0.16884120547566298,-0.700144,0.0,2.47782888053103,0.15011599999999992,-0.195024467431422,-0.8329193237876704,53.94415672273621,0.07533199889405316,-0.8702759999999999,0.0,9.80617702618214,0.0,0.13088581388599846,-1.1354704735156962,8,8,8,0.9542425094393249,Cad_8ppm_36.xlsx
16.702331066125495,0.09166824052950008,-0.700144,0.0,2.3828529734284487,0.1401079999999999,-0.18643927305581703,-0.8118925844676093,53.37280997465724,0.1621705165636031,-0.8702759999999999,0.0,9.686612584222635,0.0,0.1361802360021493,-1.1083069758130022,8,8,8,0.9542425094393249,Cad_8ppm_37.xlsx
16.556518187427805,0.10546086716951494,-0.700144,0.0,2.3554476046963018,0.1401079999999999,-0.1848609039054148,-0.8033995575023181,53.38045636308165,0.11587849681598178,-0.8702759999999999,0.0,9.65457567484286,0.0,0.1428296828576077,-1.096615780602672,8,8,8,0.9542425094393249,Cad_8ppm_38.xlsx
16.988847666495268,0.18864105844074558,-0.700144,0.0,2.3903776201654363,0.1401079999999999,-0.17047609745804998,-0.7702643461903332,54.28502483509645,0.5416853535469925,-0.8702759999999999,0.0,9.722169197033356,0.0,0.13446748501363304,-1.0945705914428945,8,8,8,0.9542425094393249,Cad_8ppm_39.xlsx
20.967643242135587,1.234553859202342,-0.700144,0.0,2.92918811710393,0.1326027499999999,-0.14206972244735025,-0.6303921260380334,60.673872052362874,1.6333457265720421,-0.8702759999999999,0.0,10.750353894122952,0.0,0.13329931374415493,-0.7795435105149353,8,8,8,0.9542425094393249,Cad_8ppm_4.xlsx
17.35763877250176,0.08674973401054223,-0.700144,0.0,2.441739092317212,0.1401079999999999,-0.17774293497342625,-0.7337449042280894,55.20507292805728,0.2622491531616248,-0.8702759999999999,0.0,9.825827279223422,0.0,0.13523217861465464,-1.0892352981902036,8,8,8,0.9542425094393249,Cad_8ppm_40.xlsx
18.283397388041084,0.6211151477810154,-0.700144,0.0,2.4641063452058494,0.13885712499999991,-0.041077988231808304,-0.9786250865048526,54.53785407610024,0.26616869719055397,-0.8702759999999999,0.0,9.452206277416002,0.0,0.19141130258723005,-0.9935678656980078,8,8,8,0.9542425094393249,Cad_8ppm_41.xlsx
16.74992067397182,0.16957587425136397,-0.700144,0.0,2.3411832175666722,0.1401079999999999,-0.13564526924955156,-0.8803891438292959,53.639586259406514,0.05762359925146458,-0.8702759999999999,0.0,9.508744332781895,0.0,0.1590405165678251,-1.0485565507039265,8,8,8,0.9542425094393249,Cad_8ppm_42.xlsx
16.12679464020559,0.09689893766692921,-0.700144,0.0,2.244397834423848,0.1401079999999999,-0.13284012364926082,-0.8624305792132853,52.97006457677213,0.08118572182127397,-0.8702759999999999,0.0,9.407946549659034,0.0,0.1556414503419193,-1.0286451544330477,8,8,8,0.9542425094393249,Cad_8ppm_43.xlsx
16.536033331782065,0.06396893313896232,-0.700144,0.0,2.277853267070765,0.1401079999999999,-0.11913026579410756,-0.8476651098195431,53.42760775642581,0.34432752192444926,-0.8702759999999999,0.0,9.447331688020562,0.0,0.16263977659298762,-1.0333902748488057,8,8,8,0.9542425094393249,Cad_8ppm_44.xlsx
17.057310156105657,0.05875851211527717,-0.700144,0.0,2.330978224267249,0.1401079999999999,-0.1133066771271184,-0.7955544717911023,54.50512568412691,0.27622746381062024,-0.8702759999999999,0.0,9.569276486692239,0.0,0.16663182491806527,-1.03312516702277,8,8,8,0.9542425094393249,Cad_8ppm_45.xlsx
16.8881105613185,0.12143795380770532,-0.700144,0.0,2.3057285792886475,0.1401079999999999,-0.1125919680227593,-0.7968589051151949,54.671161116508785,0.15357252113593833,-0.8702759999999999,0.0,9.533348518644576,0.0,0.17520078584287052,-1.0013714226030483,8,8,8,0.9542425094393249,Cad_8ppm_46.xlsx
16.347829730393173,0.1371204198233808,-0.700144,0.0,2.2333171938945284,0.1401079999999999,-0.11162133333929447,-0.8131167879508636,53.973095854946735,0.07985407641011674,-0.8702759999999999,0.0,9.42134507943063,0.0,0.17406022341708954,-0.9799649140504471,8,8,8,0.9542425094393249,Cad_8ppm_47.xlsx
16.05715876168827,0.20921659394489378,-0.700144,0.0,2.1875107189767795,0.1401079999999999,-0.10414888981185044,-0.8357696602845609,53.25403658827558,0.0931691887298178,-0.8702759999999999,0.0,9.299659618636028,0.0,0.17712596050006715,-0.9624736648594887,8,8,8,0.9542425094393249,Cad_8ppm_48.xlsx
16.975559179743826,0.4284483285123467,-0.700144,0.0,2.1883620147047056,0.13385362499999992,0.034062443864322715,-1.0065319668861896,52.25125273487096,0.34940794372331047,-0.8702759999999999,0.0,8.906840683963686,0.0,0.23507398363341925,-0.865801373413779,8,8,8,0.9542425094393249,Cad_8ppm_49.xlsx
18.790674055140634,0.21775515006421867,-0.710152,0.0,2.702649947226598,0.1376062499999999,-0.2193841859871098,-0.5637638871445445,61.2079748078102,0.580127125058054,-0.8702759999999999,0.0,10.661096580370298,0.0,0.15894554275513134,-0.7087429333132522,8,8,8,0.9542425094393249,Cad_8ppm_5.xlsx
20.94265090758472,1.1779566735004572,-0.700144,0.0,2.4747040377607274,0.12759874999999993,0.2206172015955991,-1.168621051491447,51.49292680516771,0.6993259015406867,-0.877782,0.004333591120537338,8.520770929160864,0.0,0.3198410698974033,-0.7627851623635787,8,8,8,0.9542425094393249,Cad_8ppm_50.xlsx
18.329597988464943,0.11037356397744684,-0.710152,0.0,2.734870899024726,0.1401079999999999,-0.3157567168723807,-0.3860968155295807,61.841895452002106,0.6458891070611005,-0.8702759999999999,0.0,10.783768102117548,0.0,0.1500210658150696,-0.7364570170943265,8,8,8,0.9542425094393249,Cad_8ppm_6.xlsx
18.88664094861104,0.07953851087800741,-0.692638,0.004333591120537338,2.936528530220107,0.1451119999999999,-0.4208904772248965,-0.19079848591814802,63.02359614236106,0.4782987254970623,-0.8702759999999999,0.0,11.03944346028944,0.0,0.13184509168805808,-0.8103153592308272,8,8,8,0.9542425094393249,Cad_8ppm_7.xlsx
18.252359596843366,0.10419374578409397,-0.690136,0.0,2.869598655662943,0.1476139999999999,-0.5013362249103686,0.04373479110533962,61.697034123791425,0.23581218784273186,-0.8702759999999999,0.0,10.974521946970452,0.0,0.09020278973469348,-0.8888805781673101,8,8,8,0.9542425094393249,Cad_8ppm_8.xlsx
18.759299543786007,0.19837821285844348,-0.686383,0.004845102166105487,2.944327851209095,0.15011599999999992,-0.4662570517177365,-0.08089150067579237,62.46277215533904,0.15128600372271894,-0.8702759999999999,0.0,11.066001027740224,0.0,0.10204083840334094,-0.8686812403924931,8,8,8,0.9542425094393249,Cad_8ppm_9.xlsx
7.389065708973664,0.6664100758365836,-0.508745,0.003309834890141808,1.4819744752567212,0.15511999999999992,-2.8710747677857578,8.16586740590142,38.711010704978335,2.251008847510747,-0.8715269999999999,0.003309834890141808,6.910008383615298,0.0,0.19624623659435314,-0.5666635296318022,8,8,10,1.0413926851582251,Cad_10ppm_1.xlsx
8.958319147921143,0.051006554907642956,-0.730167,0.0,1.7704431305473767,0.15511999999999992,-2.0471532172086047,4.705814615766558,47.524824873511875,0.3209774396603225,-0.880284,0.0,6.847426009996473,0.0,0.7540004888181544,0.43137486185982227,8,8,10,1.0413926851582251,Cad_10ppm_10.xlsx
9.226015065367925,0.056059671233617936,-0.730167,0.0,1.8300143598456373,0.15511999999999992,-2.0529472622167164,4.689620842699281,48.20211202044548,0.2125926854586589,-0.880284,0.0,6.926116414893551,0.0,0.761098636325948,0.45532402256596,8,8,10,1.0413926851582251,Cad_10ppm_11.xlsx
9.357741929301913,0.05865046284436405,-0.730167,0.0,1.8592531644506827,0.15511999999999992,-2.064792366177649,4.723353826685427,48.67258649448047,0.1819864559096464,-0.880284,0.0,6.999533909778118,0.0,0.7587796656793374,0.4524249658912249,8,8,10,1.0413926851582251,Cad_10ppm_12.xlsx
9.503781848935748,0.045511260729334695,-0.730167,0.0,1.8865927378785143,0.15511999999999992,-2.084209738706961,4.79701998240104,49.156204663212435,0.24106431948715415,-0.880284,0.0,7.042075726505539,0.0,0.7696994919323575,0.4792486883095194,8,8,10,1.0413926851582251,Cad_10ppm_13.xlsx
9.85453368568268,0.047481733961286514,-0.730167,0.0,1.9626668193820995,0.15511999999999992,-2.059959894032536,4.66180116543132,50.71774136438939,0.23765818991222581,-0.880284,0.0,7.120209611665427,0.0,0.8376218036582825,0.5649743144702716,8,8,10,1.0413926851582251,Cad_10ppm_14.xlsx
9.962284794408328,0.05409698329921272,-0.730167,0.0,1.9624851755774515,0.15511999999999992,-2.0373127489336076,4.611062384367511,51.21730485744944,0.04982702780875497,-0.880284,0.0,7.1693142840871635,0.0,0.8472985262127531,0.5844745164765675,8,8,10,1.0413926851582251,Cad_10ppm_15.xlsx
9.883591731637763,0.06203903263312297,-0.730167,0.0,1.922698693818497,0.15511999999999992,-2.0448411676272165,4.700452158256273,50.778819363063626,0.012245994164416798,-0.880284,0.0,7.155386280540644,0.0,0.8258544994823419,0.5600712874846215,8,8,10,1.0413926851582251,Cad_10ppm_16.xlsx
6.3850217476010025,0.3940868209729075,-0.552529,0.07666732385442966,1.3343143958075283,0.15511999999999992,-2.507374858196303,6.252618613974798,35.53353538070886,1.491993322593725,-0.885288,0.0050040000000000084,6.030820840692771,0.0,0.16002211746401965,-0.25118477473031103,8,8,10,1.0413926851582251,Cad_10ppm_17.xlsx
7.47441695414412,0.3033003890441712,-0.508745,0.003309834890141808,1.449286974530188,0.15511999999999992,-2.3814993113447445,5.412358068820099,33.74890150646193,1.4126619131220002,-0.890292,0.0,5.97990481617591,0.0,0.00826024295413971,-0.3657789684601139,8,8,10,1.0413926851582251,Cad_10ppm_18.xlsx
7.994467745377882,0.24515540624557586,-0.508745,0.003309834890141808,1.599675095287053,0.15511999999999992,-2.432536889140342,5.5164496885959675,36.49748010148807,0.7385455659049909,-0.885288,0.0050040000000000084,6.191724013185235,0.0,0.182835640878647,-0.19605756800376412,8,8,10,1.0413926851582251,Cad_10ppm_19.xlsx
7.887869299319085,0.24823483492001172,-0.508745,0.003309834890141808,1.6137404345967314,0.15511999999999992,-2.8065598740583515,7.649624118604765,41.12095699954904,1.3228266526288845,-0.8702759999999999,0.0,6.940571461252789,0.0,0.31100652688196895,-0.3489472055731544,8,8,10,1.0413926851582251,Cad_10ppm_2.xlsx
8.419227366057893,0.26496831173634044,-0.508745,0.003309834890141808,1.721108370877361,0.15511999999999992,-2.3946358232097547,5.2367952859088645,38.293314772488266,0.8664535941317197,-0.884037,0.004845102166105487,6.31065543510025,0.0,0.28586800097575094,-0.0941953419331596,8,8,10,1.0413926851582251,Cad_10ppm_20.xlsx
8.73241400148358,0.18481386971523864,-0.508745,0.003309834890141808,1.81120015415734,0.15511999999999992,-2.3649551544683045,5.065529597531624,40.7156201085227,0.8138761453955571,-0.881535,0.003309834890141808,6.477840471224109,0.0,0.4094144085224793,0.036453604236720394,8,8,10,1.0413926851582251,Cad_10ppm_21.xlsx
8.726389227696604,0.14225600387412518,-0.508745,0.003309834890141808,1.808668357118775,0.15511999999999992,-2.372531512020461,5.151597061841757,42.67596877752973,0.46752529293445816,-0.880284,0.0,6.629276912866097,0.0,0.4923156682700077,0.13386044323418755,8,8,10,1.0413926851582251,Cad_10ppm_22.xlsx
8.701791702547796,0.14880951631626202,-0.508745,0.003309834890141808,1.802452282002942,0.15511999999999992,-2.3913455748199812,5.253582830011249,43.91229379319533,0.29730157581436806,-0.880284,0.0,6.724455114751933,0.0,0.5451672374638189,0.18234553428063155,8,8,10,1.0413926851582251,Cad_10ppm_23.xlsx
8.497196292013882,0.18951582607881257,-0.54377225,0.06147615728221386,1.8275836619825268,0.15511999999999992,-2.4572389859217703,5.43165467442477,44.195925748106035,0.6551501543553077,-0.880284,0.0,6.680988299032759,0.0,0.6023763908861866,0.1898177340633056,8,8,10,1.0413926851582251,Cad_10ppm_24.xlsx
8.658482364299243,0.1703839960086211,-0.5262586250000001,0.04692401859639019,1.8469494708040737,0.15511999999999992,-2.419284021600435,5.313859972554299,46.60710814794819,0.4678031178942319,-0.880284,0.0,6.861418475673225,0.0,0.6935546463276068,0.3141291353595155,8,8,10,1.0413926851582251,Cad_10ppm_25.xlsx
8.82223827331346,0.153821298147339,-0.631340375,0.049646531195385375,1.8718463469798483,0.15511999999999992,-2.4060551270048167,5.314215887930909,48.51733312996479,0.3915472676770387,-0.880284,0.0,7.026603218787834,0.0,0.7510563170986575,0.3979887521009776,8,8,10,1.0413926851582251,Cad_10ppm_26.xlsx
9.054488706651302,0.06749347173740436,-0.631340375,0.049646531195385375,1.921471269944206,0.15511999999999992,-2.405217201558763,5.299312573387554,50.2824495350288,0.25680402618185233,-0.880284,0.0,7.148467131786711,0.0,0.8182897986607334,0.48078808408008755,8,8,10,1.0413926851582251,Cad_10ppm_27.xlsx
9.263429855632179,0.07519512228777239,-0.6501049999999999,0.0,1.9524385714506844,0.15511999999999992,-2.3863945425806365,5.263717400733149,51.700698658896975,0.2801021753080264,-0.880284,0.0,7.267693066038799,0.0,0.8581436159745863,0.5421773163108855,8,8,10,1.0413926851582251,Cad_10ppm_28.xlsx
9.52375288780209,0.05774787244880239,-0.6501049999999999,0.0,1.9905960004258807,0.15511999999999992,-2.3567499990476364,5.174660553970192,53.09820421800141,0.24105222985768343,-0.880284,0.0,7.3736978340564905,0.0,0.9004549689532282,0.6062572051242883,8,8,10,1.0413926851582251,Cad_10ppm_29.xlsx
8.073462821793829,0.16396269361818858,-0.508745,0.003309834890141808,1.7126509644866525,0.15511999999999992,-2.7713953775889957,7.432737341515887,43.205072796266194,0.711573728683796,-0.8702759999999999,0.0,7.033131563471665,0.0,0.4039569541230962,-0.19524654588958584,8,8,10,1.0413926851582251,Cad_10ppm_3.xlsx
9.813263023124062,0.03894225958048657,-0.6501049999999999,0.0,2.0634349724231367,0.15511999999999992,-2.35419816976897,5.125602499029274,54.898422223060926,0.24137570205779027,-0.880284,0.0,7.445516773873576,0.0,0.9730855602375686,0.6882076370720944,8,8,10,1.0413926851582251,Cad_10ppm_30.xlsx
10.21283641620667,0.05581409990293459,-0.6501049999999999,0.0,2.097438719230507,0.15511999999999992,-2.2733387210682388,4.897308448595446,56.715218842388154,0.17373944637045657,-0.880284,0.0,7.579779399630243,0.0,1.0203346908233812,0.7841977375506464,8,8,10,1.0413926851582251,Cad_10ppm_31.xlsx
10.41409070980335,0.052094926496459824,-0.6501049999999999,0.0,2.155702492595119,0.15511999999999992,-2.246990507177735,4.77424451500978,58.176110292866134,0.23700858675471054,-0.880284,0.0,7.640174193239485,0.0,1.0722117802563962,0.8500323545556496,8,8,10,1.0413926851582251,Cad_10ppm_32.xlsx
11.063721490963164,0.08133012504934657,-0.6501049999999999,0.0,2.2397118205654696,0.15511999999999992,-2.186901108448117,4.604596963369806,61.15858592765596,0.43854542953990877,-0.8702759999999999,0.0,7.9316665170561595,0.0,1.1200307218995271,0.93550990706376,8,8,10,1.0413926851582251,Cad_10ppm_33.xlsx
11.31888745137532,0.05469785895533918,-0.6526069999999999,0.004333591120537338,2.265692359967706,0.15511999999999992,-2.119134351790179,4.430622537711949,62.90224155858125,0.22197734257241522,-0.8702759999999999,0.0,8.063359863228559,0.0,1.1509376371944653,0.9992072098989822,8,8,10,1.0413926851582251,Cad_10ppm_34.xlsx
11.629751718777012,0.045256992040722394,-0.6501049999999999,0.0,2.3137176285674252,0.15511999999999992,-2.0640299935845885,4.249361663575424,64.57499616179646,0.12480394387845355,-0.8702759999999999,0.0,8.156999028234807,0.0,1.1947008026305372,1.078942402111815,8,8,10,1.0413926851582251,Cad_10ppm_35.xlsx
10.806784239556237,0.12007134537263321,-0.6701204999999999,0.0346678629388949,2.2545454917886865,0.15511999999999992,-2.194173642735011,4.615381705747123,61.63914803993502,0.5858539045415407,-0.880284,0.0,7.887175064439946,0.0,1.1473816929419463,0.9661669896095315,8,8,10,1.0413926851582251,Cad_10ppm_36.xlsx
11.394987407336721,0.5453911785410066,-0.6338421249999999,0.006965026264083601,2.4249127305732054,0.15511999999999992,-2.2905547983484187,4.755852885504947,62.32213247949583,0.43529585902217843,-0.880284,0.0,8.189244226198333,0.0,1.0712729613990657,0.782443109312996,8,8,10,1.0413926851582251,Cad_10ppm_37.xlsx
10.965046052791266,0.11697309852331599,-0.6476029999999999,0.004333591120537338,2.2219816653322706,0.15511999999999992,-2.0757243654013537,4.286408341996326,63.989264891738785,0.3314496730180528,-0.880284,0.0,7.990111809234513,0.0,1.2156403846149497,1.1056559990628072,8,8,10,1.0413926851582251,Cad_10ppm_38.xlsx
11.634811411805511,0.058789418055825854,-0.6501049999999999,0.0,2.2674618311751273,0.15511999999999992,-1.8832962506170292,3.6891261814016367,66.71652152237547,0.15544398818310237,-0.880284,0.0,8.154310338589932,0.0,1.2800219075940098,1.2413172993778432,8,8,10,1.0413926851582251,Cad_10ppm_39.xlsx
7.253002362477421,0.5942105080175869,-0.69639075,0.0199764452965862,1.3690731522644937,0.16262599999999994,-2.0291600004843526,5.148314717127357,41.723829791134534,1.4932656031775189,-0.881535,0.003309834890141808,6.763073261394053,0.0,0.3686359515578147,-0.1727640394379244,8,8,10,1.0413926851582251,Cad_10ppm_4.xlsx
12.181587249134154,0.07718931998630126,-0.6563599999999999,0.004845102166105487,2.344063041011463,0.15511999999999992,-1.7942220720157236,3.407887156634536,67.88469055726904,0.5186033533797757,-0.880284,0.0,8.3240126242861,0.0,1.2805497502447873,1.2445390807686323,8,8,10,1.0413926851582251,Cad_10ppm_40.xlsx
12.542199296726142,0.05432019444321179,-0.660113,0.0,2.4022084304099285,0.20015499999999997,-1.7760528389167607,3.3670316623329,69.2452966257169,0.32100277043713055,-0.8702759999999999,0.0,8.482112001926637,0.0,1.2811111457842568,1.2355424219315982,8,8,10,1.0413926851582251,Cad_10ppm_41.xlsx
12.634878858495624,0.06399229292332488,-0.660113,0.0,2.410661624537158,0.20015499999999997,-1.754457236568172,3.316323605811934,69.9795775405257,0.21855824784001257,-0.8702759999999999,0.0,8.556642092683354,0.0,1.2844102003661244,1.2396358485660395,8,8,10,1.0413926851582251,Cad_10ppm_42.xlsx
12.692737649549015,0.06416703764110424,-0.660113,0.0,2.4251618357372418,0.2041582,-1.750011212608264,3.3060143761391276,70.51697538396459,0.1870182138074655,-0.8702759999999999,0.0,8.613802102886503,0.0,1.2874171421329432,1.2423866365577756,8,8,10,1.0413926851582251,Cad_10ppm_43.xlsx
12.74415222605515,0.05707453651025983,-0.660113,0.0,2.4274054875644104,0.20766099999999998,-1.7102301798453872,3.185273824271928,70.84132955622738,0.3827461010931595,-0.8702759999999999,0.0,8.652983498533313,0.0,1.2842899732006456,1.2367365064340325,8,8,10,1.0413926851582251,Cad_10ppm_44.xlsx
12.707320382404355,0.07794966675416277,-0.660113,0.0,2.4302713366179973,0.208912,-1.7309506117224014,3.2572858396395716,71.5513219001713,0.19814189052872377,-0.8702759999999999,0.0,8.701500863759042,0.0,1.2986082933527914,1.260760226308355,8,8,10,1.0413926851582251,Cad_10ppm_45.xlsx
12.75246983299959,0.06408366809460843,-0.660113,0.0,2.447764795408525,0.208912,-1.7507070868627368,3.3350357320301023,71.93950926463734,0.35968240669099255,-0.8702759999999999,0.0,8.768479504418659,0.0,1.2881408558549294,1.2370094103581752,8,8,10,1.0413926851582251,Cad_10ppm_46.xlsx
12.581613843659765,0.05037867685314328,-0.660113,0.0,2.40434166777033,0.20515899999999998,-1.7120262159204964,3.212252104979359,72.54416960101003,0.1289526120331517,-0.8702759999999999,0.0,8.719794014328148,0.0,1.3348029133726982,1.3327123122871654,8,8,10,1.0413926851582251,Cad_10ppm_47.xlsx
12.52536854196424,0.04653752099238626,-0.660113,0.0,2.3714671839212293,0.201406125,-1.675977117147785,3.1121721066163524,73.3531844540358,0.21775815464151024,-0.877782,0.004333591120537338,8.709248622859548,0.0,1.3657828218230919,1.3946884728394937,8,8,10,1.0413926851582251,Cad_10ppm_48.xlsx
12.920984605799017,0.06272992364173073,-0.660113,0.0,2.402352255478734,0.193900625,-1.585370507769086,2.848063400460786,73.70422029220771,0.3628656281186873,-0.8702759999999999,0.0,8.80763079080085,0.0,1.3368814828146864,1.3340607482675169,8,8,10,1.0413926851582251,Cad_10ppm_49.xlsx
6.8058181120039345,0.1013821805385619,-0.730167,0.0,1.3711028003586467,0.15511999999999992,-2.471847129989158,6.689216574207777,42.815811029969296,0.6167288231750149,-0.880284,0.0,6.713563834299766,0.0,0.48055994778358235,0.020122547509966504,8,8,10,1.0413926851582251,Cad_10ppm_5.xlsx
12.951395391756805,0.1044584996263602,-0.660113,0.0,2.4120684306227833,0.19014799999999998,-1.566395244448121,2.793256202772948,73.62270040286788,0.3148483993080121,-0.8702759999999999,0.0,8.860032778183504,0.0,1.3110273056404371,1.2739734990761786,8,8,10,1.0413926851582251,Cad_10ppm_50.xlsx
7.271280523340515,0.04694120852896157,-0.730167,0.0,1.43113194776567,0.18514399999999998,-2.218426473529038,5.667595282473583,42.42599903393305,1.2325296956482459,-0.880284,0.0,6.5833794849658425,0.0,0.5114672152370179,0.017359687482695674,8,8,10,1.0413926851582251,Cad_10ppm_6.xlsx
7.552820641211184,0.09943905029264885,-0.730167,0.0,1.511555300306366,0.15511999999999992,-2.3352242808082773,6.016574528044088,44.17347791000628,0.6357591380171733,-0.880284,0.0,6.676436742841188,0.0,0.5995596161412597,0.1781443169160541,8,8,10,1.0413926851582251,Cad_10ppm_7.xlsx
7.805645722731752,0.04142385855123502,-0.730167,0.0,1.4909789680283185,0.18156971428571425,-1.9516043738135245,4.619849473984365,43.019802202448545,1.383358283060381,-0.880284,0.0,6.539102897178236,0.0,0.573944369578536,0.11041024242891884,8,8,10,1.0413926851582251,Cad_10ppm_8.xlsx
8.241567500153284,0.13402776614519338,-0.730167,0.0,1.6376565557133178,0.15511999999999992,-2.211971356037913,5.434436569810826,45.74483754086849,0.706524273894459,-0.880284,0.0,6.774867902209819,0.0,0.6649619618614457,0.26351241745564596,8,8,10,1.0413926851582251,Cad_10ppm_9.xlsx
9.279094962423311,1.0626343188221936,-0.6701199999999999,0.0,1.6379931405114718,0.16412719999999995,-1.977453265902302,4.913741699456953,50.58249115554197,3.173839560803099,-0.885288,0.0050040000000000084,6.8105149582528,0.0,0.9041793834421867,0.9119659335749641,8,8,20,1.3222192947339193,Cad_20ppm_1.xlsx
13.140784826312185,0.7554596353910943,-0.6701199999999999,0.0,1.9795770496110439,0.1413589999999999,-1.1236675085560361,2.316580271173035,72.575438557986,3.490820518070266,-0.880284,0.0,8.386439977234549,0.0,1.4255861007876556,1.7021120149307056,8,8,20,1.3222192947339193,Cad_20ppm_10.xlsx
13.668209025270526,0.08670404317239862,-0.677626,0.004333591120537338,1.9489072560927712,0.13385362499999992,-0.8698234763251429,1.51003174537796,76.8116628133432,0.2668382249936428,-0.880284,0.0,8.754479620961995,0.0,1.4776777148762128,1.7363898850342319,8,8,20,1.3222192947339193,Cad_20ppm_11.xlsx
13.298077326857817,0.09380389128830494,-0.675124,0.0050040000000000084,1.9970839472720021,0.1401079999999999,-1.074536049637572,2.062680193151352,73.10416802313303,0.8075094622411924,-0.8702759999999999,0.0,8.76951535263785,0.0,1.3284400123075093,1.3686222309330067,8,8,20,1.3222192947339193,Cad_20ppm_12.xlsx
13.236471944480462,0.12322065530841772,-0.677626,0.004333591120537338,1.9854146946348488,0.1451119999999999,-1.1142192672291382,2.2124056574660598,73.40314635887441,0.48455976538769846,-0.8702759999999999,0.0,8.958214820532211,0.0,1.275174810655714,1.249825785500716,8,8,20,1.3222192947339193,Cad_20ppm_13.xlsx
13.067624038564166,0.16391648899014583,-0.678877,0.003309834890141808,1.989816275917648,0.14886499999999991,-1.1890608254975799,2.426546224839602,72.57534030765235,0.2993740564752837,-0.8702759999999999,0.0,9.042919691077714,0.0,1.214981446616311,1.1002756652122927,8,8,20,1.3222192947339193,Cad_20ppm_14.xlsx
8.43789992659628,0.26145264438088145,-0.677626,0.004333591120537338,1.4959160655039012,0.16512799999999994,-2.011497977917264,5.166883605705312,50.40548467854432,2.393932690457108,-0.880284,0.0,7.030642044053209,0.0,0.8586112263165506,0.5819283670813462,8,8,20,1.3222192947339193,Cad_20ppm_15.xlsx
9.252169118713883,0.15551671726423627,-0.6701199999999999,0.0,1.5548586610751332,0.16012399999999993,-1.7827733944507909,4.37554621935703,56.119432230559994,1.906440290542539,-0.880284,0.0,7.4521349673646755,0.0,1.0326559353674507,0.8592167978460017,8,8,20,1.3222192947339193,Cad_20ppm_16.xlsx
10.224338777768718,0.05411997845383976,-0.6701199999999999,0.0,1.6370929259886493,0.15637099999999993,-1.5377587283862537,3.549328227073056,64.26944422426035,1.75889961406761,-0.8702759999999999,0.0,8.035225771318817,0.0,1.227271833332562,1.1860156159419253,8,8,20,1.3222192947339193,Cad_20ppm_17.xlsx
10.822562111994909,0.04729566045948535,-0.6701199999999999,0.0,1.6831020537210046,0.15511999999999992,-1.3992891528748927,3.0839852817884537,68.9804678078823,1.2323311841374411,-0.8702759999999999,0.0,8.473418615749207,0.0,1.2652470313022972,1.2435021764907304,8,8,20,1.3222192947339193,Cad_20ppm_18.xlsx
11.280181079518353,0.0685639805241251,-0.6713709999999999,0.003309834890141808,1.7483429374045842,0.15511999999999992,-1.3925823065252958,3.0829092415753037,71.89395533641765,0.9059145333549851,-0.8702759999999999,0.0,8.84803415026037,0.0,1.2568483042598442,1.2185846507274678,8,8,20,1.3222192947339193,Cad_20ppm_19.xlsx
9.754467364511147,0.7499993718478514,-0.678877,0.003309834890141808,1.4738320526688318,0.1413589999999999,-1.2862916385444056,2.993226174233509,55.46903258075396,1.8628905754284817,-0.889041,0.003309834890141808,6.812774913111481,0.0,1.1911555812191181,1.5200057108773315,8,8,20,1.3222192947339193,Cad_20ppm_2.xlsx
11.40883210881129,0.07198981697785493,-0.675124,0.0050040000000000084,1.763246914002031,0.15511999999999992,-1.379825995689175,3.0438287504323767,72.79684614413772,0.6945502223352619,-0.8702759999999999,0.0,9.071551681382747,0.0,1.2203491798641495,1.1344236416308455,8,8,20,1.3222192947339193,Cad_20ppm_20.xlsx
11.465501625640297,0.056080103663679305,-0.678877,0.003309834890141808,1.7722440446652912,0.15386899999999992,-1.3777045780795718,3.025562044369426,73.10892960473474,0.4934969672041817,-0.8702759999999999,0.0,9.268414146976632,0.0,1.1714800007834103,1.0220094290804855,8,8,20,1.3222192947339193,Cad_20ppm_21.xlsx
10.547889290223623,0.11214493529920341,-0.680128,0.0,1.6713759546765308,0.15386899999999992,-1.4226905460539392,3.137456276144636,61.86318940683617,1.8524166093374603,-0.8702759999999999,0.0,8.316664982528348,0.0,1.0058063176850667,0.6583071450287337,8,8,20,1.3222192947339193,Cad_20ppm_22.xlsx
8.546822553733728,0.15355521208736383,-0.680128,0.0,1.39188096496164,0.15386899999999992,-1.715680506883445,4.259604946477252,53.18243907431449,2.5800817320482965,-0.879033,0.003309834890141808,7.366518830453696,0.0,0.9153170907085655,0.6078115807651541,8,8,20,1.3222192947339193,Cad_20ppm_23.xlsx
8.96147363353171,0.1683729120970052,-0.680128,0.0,1.4325428524547825,0.15637099999999993,-1.6580358549316763,4.048210246902212,59.08653411516046,2.357829490772055,-0.8702759999999999,0.0,7.862448601957615,0.0,1.0299577013813868,0.7877266624756507,8,8,20,1.3222192947339193,Cad_20ppm_24.xlsx
9.971649149963895,0.22739693291358914,-0.680128,0.0,1.534186980619857,0.15011599999999992,-1.45894289445136,3.3692464802384055,65.84824913322953,1.4889026600513202,-0.8702759999999999,0.0,8.503344590520872,0.0,1.1162098708536017,0.9590665047730806,8,8,20,1.3222192947339193,Cad_20ppm_25.xlsx
10.68659700776512,0.1290390425282483,-0.678877,0.003309834890141808,1.6552284678044331,0.15887299999999993,-1.4316052666786918,3.23842462295678,69.08034331922343,1.1182571695184933,-0.8702759999999999,0.0,8.883122755003043,0.0,1.1301815227028742,0.9486530681733665,8,8,20,1.3222192947339193,Cad_20ppm_26.xlsx
11.220906581286036,0.8847123639389765,-0.6713709999999999,0.003309834890141808,1.9173669704108622,0.16441314285714279,-1.8442592344594182,4.6404323546153385,62.98073498978618,5.614459823165428,-0.8715269999999999,0.003309834890141808,8.27441448918056,0.0,1.0560958289950624,0.7339980554479075,8,8,20,1.3222192947339193,Cad_20ppm_27.xlsx
9.915820599530992,0.16783522305112583,-0.680128,0.0,1.5271350186832784,0.16012399999999993,-1.4222915522724215,3.235044914823733,63.521584746221066,1.8370392274682772,-0.8702759999999999,0.0,8.280763426708981,0.0,1.0870259105872466,0.8901061177488742,8,8,20,1.3222192947339193,Cad_20ppm_28.xlsx
10.604035108035687,0.17212313418338715,-0.677626,0.004333591120537338,1.6228903951018543,0.15887299999999993,-1.3578913382362212,2.9987583543834164,67.94416804972936,1.1914452064593204,-0.8702759999999999,0.0,8.751323460421276,0.0,1.1234647687268797,0.9533934265402022,8,8,20,1.3222192947339193,Cad_20ppm_29.xlsx
12.028733765128926,0.25646349664367873,-0.6701199999999999,0.0,1.7837231919781311,0.1401079999999999,-1.0736229666622537,2.2587450365046733,57.80292456337929,0.5091250728461432,-0.880284,0.0,7.267621905272737,0.0,1.1791302786832274,1.2840015780332474,8,8,20,1.3222192947339193,Cad_20ppm_3.xlsx
7.998813324756462,0.4248532324713263,-0.6701199999999999,0.0,1.3681102385961956,0.15726457142857136,-1.9305979960479942,4.868705032940053,52.13184013880317,2.891505113574003,-0.880284,0.0,6.884954750204624,0.0,1.0154612478496716,1.0362890819423456,8,8,20,1.3222192947339193,Cad_20ppm_30.xlsx
9.663312064912487,0.3369840781528495,-0.6701199999999999,0.0,1.4166527546513707,0.1401079999999999,-1.2413383533085378,2.7806546485757493,61.431390511819004,1.483481044073702,-0.880284,0.0,7.531801960349278,0.0,1.254680187408188,1.4659210287377034,8,8,20,1.3222192947339193,Cad_20ppm_31.xlsx
11.298836481376235,0.335837247739121,-0.6701199999999999,0.0,1.5528516284744724,0.1401079999999999,-0.8499061663504279,1.6347106585517825,67.2099430711715,1.2236275426067282,-0.880284,0.0,7.912318177074228,0.0,1.3758331397713572,1.707267662938496,8,8,20,1.3222192947339193,Cad_20ppm_32.xlsx
12.766379528219666,0.1743682516090181,-0.6701199999999999,0.0,1.7448285370876913,0.1401079999999999,-0.7454814195671886,1.2942173340635545,76.37199958235472,0.670371235661619,-0.880284,0.0,8.515104464462405,0.0,1.5285358986570081,1.885781521196614,8,8,20,1.3222192947339193,Cad_20ppm_33.xlsx
13.543155411742392,0.07912263579893268,-0.6726219999999999,0.004333591120537338,1.7827989905998707,0.1401079999999999,-0.5553435433864159,0.8313770409758721,79.1441602617288,0.2504006536073115,-0.876531,0.004845102166105487,8.733558951870922,0.0,1.5589609380636893,1.9450497249599414,8,8,20,1.3222192947339193,Cad_20ppm_34.xlsx
11.701350544516563,0.5394657642828449,-0.6701199999999999,0.0,1.6461335756116382,0.1438609999999999,-0.7555952770180318,1.0868560389659978,71.91882981601725,2.1973007727802023,-0.880284,0.0,8.129690653091945,0.0,1.4782015791226186,1.7929239604018616,8,8,20,1.3222192947339193,Cad_20ppm_35.xlsx
11.386736141441169,0.5901516263496299,-0.6701199999999999,0.0,1.6141184643160131,0.1451119999999999,-0.7355718825894331,0.9140260452169684,71.09805175815292,2.2100860337075505,-0.880284,0.0,8.007448578145187,0.0,1.4853952971821798,1.7970082025486502,8,8,20,1.3222192947339193,Cad_20ppm_36.xlsx
10.910553283098817,0.6601208959292236,-0.6701199999999999,0.0,1.5755620419038807,0.15762199999999993,-0.7663318762885156,0.8639203561413691,68.07627500460401,2.3572273656484772,-0.880284,0.0,7.742440648567941,0.0,1.4579653382135325,1.7962768332210817,8,8,20,1.3222192947339193,Cad_20ppm_37.xlsx
12.201456603201628,0.38480468492081643,-0.6701199999999999,0.0,1.6788839324949845,0.15386899999999992,-0.5208021367057228,0.14740923781973442,75.17377017155474,1.0582831482366093,-0.880284,0.0,8.191280998348981,0.0,1.5696818645513935,1.9482042617958157,8,8,20,1.3222192947339193,Cad_20ppm_38.xlsx
16.855200295436468,7.021972355866531,-0.6325915,0.022237812398030493,3.323221736688833,0.17346799999999996,-1.5132386200053212,1.9192798248493887,52.356492608017646,1.8740557203377055,-0.8640213749999999,0.021775616558076506,7.233334822103979,0.0,0.9408302808739543,0.3851656805080119,8,8,20,1.3222192947339193,Cad_20ppm_39.xlsx
12.295646724296494,0.13768251839052084,-0.6701199999999999,0.0,1.9020417153677474,0.1438609999999999,-1.25191972664341,2.740511823047265,55.98603856591356,0.21785476291673214,-0.880284,0.0,7.362765881318843,0.0,1.046553660959657,0.9732629683977535,8,8,20,1.3222192947339193,Cad_20ppm_4.xlsx
11.020319965476158,0.3383247854682104,-0.6701199999999999,0.0,1.5130568277289305,0.15386899999999992,-0.6526531452888991,0.7596896871408467,65.02155322051765,1.2146668611649896,-0.880284,0.0,7.525457317850724,0.0,1.4249077172625555,1.8622355683608094,8,8,20,1.3222192947339193,Cad_20ppm_40.xlsx
12.459879731258987,0.27119476973544265,-0.6701199999999999,0.0,1.612565255820693,0.1413589999999999,-0.412129472911548,0.20172428985783308,69.74746325238536,0.9321371088763315,-0.880284,0.0,7.823272682235345,0.0,1.5116164841931803,2.044765108978818,8,8,20,1.3222192947339193,Cad_20ppm_41.xlsx
13.99266980031562,0.30414866017183967,-0.6701199999999999,0.0,1.7896029729787941,0.1401079999999999,-0.3570297143762511,0.15190765752119584,75.8841586511679,2.416554628487352,-0.880284,0.0,8.295422571353019,0.0,1.570502453759968,2.094685555662244,8,8,20,1.3222192947339193,Cad_20ppm_42.xlsx
15.128938605357106,0.09451104029027219,-0.6726219999999999,0.004333591120537338,1.8906090291689184,0.1401079999999999,-0.2671697438502924,0.003951100614522751,83.2797449925909,0.25427908205070454,-0.880284,0.0,8.862928963380007,0.0,1.631632334459729,2.120146561412299,8,8,20,1.3222192947339193,Cad_20ppm_43.xlsx
15.761199824080048,0.13080081050734813,-0.680128,0.0,1.9122366417754666,0.1326027499999999,-0.17094626039520286,-0.17221367958543565,84.69584431530029,0.2790830032124838,-0.880284,0.0,9.093241299147433,0.0,1.6158985464246671,2.0773086743067006,8,8,20,1.3222192947339193,Cad_20ppm_44.xlsx
16.16377945726908,0.07519349227961013,-0.680128,0.0,1.9385266212879246,0.1301009999999999,-0.1343408015542777,-0.2370042105672332,85.5325434961894,0.27316712539992044,-0.880284,0.0,9.275971048652993,0.0,1.5967918214374501,2.023983981920695,8,8,20,1.3222192947339193,Cad_20ppm_45.xlsx
16.346431362995993,0.02744415350136907,-0.680128,0.0,1.9875660309415975,0.1301009999999999,-0.16659007226540795,-0.15697822543150947,86.49120060669186,0.25889052606205776,-0.880284,0.0,9.505015515994925,0.0,1.571975039234963,1.9524610043316062,8,8,20,1.3222192947339193,Cad_20ppm_46.xlsx
16.13419442697507,0.10187796523877758,-0.680128,0.0,2.019570973893694,0.1401079999999999,-0.2534036060574184,0.028788607771750685,87.4016214216178,0.19349994654290328,-0.8702759999999999,0.0,9.733467023593738,0.0,1.529820447609324,1.8336096694956783,8,8,20,1.3222192947339193,Cad_20ppm_47.xlsx
15.839686015620455,0.06884856245607843,-0.680128,0.0,1.9996641629460559,0.1401079999999999,-0.2846581920250404,0.0645845732662586,86.41264687500436,0.1749430557811221,-0.8702759999999999,0.0,9.79588794538321,0.0,1.4797568591441548,1.7226285710351088,8,8,20,1.3222192947339193,Cad_20ppm_48.xlsx
15.51444292493683,0.08719450329968892,-0.680128,0.0,1.9978485117273714,0.1401079999999999,-0.3557358000272708,0.19700006131890824,84.35090170685415,0.0653025215680394,-0.8702759999999999,0.0,9.826905007726744,0.0,1.404165704529173,1.5548380334653475,8,8,20,1.3222192947339193,Cad_20ppm_49.xlsx
11.812938523493822,0.13639588636646927,-0.6701199999999999,0.0,1.8608231083110922,0.1438609999999999,-1.3901700398788759,3.164474871369432,54.47523037691194,0.07388735050620944,-0.880284,0.0,7.388903198597582,0.0,0.9554090815283663,0.8011480437698529,8,8,20,1.3222192947339193,Cad_20ppm_5.xlsx
14.994914519390294,0.33342818277726044,-0.6701199999999999,0.0,1.9957074828371308,0.1401079999999999,-0.48930648840495117,0.47121367470282643,83.4872360918379,3.792266915585307,-0.8627701249999999,0.019858678621936923,10.193328126934432,0.0,1.2582373409174918,1.1506872530573393,8,8,20,1.3222192947339193,Cad_20ppm_50.xlsx
11.00988839074671,0.0976462436064971,-0.6701199999999999,0.0,1.7559161211790846,0.1463629999999999,-1.4965793008767432,3.501433733785798,53.078420381885756,0.1391848099189084,-0.880284,0.0,7.318089569326062,0.0,0.9036721723867447,0.7187460791064759,8,8,20,1.3222192947339193,Cad_20ppm_6.xlsx
10.633452988604756,0.07000755079654947,-0.6701199999999999,0.0,1.7153646289667162,0.15011599999999992,-1.5596244738523035,3.6874552901985425,52.66348134090003,0.4277726699735581,-0.880284,0.0,7.281265534808091,0.0,0.8969565833983402,0.7020300291536449,8,8,20,1.3222192947339193,Cad_20ppm_7.xlsx
10.72602793580443,0.08699129384605495,-0.6701199999999999,0.0,1.723398458963908,0.15011599999999992,-1.539119944914535,3.624493822773268,53.47428997695252,0.4442343240743621,-0.880284,0.0,7.35175649511266,0.0,0.9162838204983924,0.730711554124021,8,8,20,1.3222192947339193,Cad_20ppm_8.xlsx
12.223842555523948,0.12106500812654891,-0.6701199999999999,0.0,2.0326495334627026,0.15178399999999992,-1.5832352258581657,3.6048162190664903,64.75267002630318,1.7985039090260664,-0.880284,0.0,7.837854521616799,0.0,1.2847420782680832,1.4564198011776113,8,8,20,1.3222192947339193,Cad_20ppm_9.xlsx
7.138987479342503,1.055745497946719,-0.691387,0.003309834890141808,1.4025002126239385,0.15511999999999992,-2.366468554361676,6.0445687643443975,33.579814200112715,1.6643144929978544,-0.889041,0.003309834890141808,6.473447669641492,0.0,-0.057733029218680974,-0.7225879729448407,8,8,40,1.6127838567197355,Cad_40ppm_1.xlsx
7.046558486764941,0.11857929460452662,-0.68263,0.004333591120537338,1.4712435975463112,0.15511999999999992,-2.4800189561741117,6.057320766621155,31.889541061575564,0.11965243637539678,-0.880284,0.0,6.191465211786337,0.0,-0.03892694151046858,-0.7224133133342869,8,8,40,1.6127838567197355,Cad_40ppm_10.xlsx
7.074700844200908,0.14809021317192594,-0.680128,0.0,1.4933263746542096,0.15511999999999992,-2.5169627145894067,6.1227512193641696,30.68553829867422,0.16511687441472653,-0.890292,0.0,6.081045625874667,0.0,-0.11396726410950467,-0.7523661029421589,8,8,40,1.6127838567197355,Cad_40ppm_11.xlsx
7.074700844200908,0.14809021317192594,-0.680128,0.0,1.4933263746542096,0.15511999999999992,-2.5169627145894067,6.1227512193641696,30.68553829867422,0.16511687441472653,-0.890292,0.0,6.081045625874667,0.0,-0.11396726410950467,-0.7523661029421589,8,8,40,1.6127838567197355,Cad_40ppm_12.xlsx
7.15480182697508,0.22967605150219025,-0.680128,0.0,1.531567030893635,0.15511999999999992,-2.513486632175785,5.971965552057415,30.600744552466615,0.08224082739284373,-0.890292,0.0,6.100826072663136,0.0,-0.12182769096645167,-0.7673487785226085,8,8,40,1.6127838567197355,Cad_40ppm_13.xlsx
6.54566985865347,0.06366748051709728,-0.680128,0.0,1.3949765421106655,0.15511999999999992,-2.527356052265171,6.120795854588887,29.741314225744034,0.2606722615098542,-0.88779,0.004333591120537338,5.952373702944849,0.0,-0.13607710068599954,-0.749685262267191,8,8,40,1.6127838567197355,Cad_40ppm_14.xlsx
6.883516788852784,0.31561338400520716,-0.681379,0.003309834890141808,1.4558008570341672,0.15511999999999992,-2.4627245532192155,5.786998709446477,31.90670509016503,0.44440572245216386,-0.890292,0.0,6.27663375498833,0.0,-0.09675309868155352,-0.7566397403857856,8,8,40,1.6127838567197355,Cad_40ppm_15.xlsx
15.793883637756998,1.3631099756992289,-0.6538579999999999,0.00696527321790037,3.436914017415967,0.15511999999999992,-1.828367152409546,2.1420996568342443,32.52536223326116,0.49617897162570457,-0.890292,0.0,6.672142068294454,0.0,-0.06656759233728862,-0.961204446295246,8,8,40,1.6127838567197355,Cad_40ppm_16.xlsx
6.554464156349175,0.053053091528902925,-0.68263,0.004333591120537338,1.3376067236885896,0.15511999999999992,-2.1798733186190065,4.562227354380465,33.87318393713923,0.16586133169048387,-0.882786,0.004333591120537338,6.479547736121194,0.0,-0.040226307661354425,-0.655713055389224,8,8,40,1.6127838567197355,Cad_40ppm_17.xlsx
6.281936302254658,0.09032539407071655,-0.680128,0.0,1.2972814074744061,0.15511999999999992,-2.320362463043016,5.214236822030836,32.4537348444354,0.06097540840504711,-0.890292,0.0,6.308372943374944,0.0,-0.09461811588793365,-0.6845748710767652,8,8,40,1.6127838567197355,Cad_40ppm_18.xlsx
6.084224491828973,0.060664284866646226,-0.680128,0.0,1.2703441286175177,0.15511999999999992,-2.381507715782039,5.460688140366001,31.61773644345687,0.03660427850284535,-0.890292,0.0,6.215005189718299,0.0,-0.135575937425574,-0.6983305584536689,8,8,40,1.6127838567197355,Cad_40ppm_19.xlsx
6.57135706280661,0.7258686338520081,-0.690136,0.0,1.3385492917525061,0.15511999999999992,-2.5157010191252005,6.487497486011565,33.21113271926856,1.5025980421582847,-0.885288,0.0050040000000000084,6.379324119649175,0.0,-0.04259016364598016,-0.729934114994973,8,8,40,1.6127838567197355,Cad_40ppm_2.xlsx
6.339346993655274,0.409221654619696,-0.685132,0.0050040000000000084,1.3179631152040128,0.15511999999999992,-2.3904163844270183,5.521657071272585,31.646633236728874,0.4331313668266844,-0.890292,0.0,6.237821491492348,0.0,-0.12178174398452139,-0.7328300482258086,8,8,40,1.6127838567197355,Cad_40ppm_20.xlsx
5.644139682909422,0.07030886920141881,-0.680128,0.0,1.1759415785533476,0.15511999999999992,-2.4138783336813594,5.634589647533432,29.618104186147168,0.21622174734699856,-0.890292,0.0,5.9298312038959695,0.0,-0.17933592373558277,-0.7309741531850038,8,8,40,1.6127838567197355,Cad_40ppm_21.xlsx
5.648089264425478,0.13805970138359058,-0.680128,0.0,1.183486155332534,0.15511999999999992,-2.3950169426366466,5.476887292398773,29.54248037484216,0.06835545105313715,-0.890292,0.0,5.9108879460897406,0.0,-0.1786799555594032,-0.7244483779080435,8,8,40,1.6127838567197355,Cad_40ppm_22.xlsx
5.4639397687274265,0.03687667701451493,-0.680128,0.0,1.141798807717214,0.15511999999999992,-2.354939569614242,5.303160074568839,29.404886797001247,0.1628848856638639,-0.890292,0.0,5.867142791874596,0.0,-0.17509301843804426,-0.712963962807417,8,8,40,1.6127838567197355,Cad_40ppm_23.xlsx
8.38056835678207,1.8254108922446324,-0.665116375,0.013238914352558341,1.7502290676665027,0.15511999999999992,-2.0381728829234858,3.7057949522932745,34.89562725675954,2.828787654179576,-0.890292,0.0,6.8576559006184965,0.0,-0.09341073640686819,-0.7697176727017976,8,8,40,1.6127838567197355,Cad_40ppm_24.xlsx
6.853861844092684,0.5874544213505167,-0.690136,0.0,1.373744373456898,0.15511999999999992,-2.224234233781586,4.908685214256191,33.79571943359035,1.053116146431392,-0.882786,0.004333591120537338,6.505747787228563,0.0,-0.041189262763790827,-0.705996696362682,8,8,40,1.6127838567197355,Cad_40ppm_25.xlsx
5.609474117234822,0.03258799849044254,-0.688885,0.003309834890141808,1.1373247951754308,0.15511999999999992,-2.2825878059991815,5.179574273768582,30.387750117757925,0.3412957303057631,-0.880284,0.0,5.98002004353178,0.0,-0.12621390029709476,-0.6902299381936001,8,8,40,1.6127838567197355,Cad_40ppm_26.xlsx
5.714349868262957,0.027035172209755813,-0.680128,0.0,1.1650474587095498,0.15511999999999992,-2.2790145886872484,5.081904490500792,30.40290638883927,0.3093564258446238,-0.880284,0.0,6.001270139350531,0.0,-0.13050254889381901,-0.695815103909884,8,8,40,1.6127838567197355,Cad_40ppm_27.xlsx
6.035633661300476,0.17822790165777413,-0.680128,0.0,1.234229969172748,0.15511999999999992,-2.274533289343074,5.004624417223449,30.856872117086024,0.025716598269342486,-0.890292,0.0,6.110169789029158,0.0,-0.13069518613962894,-0.7145739823968196,8,8,40,1.6127838567197355,Cad_40ppm_28.xlsx
6.726965059650041,0.398952892478211,-0.690136,0.0,1.339429669322426,0.15511999999999992,-2.1579556143165184,4.616280604761441,33.64581318700846,0.674104021694372,-0.881535,0.003309834890141808,6.463944763521203,0.0,-0.029168540721255055,-0.7007276950486842,8,8,40,1.6127838567197355,Cad_40ppm_29.xlsx
6.617804453341422,0.5774833368014635,-0.690136,0.0,1.3052873139302967,0.15511999999999992,-2.3888696943244248,6.092143579394676,34.14394892169912,0.9751054135978581,-0.882786,0.004333591120537338,6.4445404756107765,0.0,0.01715394170593932,-0.708274811115682,8,8,40,1.6127838567197355,Cad_40ppm_3.xlsx
6.133709811093045,0.2668851695856811,-0.680128,0.0,1.260180966281116,0.15511999999999992,-2.2652181332811496,4.907894052795987,31.240794299476896,0.27125737562030744,-0.890292,0.0,6.170595952678455,0.0,-0.11850662931643312,-0.7208237646785569,8,8,40,1.6127838567197355,Cad_40ppm_30.xlsx
6.02032960604254,0.09177587354940459,-0.680128,0.0,1.2052119192450497,0.15511999999999992,-2.18330820269217,4.719844694082894,31.078719482246562,0.20236860737832857,-0.880284,0.0,6.104315222412567,0.0,-0.10089309063074575,-0.7044244949609275,8,8,40,1.6127838567197355,Cad_40ppm_31.xlsx
6.133709811093045,0.2668851695856811,-0.680128,0.0,1.260180966281116,0.15511999999999992,-2.2652181332811496,4.907894052795987,31.240794299476896,0.27125737562030744,-0.890292,0.0,6.170595952678455,0.0,-0.11850662931643312,-0.7208237646785569,8,8,40,1.6127838567197355,Cad_40ppm_32.xlsx
7.351447440047767,0.4933893655786041,-0.690136,0.0,1.401822792890853,0.15511999999999992,-1.9878720530695515,4.217650151167036,36.720757155533,1.0709404613987283,-0.880284,0.0,6.749670977963162,0.0,0.08507321733662426,-0.6253739644967891,8,8,40,1.6127838567197355,Cad_40ppm_33.xlsx
6.419867866053362,0.042245565136678244,-0.687634,0.004333591120537338,1.2386298761701497,0.15511999999999992,-2.041594024581981,4.395187544135445,33.18861396001532,0.27812557674776145,-0.880284,0.0,6.312080455960386,0.0,-0.016688522604605207,-0.6513995469395284,8,8,40,1.6127838567197355,Cad_40ppm_34.xlsx
6.180990587409783,0.04818780396269513,-0.688885,0.003309834890141808,1.1866718554125528,0.15511999999999992,-2.0029670900681267,4.247554395217795,32.460231287968966,0.15090992624082716,-0.880284,0.0,6.224437454516073,0.0,-0.03718981068565361,-0.6463242272636107,8,8,40,1.6127838567197355,Cad_40ppm_35.xlsx
6.001638511724357,0.048424796368869566,-0.687634,0.004333591120537338,1.1542483935551109,0.15511999999999992,-2.009780157023103,4.260391395148369,31.759995776091255,0.19640443758691015,-0.880284,0.0,6.14110592179389,0.0,-0.06369253891184196,-0.6530217485039332,8,8,40,1.6127838567197355,Cad_40ppm_36.xlsx
5.941010035326448,0.023065991978029103,-0.688885,0.003309834890141808,1.1494456729910754,0.15511999999999992,-2.0060956520397872,4.193139281139157,31.862984253052836,0.22642625745395692,-0.880284,0.0,6.148034454022897,0.0,-0.06064566882954535,-0.646935530151731,8,8,40,1.6127838567197355,Cad_40ppm_37.xlsx
6.016328845192971,0.03264214409406385,-0.680128,0.0,1.169304952691268,0.15511999999999992,-2.011622850052996,4.161513053996234,32.06017199852091,0.21032503384459672,-0.880284,0.0,6.190343659839966,0.0,-0.06072176568287489,-0.6525479235845593,8,8,40,1.6127838567197355,Cad_40ppm_38.xlsx
6.281998699603145,0.07297193273070128,-0.680128,0.0,1.229316874620301,0.15511999999999992,-2.0310163249229385,4.159420161928699,32.365003455478885,0.2606422451738228,-0.880284,0.0,6.267475048824533,0.0,-0.06290645815594824,-0.6693740525155754,8,8,40,1.6127838567197355,Cad_40ppm_39.xlsx
5.778564878363968,0.2475346969698537,-0.692638,0.004333591120537338,1.1753431291530585,0.15511999999999992,-2.5314346198264106,6.649097655120617,30.661662247754315,0.06486871804482382,-0.885288,0.0050040000000000084,5.974444511532624,0.0,-0.08622028800754368,-0.7247784009645191,8,8,40,1.6127838567197355,Cad_40ppm_4.xlsx
6.469529327002132,0.09069912328844781,-0.680128,0.0,1.2751594641483295,0.15511999999999992,-2.0534032887925373,4.19268105963988,32.54529665670093,0.03924431332402964,-0.880284,0.0,6.340309492581971,0.0,-0.07415118518968045,-0.6877762955905468,8,8,40,1.6127838567197355,Cad_40ppm_40.xlsx
6.116789043091604,0.1567148916241067,-0.680128,0.0,1.2038039623022467,0.15511999999999992,-2.0907778403056216,4.409176371471979,31.566441282620836,0.06314654400494837,-0.881535,0.003309834890141808,6.212527111056831,0.0,-0.1098257184629366,-0.6924909898627103,8,8,40,1.6127838567197355,Cad_40ppm_41.xlsx
5.887792652480128,0.08629035395283997,-0.680128,0.0,1.1636357899266572,0.15511999999999992,-2.116811876159249,4.510471269422171,31.057881516982306,0.057848262791145286,-0.881535,0.003309834890141808,6.1385236233378695,0.0,-0.12815360473767262,-0.6938128061778925,8,8,40,1.6127838567197355,Cad_40ppm_42.xlsx
6.252814151839795,0.18644600477066509,-0.680128,0.0,1.2347845828864654,0.15511999999999992,-2.101570086236066,4.423314925339655,31.874512157025595,0.17071776902288238,-0.884037,0.004845102166105487,6.275736765022975,0.0,-0.09866460812852904,-0.7093221404066663,8,8,40,1.6127838567197355,Cad_40ppm_43.xlsx
6.835610493470385,0.437389582851979,-0.683881,0.004845102166105487,1.3358947161024906,0.15511999999999992,-2.012538488756464,4.05897216739239,34.108871493777045,0.7118868594572582,-0.880284,0.0,6.547843389336107,0.0,-0.01881216511157198,-0.6897818645609545,8,8,40,1.6127838567197355,Cad_40ppm_44.xlsx
6.763140094264037,0.44348584098282545,-0.685132,0.0050040000000000084,1.3200539636971111,0.15511999999999992,-1.9881330370023371,3.941099853217354,33.904607595842336,0.7809965802391661,-0.880284,0.0,6.484952298404023,0.0,-0.01205080864683156,-0.6836191839515355,8,8,40,1.6127838567197355,Cad_40ppm_45.xlsx
6.911318444047588,0.4762245203253171,-0.683881,0.004845102166105487,1.3376293817210336,0.15511999999999992,-1.9340659596880774,3.763081283629816,34.78513112144659,1.0126140607453753,-0.880284,0.0,6.5690533624329035,0.0,0.022635406813867196,-0.6682954427311614,8,8,40,1.6127838567197355,Cad_40ppm_46.xlsx
6.911318444047588,0.4762245203253171,-0.683881,0.004845102166105487,1.3376293817210336,0.15511999999999992,-1.9340659596880774,3.763081283629816,34.78513112144659,1.0126140607453753,-0.880284,0.0,6.5690533624329035,0.0,0.022635406813867196,-0.6682954427311614,8,8,40,1.6127838567197355,Cad_40ppm_47.xlsx
7.127288755799033,0.48079005532800906,-0.687634,0.004333591120537338,1.3597210595713367,0.15511999999999992,-1.8884045706644121,3.7014651394930635,35.94247443465006,1.1390227993977184,-0.880284,0.0,6.65938947627325,0.0,0.0696508286064834,-0.6359829839457811,8,8,40,1.6127838567197355,Cad_40ppm_48.xlsx
6.094338125973995,0.016749346643431865,-0.688885,0.003309834890141808,1.142071246654135,0.15511999999999992,-1.8078195477682426,3.5190076210341035,32.93910577478804,0.230559380984443,-0.880284,0.0,6.198044789604005,0.0,0.007386210247890194,-0.5988833432997209,8,8,40,1.6127838567197355,Cad_40ppm_49.xlsx
6.392860343195315,0.44559248181074884,-0.690136,0.0,1.2647044937671108,0.15511999999999992,-2.386456779016776,6.0482327566754375,33.284407978476715,0.6848539193430715,-0.884037,0.004845102166105487,6.3094581365375735,0.0,0.0008461844874105418,-0.7053977306896991,8,8,40,1.6127838567197355,Cad_40ppm_5.xlsx
6.096220241332942,0.016862564256535616,-0.687634,0.004333591120537338,1.1476186826150645,0.15511999999999992,-1.811636396432527,3.4807793341247097,32.405364681660345,0.23371446458430972,-0.880284,0.0,6.166826172620217,0.0,-0.017706130184472788,-0.6205571592374652,8,8,40,1.6127838567197355,Cad_40ppm_50.xlsx
5.522590685195679,0.049707255102120235,-0.690136,0.0,1.1161522358457787,0.15511999999999992,-2.4697366731193173,6.380940389380171,31.46570431224295,0.28571070524716075,-0.880284,0.0,6.040670503301808,0.0,-0.04040570678900166,-0.6770692586304565,8,8,40,1.6127838567197355,Cad_40ppm_6.xlsx
5.522590685195679,0.049707255102120235,-0.690136,0.0,1.1161522358457787,0.15511999999999992,-2.4697366731193173,6.380940389380171,31.46570431224295,0.28571070524716075,-0.880284,0.0,6.040670503301808,0.0,-0.04040570678900166,-0.6770692586304565,8,8,40,1.6127838567197355,Cad_40ppm_7.xlsx
6.3138404142856865,0.2264964267350161,-0.690136,0.0,1.279040847646302,0.15511999999999992,-2.4830294276975526,6.3318894255049685,31.39969018664771,0.05727122493250994,-0.886539,0.004845102166105487,6.114194550821363,0.0,-0.07339047274417851,-0.7247695183382095,8,8,40,1.6127838567197355,Cad_40ppm_8.xlsx
10.76545230531653,6.7934085775223005,-0.667618375,0.048450034050394365,2.0677839645887275,0.15511999999999992,-2.143965441606018,4.793315350052627,33.419393214885446,0.6449365599026943,-0.885288,0.0050040000000000084,6.468192116189643,0.0,-0.009471333514433758,-0.7763375238659067,8,8,40,1.6127838567197355,Cad_40ppm_9.xlsx
19.892930580541986,0.3214950050971994,-0.680128,0.0,3.968726317497766,0.15511999999999992,-1.366501082944374,1.001042206125191,55.77495771262618,0.9042924849442304,-0.8390019999999999,0.0033098348901417717,8.442236656921164,0.0,0.6916307963935847,-0.5389769884189368,8,8,60,1.7853298350107671,Cad_60ppm_1.xlsx
20.09922535960944,0.5003811496477751,-0.680128,0.0,4.087513226707232,0.15511999999999992,-1.5222560441377457,1.412653011520872,47.92477551396097,0.4540115745901309,-0.830245,0.0,8.394183240734714,0.0,0.37868958017762416,-0.9563162358601671,8,8,60,1.7853298350107671,Cad_60ppm_10.xlsx
18.879602778129467,0.19956921759360485,-0.681379,0.003309834890141808,3.8439583466206533,0.15511999999999992,-1.5221145828781437,1.4620876327143977,46.56090618686863,0.7495588508785485,-0.830245,0.0,8.183973601905281,0.0,0.3697401017015113,-0.9189038188495011,8,8,60,1.7853298350107671,Cad_60ppm_11.xlsx
19.6119565445887,0.5191374793708685,-0.681379,0.003309834890141808,3.9726879787942444,0.15511999999999992,-1.5088717745488691,1.4310420741319287,46.664647275662816,0.1563995070765993,-0.830245,0.0,8.152471163295452,0.0,0.3818842751796206,-0.9258651453591757,8,8,60,1.7853298350107671,Cad_60ppm_12.xlsx
18.958811707810202,0.14105741513539868,-0.681379,0.003309834890141808,3.88263212189996,0.15511999999999992,-1.5481583760187243,1.5043732796491005,46.206144102601854,0.7318157212486175,-0.830245,0.0,8.182269889917281,0.0,0.3467339967133438,-0.9609328154491814,8,8,60,1.7853298350107671,Cad_60ppm_13.xlsx
19.327350579581484,0.2865827565732464,-0.681379,0.003309834890141808,3.965009440351846,0.15511999999999992,-1.5432772287177103,1.4741015005095992,47.43363288804106,0.09906651351159759,-0.830245,0.0,8.310524821997973,0.0,0.36838326327874843,-0.9553468498548843,8,8,60,1.7853298350107671,Cad_60ppm_14.xlsx
19.327350579581484,0.2865827565732464,-0.681379,0.003309834890141808,3.965009440351846,0.15511999999999992,-1.5432772287177103,1.4741015005095992,47.43363288804106,0.09906651351159759,-0.830245,0.0,8.310524821997973,0.0,0.36838326327874843,-0.9553468498548843,8,8,60,1.7853298350107671,Cad_60ppm_16.xlsx
19.12479843185421,0.7079019970665736,-0.68263,0.004333591120537338,3.9098806410067004,0.15511999999999992,-1.5510260122792952,1.5301234074248848,46.07280709682985,0.8244966099949942,-0.830245,0.0,8.130557082974438,0.0,0.3494124728987301,-0.9750776758798103,8,8,60,1.7853298350107671,Cad_60ppm_17.xlsx
19.4158120332431,1.0826995261680645,-0.680128,0.0,4.012522079248164,0.15511999999999992,-1.6106042477847908,1.62806422947759,45.04620934622108,1.5023916896663032,-0.830245,0.0,8.318072288264894,0.0,0.26853859912893624,-1.0394954361926783,8,8,60,1.7853298350107671,Cad_60ppm_18.xlsx
19.64029930703459,1.1488798101798128,-0.681379,0.003309834890141808,4.036399522953767,0.15511999999999992,-1.596730660819393,1.5982549411043754,45.09168755789587,1.5437824579073713,-0.830245,0.0,8.29850423760682,0.0,0.2786258645856695,-1.0314013417855175,8,8,60,1.7853298350107671,Cad_60ppm_19.xlsx
19.321574716472718,0.4580635793209924,-0.686383,0.004845102166105487,3.835881777736537,0.15511999999999992,-1.4025898198855058,1.1606029604236245,54.591722595743065,1.7717293946442698,-0.833998,0.004845102166105433,8.326413797075723,0.0,0.6777472711156385,-0.5976423629213752,8,8,60,1.7853298350107671,Cad_60ppm_2.xlsx
17.045990989569766,0.3534916840914784,-0.687634,0.004333591120537338,3.5717762084831683,0.15511999999999992,-1.758196292961638,2.1555812574787163,41.434814431155246,0.8082181858752404,-0.8364999999999999,0.004845102166105433,7.780768240676428,0.0,0.24287559857430333,-0.9945384126574208,8,8,60,1.7853298350107671,Cad_60ppm_20.xlsx
17.21087212892312,0.2518961572866269,-0.690136,0.0,3.566493553670549,0.15511999999999992,-1.7303379476852871,2.099141835031151,40.31916259884105,0.19196715242068102,-0.8390019999999999,0.0033098348901417717,7.621562739373979,0.0,0.22988045533130289,-0.9694564690144944,8,8,60,1.7853298350107671,Cad_60ppm_21.xlsx
17.271337488171856,0.2625631810834052,-0.685132,0.0050040000000000084,3.627755267135317,0.15511999999999992,-1.720271941693118,2.011159001329502,42.57821944503512,0.22628924932817027,-0.830245,0.0,7.881227731824282,0.0,0.26763346641039276,-0.9925552994442151,8,8,60,1.7853298350107671,Cad_60ppm_22.xlsx
19.21027765283185,1.5002667256327662,-0.685132,0.0050040000000000084,3.955885352664024,0.15511999999999992,-1.6222246608271151,1.7304470916034704,44.06221160102808,2.167638711588646,-0.830245,0.0,8.190768083747905,0.0,0.25477407372552713,-1.0511489212687888,8,8,60,1.7853298350107671,Cad_60ppm_23.xlsx
16.447504744376765,0.1755744881437926,-0.690136,0.0,3.4293751295100368,0.15511999999999992,-1.7531910482774804,2.1681462754098666,39.36335253477628,0.13515614253541858,-0.8339979999999999,0.004845102166105433,7.522629343537513,0.0,0.20046139753637454,-1.0043863696390583,8,8,60,1.7853298350107671,Cad_60ppm_24.xlsx
17.397200379189172,0.6551780949002406,-0.683881,0.004845102166105487,3.651855140384776,0.15511999999999992,-1.7397453393830649,2.064814757729735,41.2416455297348,0.33020350439124857,-0.830245,0.0,7.731973254249517,0.0,0.2388564464911164,-1.018877013854939,8,8,60,1.7853298350107671,Cad_60ppm_25.xlsx
18.551945120017095,1.0939062737847205,-0.687634,0.004333591120537338,3.8314294284738333,0.15511999999999992,-1.6491804361489035,1.8359696580905096,43.619882099476854,1.5942258772193945,-0.830245,0.0,8.022874947936275,0.0,0.27053358940817823,-1.0346067029389256,8,8,60,1.7853298350107671,Cad_60ppm_26.xlsx
18.391140124999957,0.847272939252286,-0.688885,0.003309834890141808,3.7899817883673377,0.15511999999999992,-1.653560071173477,1.871808865071165,42.716752796577325,1.0692279999791914,-0.830245,0.0,7.9012647509322935,0.0,0.2625538848945163,-1.0376963771427918,8,8,60,1.7853298350107671,Cad_60ppm_27.xlsx
19.695783546829862,1.4172231772130754,-0.687634,0.004333591120537338,4.076003620991685,0.15511999999999992,-1.644023175345679,1.7718520637812079,45.109900215309295,2.0977319634657805,-0.828994,0.003309834890141808,8.398154929081961,0.0,0.2539132673285256,-1.0848620253101182,8,8,60,1.7853298350107671,Cad_60ppm_28.xlsx
16.690511374896246,0.44661570539392437,-0.690136,0.0,3.4824971771549107,0.15511999999999992,-1.7561169376321675,2.1707952906015375,40.00405557109032,0.25292274228523887,-0.830245,0.0,7.647609420097712,0.0,0.19670264635702173,-1.041046532330077,8,8,60,1.7853298350107671,Cad_60ppm_29.xlsx
18.1117000686733,0.0851107372576965,-0.688885,0.003309834890141808,3.547388926764815,0.15511999999999992,-1.367330319220639,1.1448337276348783,54.05485245932532,0.6136487359484486,-0.8402529999999999,0.0,8.069111539413697,0.0,0.7241332283886478,-0.48521193262556217,8,8,60,1.7853298350107671,Cad_60ppm_3.xlsx
15.677326482165364,0.23818225048896324,-0.690136,0.0,3.309223290236822,0.15511999999999992,-1.8076876247639053,2.333146719576531,39.32048519607228,0.21067212418369463,-0.830245,0.0,7.458663057959924,0.0,0.20992351893960853,-1.0028249274379755,8,8,60,1.7853298350107671,Cad_60ppm_30.xlsx
24.013431772515293,10.22159793784398,-0.6425989999999999,0.07666732385442965,4.9517259248042915,0.15511999999999992,-1.6620653232768428,1.6372258176895593,50.67092913093428,13.150933681434228,-0.825241,0.0070767246661149795,9.870338147459258,0.0,0.1576638493686534,-1.0677976275416903,8,8,60,1.7853298350107671,Cad_60ppm_31.xlsx
19.221489346460096,1.2376271663328662,-0.688885,0.003309834890141808,3.9296278521407513,0.15511999999999992,-1.6023375249041245,1.7641598272846752,44.59371063285077,1.9374706958332608,-0.830245,0.0,8.177246992059693,0.0,0.284224171272801,-1.0328499523933772,8,8,60,1.7853298350107671,Cad_60ppm_32.xlsx
16.25451745495126,0.18691564538615316,-0.690136,0.0,3.374558542012637,0.15511999999999992,-1.7767664472378617,2.357867496647037,38.851486331736965,0.2940591919801991,-0.8364999999999999,0.004845102166105433,7.400263737882936,0.0,0.21282179509084276,-0.9829373694181207,8,8,60,1.7853298350107671,Cad_60ppm_33.xlsx
16.817027616044328,0.7850969820920158,-0.690136,0.0,3.498716893364558,0.15511999999999992,-1.7538864664858473,2.228984603852803,40.89630899503963,0.7050264154079867,-0.830245,0.0,7.6511771454074164,0.0,0.24313436538079902,-1.0091945410446863,8,8,60,1.7853298350107671,Cad_60ppm_34.xlsx
15.541592543235893,0.08093187614312178,-0.690136,0.0,3.2671029062349217,0.15511999999999992,-1.81560797700961,2.428490766361837,39.22892290820702,0.12648916928582943,-0.830245,0.0,7.432478100381449,0.0,0.21127906248797476,-1.011300243110052,8,8,60,1.7853298350107671,Cad_60ppm_35.xlsx
19.244158037829145,1.072959108022681,-0.687634,0.004333591120537338,3.9360981622822737,0.15511999999999992,-1.5857283276704082,1.730273541548636,44.8922572366161,1.6164984517549261,-0.830245,0.0,8.123461549955525,0.0,0.3070673165093436,-1.0194334373344072,8,8,60,1.7853298350107671,Cad_60ppm_36.xlsx
16.729472421505186,0.420848841670937,-0.693889,0.004845102166105487,3.480544896714177,0.15511999999999992,-1.7615671384531875,2.2959105489067926,40.651578470905434,0.12689499668653137,-0.830245,0.0,7.670068771253424,0.0,0.22552787555119225,-1.0236714045766577,8,8,60,1.7853298350107671,Cad_60ppm_37.xlsx
16.024537117834555,0.36921183217437875,-0.692638,0.004333591120537338,3.3415613818184857,0.15511999999999992,-1.78433007520623,2.370909035922624,39.43121652994674,0.16722342406525545,-0.831496,0.0033098348901417717,7.425193088233762,0.0,0.23344115803764875,-0.9882771584134071,8,8,60,1.7853298350107671,Cad_60ppm_38.xlsx
18.654140398570483,1.2042573556399605,-0.688885,0.003309834890141808,3.8192424442477138,0.15511999999999992,-1.6247483555702416,1.8956708065755006,44.237202578233166,1.9110902362935254,-0.830245,0.0,8.025343715458678,0.0,0.2994168056496713,-1.0225854258277485,8,8,60,1.7853298350107671,Cad_60ppm_39.xlsx
21.226932860732276,0.5421165447441864,-0.686383,0.004845102166105487,4.181858270166788,0.15511999999999992,-1.3154854767163386,0.917064454030279,60.42905681371745,0.6077841017058665,-0.831496,0.0033098348901417717,8.79394467791814,0.0,0.7768741093935039,-0.4601818995180477,8,8,60,1.7853298350107671,Cad_60ppm_4.xlsx
15.987409092401654,0.3490417586435551,-0.691387,0.003309834890141808,3.3194405798388997,0.15511999999999992,-1.7614843338831667,2.3316977441133986,39.05951317527051,0.10948319125127828,-0.830245,0.0,7.397416633516091,0.0,0.21526233369952524,-1.0039332891561137,8,8,60,1.7853298350107671,Cad_60ppm_40.xlsx
15.962073451118286,0.26508477451981444,-0.69514,0.0050040000000000084,3.331753188455732,0.15511999999999992,-1.7750984262100826,2.3310972788039943,39.21202420529847,0.3000550163692439,-0.831496,0.0033098348901417717,7.40167904154541,0.0,0.22243497366985643,-0.9995261102267732,8,8,60,1.7853298350107671,Cad_60ppm_41.xlsx
16.776062488338702,0.5933786078808941,-0.690136,0.0,3.472722943975864,0.15511999999999992,-1.6946342265920766,2.090121822579305,40.80187059909807,0.464509770880964,-0.830245,0.0,7.504486062200107,0.0,0.27298473276828666,-0.9951440206676648,8,8,60,1.7853298350107671,Cad_60ppm_42.xlsx
19.087524122325892,1.2249759724133658,-0.688885,0.003309834890141808,3.8704093193061397,0.15511999999999992,-1.5504652554815332,1.6597937275530077,44.4490199395472,1.9229219522163068,-0.830245,0.0,7.984428393021698,0.0,0.31752426390520194,-1.0093258671858858,8,8,60,1.7853298350107671,Cad_60ppm_43.xlsx
16.481959299724892,0.5533343431247852,-0.696391,0.004845102166105487,3.365005973113682,0.15511999999999992,-1.7185164822918038,2.2711310737385952,38.81841148691824,0.16012682870379633,-0.830245,0.0,7.345076055494703,0.0,0.22188862718701644,-1.008458815850115,8,8,60,1.7853298350107671,Cad_60ppm_44.xlsx
16.019171146929075,0.4850178915553866,-0.698893,0.003309834890141808,3.298500918615544,0.15511999999999992,-1.753600458488219,2.334094367764517,38.2165269459325,0.1538966028710981,-0.830245,0.0,7.252993591431251,0.0,0.21255473498704658,-1.0013583733618812,8,8,60,1.7853298350107671,Cad_60ppm_45.xlsx
7.370784736652203,0.5584213206343357,-0.68263,0.004333591120537338,1.2181228339262176,0.14261062499999994,-1.5624251847688242,3.56655463946403,52.74474356369493,2.5989160512138834,-0.8702759999999999,0.0,7.5037564925507505,0.0,0.8357769417723729,0.29372674148213285,8,8,60,1.7853298350107671,Cad_60ppm_46.xlsx
7.097018252967148,0.12443682982082395,-0.690136,0.0,1.0552272701924732,0.13135200000000002,-1.1695929593634666,2.4078363581171995,55.41597819955351,1.9098913082277396,-0.8702759999999999,0.0,7.52666985108517,0.0,0.9574809538106768,0.6037758850406637,8,8,60,1.7853298350107671,Cad_60ppm_47.xlsx
7.561070776064187,0.2674072643447694,-0.686383,0.004845102166105487,1.1833183630854371,0.13885799999999993,-1.3115243981579536,2.731203904645334,60.78198354678025,0.8602519831611741,-0.8702759999999999,0.0,7.898217474395947,0.0,1.0853654970555857,0.8166470649072393,8,8,60,1.7853298350107671,Cad_60ppm_48.xlsx
7.174247581971478,0.08238393665738576,-0.690136,0.0,1.0973296707822533,0.13760699999999995,-1.314082657976908,2.812013846023105,58.95011628312584,1.3230811121488317,-0.8702759999999999,0.0,7.766436747633975,0.0,1.046249678420892,0.8066062602315365,8,8,60,1.7853298350107671,Cad_60ppm_49.xlsx
19.872763134027736,0.2838303883597528,-0.685132,0.0050040000000000084,3.891785824042432,0.15511999999999992,-1.2957925131853674,0.9017435067789428,57.30491103544816,0.16802302564050253,-0.830245,0.0,8.420966119287758,0.0,0.7399933976826314,-0.47770573811142775,8,8,60,1.7853298350107671,Cad_60ppm_5.xlsx
7.963525166603507,0.43171575261427825,-0.688885,0.003309834890141808,1.2051816577979109,0.13510499999999998,-1.1583890168313367,2.3107062690528055,60.44376439957155,0.40645587802315886,-0.8702759999999999,0.0,7.978410341942967,0.0,1.043302144585939,0.6765343923018872,8,8,60,1.7853298350107671,Cad_60ppm_50.xlsx
19.044961726231016,0.11202312396532603,-0.681379,0.003309834890141808,3.7358418347569744,0.15511999999999992,-1.2963463617489939,0.9034024113377909,56.044127520815216,0.4669376175940471,-0.830245,0.0,8.211064627423998,0.0,0.7512969340656496,-0.4432379284886321,8,8,60,1.7853298350107671,Cad_60ppm_6.xlsx
20.223343032598258,0.6836063503822413,-0.683881,0.004845102166105487,4.011750300349236,0.15511999999999992,-1.3540604298410117,1.063875881390115,53.283751967103996,0.3214687679002282,-0.830245,0.0,8.303231037294001,0.0,0.6166029487683984,-0.6772261048008125,8,8,60,1.7853298350107671,Cad_60ppm_7.xlsx
19.44120276740616,0.44256526293871806,-0.677626,0.004333591120537338,3.97060230205833,0.15511999999999992,-1.4910811251374556,1.2766849864988976,47.26630191741967,0.3523064077864068,-0.830245,0.0,8.214928784496585,0.0,0.38700338461049033,-0.9284438105208661,8,8,60,1.7853298350107671,Cad_60ppm_8.xlsx
20.587135794426366,0.8252824472630523,-0.678877,0.003309834890141808,4.253698006110364,0.15511999999999992,-1.5419197355980023,1.3189613282841668,48.39343066625625,1.1182703334399893,-0.830245,0.0,8.661700219306628,0.0,0.33322649857684794,-1.0364907221967588,8,8,60,1.7853298350107671,Cad_60ppm_9.xlsx
24.220225191720765,0.8762612065897512,-0.508745,0.003309834890141808,3.8772505505705332,0.15511999999999992,-0.8141836491195165,0.005395131248318807,48.00571460413056,1.7754463920637475,-0.890292,0.0,10.667421813020649,0.0,-0.41465044089654984,-0.8352845741950439,8,8,80,1.9084850188786497,Cad_EM_80ppm_01.xlsx
25.345208769408362,5.745004173836118,-0.508745,0.003309834890141808,4.570649489514677,0.15511999999999992,-1.2024453549908305,0.47351983883359766,55.47576888152052,17.033572927742753,-0.8852880000000001,0.013239339560567196,12.345899151978601,0.0,-0.4641326835535171,-0.6591688056730517,8,8,80,1.9084850188786497,Cad_EM_80ppm_02.xlsx
20.857101486566552,0.4305539509650826,-0.508745,0.003309834890141808,3.568885096995815,0.15511999999999992,-1.1030025039426108,0.46747686030967245,42.804141687003934,0.6658136043151632,-0.890292,0.0,9.321149592967634,0.0,-0.4344649818315629,-0.7087067805440712,8,8,80,1.9084850188786497,Cad_EM_80ppm_03.xlsx
20.75334396561598,0.3465055340845825,-0.508745,0.003309834890141808,3.595373402193288,0.15511999999999992,-1.123482315881783,0.4439972052303437,42.20865281386182,0.578984031845977,-0.890292,0.0,9.178842504121244,0.0,-0.4301673461597466,-0.7134451252157106,8,8,80,1.9084850188786497,Cad_EM_80ppm_04.xlsx
20.638581425257026,0.2657209593944313,-0.508745,0.003309834890141808,3.603963154710846,0.15511999999999992,-1.130631722237811,0.42676654140492576,42.103128655185756,0.5490411681569551,-0.890292,0.0,9.154216128237909,0.0,-0.42772528104674395,-0.7153012700805463,8,8,80,1.9084850188786497,Cad_EM_80ppm_05.xlsx
20.42789729876443,0.27178046029485314,-0.508745,0.003309834890141808,3.516551361593166,0.15511999999999992,-1.0848174267104664,0.38664473103204666,41.79294405740438,0.5081795672334214,-0.890292,0.0,9.097853789715373,0.0,-0.42852780723291817,-0.7086600396727947,8,8,80,1.9084850188786497,Cad_EM_80ppm_06.xlsx
20.08152835175414,0.2892691167458445,-0.508745,0.003309834890141808,3.3709450787493607,0.15511999999999992,-0.9637977048669569,0.20527825667962296,41.17273542060785,0.21591652804754954,-0.890292,0.0,8.963467402051233,0.0,-0.43068930205731437,-0.7062419321683081,8,8,80,1.9084850188786497,Cad_EM_80ppm_07.xlsx
19.960808630781017,0.31425318471156344,-0.508745,0.003309834890141808,3.29428237731779,0.15511999999999992,-0.9072303661615854,0.14183087800208444,40.81463511504327,0.09250667673430857,-0.890292,0.0,8.886420234473164,0.0,-0.43190851326306,-0.7030586474452234,8,8,80,1.9084850188786497,Cad_EM_80ppm_08.xlsx
19.939834939538237,0.2089223612178115,-0.508745,0.003309834890141808,3.2701678919337236,0.15511999999999992,-0.8729212578673264,0.0832258231057953,40.65433961114716,0.20584293305548323,-0.890292,0.0,8.851165137558382,0.0,-0.43365669575556665,-0.7028030004580065,8,8,80,1.9084850188786497,Cad_EM_80ppm_09.xlsx
19.870252009095417,0.3260746676350568,-0.508745,0.003309834890141808,3.264932501244781,0.15511999999999992,-0.8927765773504922,0.14422223217886593,40.80595057587479,0.37972268944409515,-0.890292,0.0,8.913816577397323,0.0,-0.435742938664348,-0.7016401697426453,8,8,80,1.9084850188786497,Cad_EM_80ppm_10.xlsx
19.744957443357684,0.39284024127463246,-0.508745,0.003309834890141808,3.2078044492258972,0.15511999999999992,-0.8436861801770541,0.07857134413251554,40.3252272666937,0.09027110431801415,-0.890292,0.0,8.800497239285994,0.0,-0.4378903221823558,-0.699438017581743,8,8,80,1.9084850188786497,Cad_EM_80ppm_11.xlsx
19.703568664655478,0.3591011992856451,-0.508745,0.003309834890141808,3.2201855166171,0.15511999999999992,-0.857907537717407,0.08972564529840255,40.36070397962659,0.1512942541296991,-0.890292,0.0,8.809853622398983,0.0,-0.43727932233827926,-0.6971249694478638,8,8,80,1.9084850188786497,Cad_EM_80ppm_12.xlsx
19.982286076524176,0.19187392773164574,-0.508745,0.003309834890141808,3.263624719398708,0.15511999999999992,-0.8643662444976161,0.0937624979504309,40.489934898647164,0.11746660423930325,-0.890292,0.0,8.830884354463594,0.0,-0.4355169229658655,-0.7070221690227123,8,8,80,1.9084850188786497,Cad_EM_80ppm_13.xlsx
19.81900204676226,0.2874828603416896,-0.508745,0.003309834890141808,3.2258607108332376,0.15511999999999992,-0.8479744353826458,0.06387704534910532,40.44008077807537,0.16184020155095036,-0.890292,0.0,8.82730333356833,0.0,-0.43823542091641654,-0.7047202279414582,8,8,80,1.9084850188786497,Cad_EM_80ppm_14.xlsx
19.79660362719156,0.29912687820888234,-0.508745,0.003309834890141808,3.2126657589897523,0.15511999999999992,-0.8511033988874509,0.08074417354086494,40.38511635423879,0.2186096224027395,-0.890292,0.0,8.821223209455402,0.0,-0.4361276140642835,-0.7031838062066842,8,8,80,1.9084850188786497,Cad_EM_80ppm_15.xlsx
19.865300711422258,0.2798596799127028,-0.508745,0.003309834890141808,3.2736443501966983,0.15511999999999992,-0.9098545540892033,0.1522202661136528,40.74147129908006,0.3328739494683413,-0.890292,0.0,8.893089082171825,0.0,-0.43269430022467253,-0.7132332813516008,8,8,80,1.9084850188786497,Cad_EM_80ppm_16.xlsx
19.857920882589276,0.3014689547361506,-0.508745,0.003309834890141808,3.28678348322547,0.15511999999999992,-0.9215819054478273,0.17467729321745862,40.72090925195704,0.2692098048112214,-0.890292,0.0,8.894422535450833,0.0,-0.43392341029959414,-0.7135039829443572,8,8,80,1.9084850188786497,Cad_EM_80ppm_17.xlsx
18.496997065449108,2.3640408835300226,-0.58505425,0.0778422035607131,3.965909802911908,0.15511999999999992,-1.750508412551728,1.8176575899850866,37.627499810745825,1.5047406307814144,-0.890292,0.0,8.136972457223845,0.0,-0.5037774015317968,-0.5420979923864526,8,8,80,1.9084850188786497,Cad_EM_80ppm_18.xlsx
16.29985488398269,0.16178431083189254,-0.508745,0.003309834890141808,3.1548781467891596,0.15511999999999992,-1.6328942544087228,1.6349210755744117,35.4229212598665,0.09698104459076584,-0.890292,0.0,7.74992663668748,0.0,-0.5216462226341814,-0.553850778905839,8,8,80,1.9084850188786497,Cad_EM_80ppm_19.xlsx
16.369778311976916,0.28010851970146966,-0.508745,0.003309834890141808,2.9746802020332894,0.15511999999999992,-1.4017742064453356,1.1838274207993793,35.342065593551574,0.07050728804942732,-0.890292,0.0,7.720522443584763,0.0,-0.519156035079004,-0.5586923696903446,8,8,80,1.9084850188786497,Cad_EM_80ppm_20.xlsx
16.683714979707787,0.30457654037161097,-0.508745,0.003309834890141808,2.9482199824983564,0.15511999999999992,-1.2755398510778106,0.9288966885774601,35.53380846908818,0.13190534866619838,-0.890292,0.0,7.763318158266422,0.0,-0.5136510489914686,-0.5671041113203428,8,8,80,1.9084850188786497,Cad_EM_80ppm_21.xlsx
17.007268025491513,0.20570268879544662,-0.508745,0.003309834890141808,2.984411674310973,0.15511999999999992,-1.2281729863975022,0.8044338506309254,35.71445935707068,0.11854797019135617,-0.890292,0.0,7.798183817995676,0.0,-0.5047186644602779,-0.5886272704018931,8,8,80,1.9084850188786497,Cad_EM_80ppm_22.xlsx
16.923059123615623,0.2990286723018335,-0.508745,0.003309834890141808,2.912686816183297,0.15511999999999992,-1.142737828591883,0.6596780548901691,35.84986057224023,0.17842518801264518,-0.890292,0.0,7.8162420676265185,0.0,-0.5021803103024479,-0.5815002354841976,8,8,80,1.9084850188786497,Cad_EM_80ppm_25.xlsx
17.199861449972943,0.25443352779644396,-0.508745,0.003309834890141808,3.0080823552685736,0.15511999999999992,-1.1944586384176559,0.7121320465098154,36.229570496374436,0.06812822188047261,-0.890292,0.0,7.912780188949169,0.0,-0.49481513226192997,-0.599573332913004,8,8,80,1.9084850188786497,Cad_EM_80ppm_26.xlsx
17.277434495774706,0.2857155682384267,-0.508745,0.003309834890141808,2.9659207216402685,0.15511999999999992,-1.1284216393828428,0.6170323715498491,36.37326082449492,0.08158587546616763,-0.890292,0.0,7.921867118605671,0.0,-0.4906714974028697,-0.6042630467756288,8,8,80,1.9084850188786497,Cad_EM_80ppm_27.xlsx
17.302893181615254,0.284463129788103,-0.508745,0.003309834890141808,2.9628770942161067,0.15511999999999992,-1.1153242307789444,0.6035107293676141,36.61498145353533,0.15646347665799804,-0.890292,0.0,7.963777121994765,0.0,-0.4904566667024938,-0.6060694892191896,8,8,80,1.9084850188786497,Cad_EM_80ppm_28.xlsx
17.625876266143578,0.24332409025469065,-0.508745,0.003309834890141808,3.0199452913730873,0.15511999999999992,-1.1175692415030178,0.5880454736983254,36.86796706689211,0.06660146050068644,-0.890292,0.0,8.018464603808571,0.0,-0.4853183236797658,-0.6081385582124835,8,8,80,1.9084850188786497,Cad_EM_80ppm_29.xlsx
17.687527277854432,0.27299791434762977,-0.508745,0.003309834890141808,3.022185892795549,0.15511999999999992,-1.1099347127638914,0.5845355445005007,36.987172911165196,0.15958264962177662,-0.890292,0.0,8.05796371182182,0.0,-0.48376609302870666,-0.6176224834168786,8,8,80,1.9084850188786497,Cad_EM_80ppm_30.xlsx
16.75244019841721,0.2502082168247207,-0.508745,0.003309834890141808,3.1900746069297545,0.15511999999999992,-1.5731275140145655,1.5210279212647202,36.68946174454814,0.44182091041280047,-0.890292,0.0,7.984158428647088,0.0,-0.49138777754750995,-0.5973890558458069,8,8,80,1.9084850188786497,Cad_EM_80ppm_31.xlsx
16.486987091779397,0.17111910749470494,-0.508745,0.003309834890141808,3.0115299802481363,0.15511999999999992,-1.4417650433089255,1.2828206937102777,36.106548501857844,0.266366567773111,-0.890292,0.0,7.8736461883908575,0.0,-0.493650032076803,-0.6020504458023332,8,8,80,1.9084850188786497,Cad_EM_80ppm_32.xlsx
16.43099135234938,0.19979880591398586,-0.508745,0.003309834890141808,2.900752523881884,0.15511999999999992,-1.308891733348426,1.0499574213193505,36.001331735155105,0.1591844173415906,-0.890292,0.0,7.851904792836742,0.0,-0.4949294578348319,-0.5944934454299637,8,8,80,1.9084850188786497,Cad_EM_80ppm_33.xlsx
16.537414831764067,0.28523288626568377,-0.508745,0.003309834890141808,2.886134221570937,0.15511999999999992,-1.2661909513505463,0.9772058119175612,36.15178455762083,0.13993473471054546,-0.890292,0.0,7.8769273977216,0.0,-0.4893111289829659,-0.6030880938109093,8,8,80,1.9084850188786497,Cad_EM_80ppm_34.xlsx
16.527760540016224,0.22750299041412264,-0.508745,0.003309834890141808,2.8413913848576895,0.15511999999999992,-1.1869274229133044,0.8297271960910746,35.982552540737714,0.10820174389907417,-0.890292,0.0,7.8447034134304845,0.0,-0.48986324048436447,-0.6028809380309897,8,8,80,1.9084850188786497,Cad_EM_80ppm_35.xlsx
16.52689903243145,0.23653092169393755,-0.508745,0.003309834890141808,2.783932344479918,0.15511999999999992,-1.1040285444166433,0.71973275746702,35.99562237621751,0.08829172124101313,-0.890292,0.0,7.8558551242125105,0.0,-0.48964627956179446,-0.6008629468971107,8,8,80,1.9084850188786497,Cad_EM_80ppm_36.xlsx
16.440772686927303,0.29411509739582054,-0.508745,0.003309834890141808,2.991137295147757,0.15511999999999992,-1.4292247423763658,1.282358630652137,36.36182231829905,0.32783590412707103,-0.890292,0.0,7.915475178153889,0.0,-0.48524589307124,-0.6052783658733487,8,8,80,1.9084850188786497,Cad_EM_80ppm_37.xlsx
16.367668487049063,0.24939358287669272,-0.508745,0.003309834890141808,2.8730645968853445,0.15511999999999992,-1.2915101914325606,1.0466638107532595,36.13097815110026,0.14678637441873893,-0.890292,0.0,7.880366038127178,0.0,-0.4870945557136702,-0.60902732972631,8,8,80,1.9084850188786497,Cad_EM_80ppm_38.xlsx
16.400963667974384,0.3045868373200998,-0.508745,0.003309834890141808,2.9468257159688855,0.15511999999999992,-1.371800094832453,1.1540499159958828,36.367365606547594,0.28637325153122284,-0.890292,0.0,7.926936292316113,0.0,-0.483933150972768,-0.6106472466533375,8,8,80,1.9084850188786497,Cad_EM_80ppm_39.xlsx
16.443575102056272,0.2766596247646034,-0.508745,0.003309834890141808,2.9000249246921417,0.15511999999999992,-1.3168553581875164,1.0737586649093276,36.2647751898223,0.21085080993010372,-0.890292,0.0,7.899810961486354,0.0,-0.48050878823659576,-0.6195440441776261,8,8,80,1.9084850188786497,Cad_EM_80ppm_40.xlsx
16.483734828954724,0.2906729915020097,-0.508745,0.003309834890141808,2.93235281934839,0.15511999999999992,-1.3382654383928894,1.0943128059702185,36.4115561833288,0.1931458863849611,-0.890292,0.0,7.936566127780777,0.0,-0.47937029354224214,-0.620547293769268,8,8,80,1.9084850188786497,Cad_EM_80ppm_41.xlsx
16.771866487648815,0.2406325990901543,-0.508745,0.003309834890141808,3.0334018615262597,0.15511999999999992,-1.4132833509951024,1.1993774933315196,36.74855996985026,0.22097641848810198,-0.890292,0.0,7.999606185806737,0.0,-0.47335708464618864,-0.6322114133774157,8,8,80,1.9084850188786497,Cad_EM_80ppm_42.xlsx
16.900650339430012,0.28299726598505426,-0.508745,0.003309834890141808,3.1837358300853307,0.15511999999999992,-1.5500289848689173,1.4637765694756486,37.38679350702559,0.3366886029527768,-0.890292,0.0,8.115845116959902,0.0,-0.4631264888987442,-0.6419270940594993,8,8,80,1.9084850188786497,Cad_EM_80ppm_43.xlsx
16.541674947113982,0.23385834801998825,-0.508745,0.003309834890141808,2.9636968653974716,0.15511999999999992,-1.397441275621039,1.2334904850019992,36.555850540404016,0.1262717191897034,-0.890292,0.0,7.957125975634315,0.0,-0.4735312846105739,-0.6290783728768448,8,8,80,1.9084850188786497,Cad_EM_80ppm_44.xlsx
16.42209039085047,0.263456776529801,-0.508745,0.003309834890141808,3.043786489343103,0.15511999999999992,-1.5139139112746411,1.4472131850722256,36.81588724766412,0.30636316517406503,-0.890292,0.0,8.00604536334846,0.0,-0.47223783956563203,-0.626027398629446,8,8,80,1.9084850188786497,Cad_EM_80ppm_45.xlsx
16.33492333334235,0.2370170987166867,-0.508745,0.003309834890141808,2.943908779756039,0.15511999999999992,-1.422634394991218,1.2821111197648072,36.38318171166123,0.17879039650415765,-0.890292,0.0,7.924052042925064,0.0,-0.47294860170692343,-0.6308368488677676,8,8,80,1.9084850188786497,Cad_EM_80ppm_46.xlsx
16.394523402164495,0.23699362011438554,-0.508745,0.003309834890141808,2.8843870499293907,0.15511999999999992,-1.3181503370889365,1.0853329128934122,36.140482193407266,0.0982531129851467,-0.890292,0.0,7.873944577464188,0.0,-0.47469968035419596,-0.6252495636676673,8,8,80,1.9084850188786497,Cad_EM_80ppm_47.xlsx
16.394523402164495,0.23699362011438554,-0.508745,0.003309834890141808,2.8843870499293907,0.15511999999999992,-1.3181503370889365,1.0853329128934122,36.140482193407266,0.0982531129851467,-0.890292,0.0,7.873944577464188,0.0,-0.47469968035419596,-0.6252495636676673,8,8,80,1.9084850188786497,Cad_EM_80ppm_48.xlsx
16.220704330127163,0.2246203515568231,-0.508745,0.003309834890141808,3.207275300696507,0.15511999999999992,-1.696771947835936,1.8036989192777402,36.58166714819171,0.5403148431600343,-0.890292,0.0,7.941521292581861,0.0,-0.4760629003374606,-0.6179372868066881,8,8,80,1.9084850188786497,Cad_EM_80ppm_49.xlsx
16.027664229653677,0.24884032364015618,-0.508745,0.003309834890141808,2.9804811511691724,0.15511999999999992,-1.5463753631151602,1.5266178300593634,35.77774750659721,0.24717747906807855,-0.890292,0.0,7.804526550699286,0.0,-0.48149715961843526,-0.6159087926591345,8,8,80,1.9084850188786497,Cad_EM_80ppm_50.xlsx
11.673546529338013,0.30987921246528227,-0.508745,0.003309834890141808,1.2809288277456228,0.15511999999999992,0.41358914328776897,-1.0128148537005421,40.90748202522995,0.4560713360722073,-0.890292,0.0,8.810157163627144,0.0,-0.5897072473644109,-0.38798399395869737,8,8,100,2.0043213737826426,Cad_EM_100ppm_01.xlsx
12.116996421455639,0.5099893791530414,-0.508745,0.003309834890141808,1.847458487153746,0.15511999999999992,-0.6843602043850061,0.3489230339171158,44.57721982489626,1.2404488211543216,-0.890292,0.0,9.264162263879285,0.0,-0.35515090461761567,-0.591654003226713,8,8,100,2.0043213737826426,Cad_EM_100ppm_02.xlsx
12.541972946545817,0.4333351717792539,-0.508745,0.003309834890141808,1.9175083588475448,0.15511999999999992,-0.7474098316752592,0.5251087406220922,47.47525137244315,1.8275156869801656,-0.890292,0.0,9.650712134308247,0.0,-0.271605523255953,-0.5867952759469458,8,8,100,2.0043213737826426,Cad_EM_100ppm_03.xlsx
12.228837424882762,0.35010951011542557,-0.508745,0.003309834890141808,1.754412942208066,0.15511999999999992,-0.4889970617461171,0.12527753055619106,46.15176223021733,0.28965290631398755,-0.890292,0.0,9.469619368318597,0.0,-0.28314487594016846,-0.5608857787549593,8,8,100,2.0043213737826426,Cad_EM_100ppm_04.xlsx
13.728176761417753,0.431258056951932,-0.508745,0.003309834890141808,2.0438639798617753,0.15511999999999992,-0.626916068291012,0.24597955947553812,48.55485334551764,0.7596630401933588,-0.890292,0.0,9.963794866771057,0.0,-0.22976072750632814,-0.61267317981284,8,8,100,2.0043213737826426,Cad_EM_100ppm_05.xlsx
14.414811804193722,0.5675487813401469,-0.508745,0.003309834890141808,2.1411726349346107,0.15511999999999992,-0.6526931809739803,0.24702390016834785,49.62679475052306,0.33248531431202005,-0.890292,0.0,10.179709300111185,0.0,-0.1860508698804198,-0.614148500545766,8,8,100,2.0043213737826426,Cad_EM_100ppm_06.xlsx
15.272627825216455,0.6308605760589623,-0.508745,0.003309834890141808,2.299572575286015,0.15511999999999992,-0.7048424866384686,0.2883913288253992,51.978375293199825,1.3119682245612345,-0.890292,0.0,10.571002321835369,0.0,-0.141798757798498,-0.6231769202856794,8,8,100,2.0043213737826426,Cad_EM_100ppm_07.xlsx
15.735960580194812,0.7235907265079997,-0.508745,0.003309834890141808,2.2605870614669428,0.15511999999999992,-0.5358374229199735,0.2278756183612452,52.109167746599894,1.360633639383192,-0.889041,0.003309834890141808,10.561705064314877,0.0,-0.13041396536776773,-0.5913960704542225,8,8,100,2.0043213737826426,Cad_EM_100ppm_08.xlsx
14.787459484325398,0.3780577487599682,-0.508745,0.003309834890141808,1.8762330667037848,0.15511999999999992,-0.12505527272578756,-0.06285743186546378,55.96066754797975,0.9240306231549845,-0.880284,0.0,10.862181736938044,0.0,-0.1020154442637721,-0.35858657461711113,8,8,100,2.0043213737826426,Cad_EM_100ppm_09.xlsx
14.536859943380225,0.3685123601844134,-0.508745,0.003309834890141808,1.8309443958484355,0.15511999999999992,-0.0980393715212939,-0.031176987426176306,54.93888875367962,2.0993476722629993,-0.890292,0.0,10.79154605210844,0.0,-0.1311304820206662,-0.38097795621249136,8,8,100,2.0043213737826426,Cad_EM_100ppm_10.xlsx
15.882256270707076,1.4204416441307515,-0.509996,0.0050040000000000084,2.4337442167077876,0.15511999999999992,-0.5964685353142605,0.14816645111548737,50.33365252073409,2.4086865106310373,-0.889041,0.003309834890141808,10.206609935754337,0.0,-0.14245681141118305,-0.6214968799940133,8,8,100,2.0043213737826426,Cad_EM_100ppm_11.xlsx
13.387144073611118,0.3137288041382246,-0.508745,0.003309834890141808,1.7401124472614018,0.15511999999999992,-0.17184335278984758,-0.0917009170740975,51.094187892379125,0.8430701722680098,-0.880284,0.0,9.986050715639955,0.0,-0.14380101536721562,-0.39948592479365,8,8,100,2.0043213737826426,Cad_EM_100ppm_12.xlsx
15.735407812581183,2.26465048578741,-0.508745,0.003309834890141808,2.44253104536865,0.15511999999999992,-0.5882950671012208,0.1331350107354916,50.622257512242946,3.5638094920778105,-0.880284,0.0050040000000000084,10.069826714690826,0.0,-0.1604443106091319,-0.47257322336209456,8,8,100,2.0043213737826426,Cad_EM_100ppm_13.xlsx
14.034316153129513,0.33984402096825495,-0.508745,0.003309834890141808,1.8673488757955137,0.15511999999999992,-0.29590428792233303,0.11776858977733701,53.5602444477543,1.2882989347917626,-0.880284,0.0,10.388881264733968,0.0,-0.08293484691016392,-0.3873879192394393,8,8,100,2.0043213737826426,Cad_EM_100ppm_14.xlsx
16.931389789159446,11.056905821441259,-0.5312625,0.0601378286584243,2.4528965583886237,0.15511999999999992,-0.47086783366231755,0.33760559859502065,50.96046052747111,2.932769769162757,-0.889041,0.003309834890141808,10.046213475505724,0.0,-0.2096936068451735,-0.42450317385919106,8,8,100,2.0043213737826426,Cad_EM_100ppm_15.xlsx
13.916552659077368,5.550977773469026,-0.537517375,0.07281471398855024,2.0917736063490526,0.15511999999999992,-0.40946557251483995,0.6532519663234956,45.65862541588201,0.6818578932389742,-0.889041,0.003309834890141808,9.102779077798573,0.0,-0.2688860466693352,-0.40248416454283664,8,8,100,2.0043213737826426,Cad_EM_100ppm_16.xlsx
15.560885875189385,7.136026544665984,-0.525007625,0.04362287127166634,2.3518625985047286,0.15511999999999992,-0.2568294926860049,-0.23074730729851256,45.19274305447779,1.7150905630397004,-0.882786,0.004333591120537338,9.05971107238982,0.0,-0.25240703763002814,-0.4507778653676706,8,8,100,2.0043213737826426,Cad_EM_100ppm_17.xlsx
13.916552659077368,5.550977773469026,-0.537517375,0.07281471398855024,2.0917736063490526,0.15511999999999992,-0.40946557251483995,0.6532519663234956,45.65862541588201,0.6818578932389742,-0.889041,0.003309834890141808,9.102779077798573,0.0,-0.2688860466693352,-0.40248416454283664,8,8,100,2.0043213737826426,Cad_EM_100ppm_18.xlsx
12.503492371167031,0.46099662127968055,-0.508745,0.003309834890141808,1.6329742665705433,0.15511999999999992,-0.21296716493025075,0.1678696769750776,49.93957123106509,0.23659229231637413,-0.880284,0.0,9.453343651549645,0.0,-0.12157129824829441,-0.2947761337212825,8,8,100,2.0043213737826426,Cad_EM_100ppm_19.xlsx
12.847708524558087,0.48646107571732483,-0.508745,0.003309834890141808,1.7294029445808188,0.15511999999999992,-0.3615550359091272,0.3307177692401585,51.70078744733492,0.3102467297697499,-0.880284,0.0,9.628560845963742,0.0,-0.05613231486839057,-0.27216764842166796,8,8,100,2.0043213737826426,Cad_EM_100ppm_20.xlsx
8.22125689804744,1.524511883029891,-0.508745,0.003309834890141808,1.1225039522477789,0.15511999999999992,-0.4211438110043334,1.3230569981424936,41.04036566941736,1.8007501501490981,-0.890292,0.0,8.333380752981272,0.0,-0.4267468523157355,-0.37308833143102527,8,8,100,2.0043213737826426,Cad_EM_100ppm_21.xlsx
7.64624628257576,0.4423244754788255,-0.508745,0.003309834890141808,0.8614628238677071,0.15511999999999992,0.2789756142492876,0.32968563294868086,37.983467316490774,0.8342050633032189,-0.890292,0.0,7.8684184013445595,0.0,-0.49991866195342505,-0.3424230714500272,8,8,100,2.0043213737826426,Cad_EM_100ppm_22.xlsx
8.403143792757945,0.45703534265018364,-0.508745,0.003309834890141808,0.9192629920114923,0.15511999999999992,0.45306585808779265,-0.1091753807321254,36.44788326678389,0.12529360691215186,-0.890292,0.0,7.669036638859339,0.0,-0.5373679828723579,-0.3300204720296334,8,8,100,2.0043213737826426,Cad_EM_100ppm_23.xlsx
11.915486885281382,0.41870014589793814,-0.508745,0.003309834890141808,1.897618383625391,0.15511999999999992,-0.9498105300158363,0.8948972197170248,37.68603052958602,0.27413232681269667,-0.890292,0.0,8.00988282809869,0.0,-0.4009853642941169,-0.538903816635321,8,8,100,2.0043213737826426,Cad_EM_100ppm_24.xlsx
10.622372723187226,0.8603875416029466,-0.508745,0.003309834890141808,1.4422232711548943,0.15511999999999992,-0.29301368336054234,0.5128868176078705,40.10051096914229,0.8399893399428292,-0.890292,0.0,8.319294073923597,0.0,-0.43356551722676173,-0.43581625902846777,8,8,100,2.0043213737826426,Cad_EM_100ppm_25.xlsx
9.334566682999643,0.41426146708148426,-0.508745,0.003309834890141808,1.179483712795569,0.15511999999999992,-0.11135194733008114,0.43072504806166206,40.202562836228324,0.792859235761607,-0.890292,0.0,8.232438186921097,0.0,-0.42613836311101305,-0.4066659471992028,8,8,100,2.0043213737826426,Cad_EM_100ppm_26.xlsx
13.446201612139248,0.6618271895717338,-0.508745,0.003309834890141808,1.7025722326404962,0.15511999999999992,0.11965603664577211,-0.9541403948483065,44.6598803552534,2.4122129063287523,-0.890292,0.0,9.280953440156873,0.0,-0.40773517199342446,-0.6196960375151589,8,8,100,2.0043213737826426,Cad_EM_100ppm_27.xlsx
12.150067675207435,0.20360588047300215,-0.508745,0.003309834890141808,1.5339817229460948,0.15511999999999992,0.11389959458646734,-0.8649690238273473,40.34538621548067,0.5933881897125669,-0.890292,0.0,8.51189970546427,0.0,-0.4317970291804898,-0.5748258939220567,8,8,100,2.0043213737826426,Cad_EM_100ppm_28.xlsx
11.298018969742069,0.1346386689861219,-0.508745,0.003309834890141808,1.4244822187491257,0.15511999999999992,0.1158731513258148,-0.8088308981857755,38.373602268840166,0.16885947211689728,-0.890292,0.0,8.13047486454327,0.0,-0.47052442687437646,-0.4991707673916763,8,8,100,2.0043213737826426,Cad_EM_100ppm_29.xlsx
10.870694539971142,0.21660891492754053,-0.508745,0.003309834890141808,1.3963056317154434,0.15511999999999992,0.04749008930835928,-0.6653551726887617,38.127849457043624,0.2490428057246453,-0.890292,0.0,8.044319306435101,0.0,-0.4530997461639235,-0.4782365562836476,8,8,100,2.0043213737826426,Cad_EM_100ppm_30.xlsx
11.028383994065653,0.34566320353270685,-0.508745,0.003309834890141808,1.494320098155925,0.15511999999999992,-0.16266819802217375,-0.36640169958919866,38.95784879335315,0.38449237780372963,-0.890292,0.0,8.154986091884165,0.0,-0.3891992668288009,-0.49945537847800087,8,8,100,2.0043213737826426,Cad_EM_100ppm_31.xlsx
11.499063100369773,0.295261217956686,-0.508745,0.003309834890141808,1.6537021027094467,0.15511999999999992,-0.4042339779651752,-0.09466256846354926,40.32819123872201,0.192949220183956,-0.890292,0.0,8.400391639199846,0.0,-0.3068808705992514,-0.5248268912274923,8,8,100,2.0043213737826426,Cad_EM_100ppm_32.xlsx
11.90336832178932,0.30332438896476266,-0.508745,0.003309834890141808,1.750178180842928,0.15511999999999992,-0.4764759687373992,-0.08171713296289879,40.903529814493126,0.24941838796782798,-0.889041,0.003309834890141808,8.518153192480119,0.0,-0.2791660628474121,-0.5300506659497106,8,8,100,2.0043213737826426,Cad_EM_100ppm_33.xlsx
12.642437195048704,0.44502350780461547,-0.508745,0.003309834890141808,1.984811958545758,0.15511999999999992,-0.8176972043679982,0.45976616258473113,43.86250362033278,0.621055439137493,-0.8677739999999999,0.009690204332210973,8.885280918285357,0.0,-0.1504534779119534,-0.5439741448397071,8,8,100,2.0043213737826426,Cad_EM_100ppm_34.xlsx
13.584362023331531,0.33061605550586937,-0.508745,0.003309834890141808,2.3059280150876473,0.15511999999999992,-1.2133075201135552,1.1600370233624748,49.22587345083423,0.7416288709203073,-0.8602679999999999,0.0,9.472136342324202,0.0,0.019198131705411764,-0.5187018515142394,8,8,100,2.0043213737826426,Cad_EM_100ppm_35.xlsx
14.562289295670993,0.3818189874043849,-0.508745,0.003309834890141808,2.589723113085285,0.15511999999999992,-1.4371787114680086,1.5347897085184024,54.43009238129058,0.4423648100960079,-0.8602679999999999,0.0,10.01082678861834,0.0,0.15459869613711336,-0.4575392740744959,8,8,100,2.0043213737826426,Cad_EM_100ppm_36.xlsx
15.454384073097033,0.2539956105508034,-0.508745,0.003309834890141808,2.790706190391858,0.15511999999999992,-1.5012500604493901,1.653339782456666,57.02216345974928,0.6502008603973406,-0.8602679999999999,0.0,10.340188475831969,0.0,0.19594980824792074,-0.4414114121006869,8,8,100,2.0043213737826426,Cad_EM_100ppm_37.xlsx
16.38281686133658,0.33585952643771566,-0.508745,0.003309834890141808,2.9622303124697096,0.15511999999999992,-1.5013334188980636,1.622422064804652,59.13278896906566,0.1100931290680932,-0.8602679999999999,0.0,10.660079415202892,0.0,0.2156305370447728,-0.4427161628283731,8,8,100,2.0043213737826426,Cad_EM_100ppm_38.xlsx
17.122353601920988,0.27623268696632086,-0.508745,0.003309834890141808,3.115891079480387,0.15511999999999992,-1.552537435111056,1.7410808634671882,62.098232417442276,0.20156769911014846,-0.8602679999999999,0.0,11.070644817569,0.0,0.24798221221051628,-0.42636831341061976,8,8,100,2.0043213737826426,Cad_EM_100ppm_39.xlsx
17.178414641089454,0.3529827996225809,-0.508745,0.003309834890141808,3.0920628515428663,0.15511999999999992,-1.4983101649162958,1.633224227632062,61.76771505104615,0.24037170438886787,-0.8602679999999999,0.0,11.031234488530897,0.0,0.23075699540249128,-0.4263588611405114,8,8,100,2.0043213737826426,Cad_EM_100ppm_40.xlsx
17.166829287509014,0.3939402860575991,-0.508745,0.003309834890141808,3.0094750016488967,0.15511999999999992,-1.3634320683728005,1.3464238245733195,59.741147943867226,0.3966790629948843,-0.8602679999999999,0.0,10.837871447393603,0.0,0.17833388217593046,-0.45901936064269333,8,8,100,2.0043213737826426,Cad_EM_100ppm_41.xlsx
17.18620227157287,0.2240280339913793,-0.508745,0.003309834890141808,2.9635687535286594,0.15511999999999992,-1.3045503427409737,1.2547497977346338,58.722691514646456,0.16509726560869753,-0.8602679999999999,0.0,10.701357219495023,0.0,0.15542607686694887,-0.44720388442769154,8,8,100,2.0043213737826426,Cad_EM_100ppm_42.xlsx
17.298232041594513,0.33287597860890716,-0.508745,0.003309834890141808,2.922984300393181,0.15511999999999992,-1.2063422824451309,1.0660924236044471,57.54628615207429,0.20708978324977073,-0.8602679999999999,0.0,10.670362471774986,0.0,0.10592764317832684,-0.48760293958423134,8,8,100,2.0043213737826426,Cad_EM_100ppm_43.xlsx
17.179391162058074,0.34743802721934247,-0.508745,0.003309834890141808,2.887275943926305,0.15511999999999992,-1.203176838786967,1.0952271207895563,57.45695185064031,0.29018217540242963,-0.8665229999999999,0.004845102166105487,10.703542541089092,0.0,0.09313538885509891,-0.5031134848707475,8,8,100,2.0043213737826426,Cad_EM_100ppm_44.xlsx
17.151607689475114,0.2708849966664603,-0.508745,0.003309834890141808,2.9306625914211,0.15511999999999992,-1.233533503370615,1.1220537922683755,57.06046883037516,0.41701438997273654,-0.8677739999999999,0.004333591120537338,10.692209543744934,0.0,0.08403073586317637,-0.5303075323253871,8,8,100,2.0043213737826426,Cad_EM_100ppm_45.xlsx
17.252732452398995,0.39625784245568957,-0.508745,0.003309834890141808,2.85887199204369,0.15511999999999992,-1.1376867881402166,0.9847554053647208,56.58598051662156,0.3454985009204366,-0.8702759999999999,0.0,10.583346129016292,0.0,0.06466895215174129,-0.522472734652407,8,8,100,2.0043213737826426,Cad_EM_100ppm_46.xlsx
17.31789261210318,0.29245736689941804,-0.508745,0.003309834890141808,2.8914339564746427,0.15511999999999992,-1.1502466356753196,0.970296116702642,56.7937593288149,0.15248091816854284,-0.8702759999999999,0.0,10.59595433498612,0.0,0.06652786929662237,-0.5301998904233054,8,8,100,2.0043213737826426,Cad_EM_100ppm_47.xlsx
16.27759414155843,0.42546070141643033,-0.508745,0.003309834890141808,2.6451595680776734,0.15511999999999992,-1.0275076643234287,0.8690583249139008,50.74251595253424,1.5368798108636155,-0.8715269999999999,0.003309834890141808,10.068099190854667,0.0,-0.11539268181602827,-0.6109709708707277,8,8,100,2.0043213737826426,Cad_EM_100ppm_48.xlsx
15.278102711580093,0.318776463683269,-0.508745,0.003309834890141808,2.410263390687038,0.15511999999999992,-0.8486756268821036,0.5788585195915803,47.95997561156202,0.3688734823981379,-0.8702759999999999,0.0,9.484085610146463,0.0,-0.1459851411305301,-0.5599885301149489,8,8,100,2.0043213737826426,Cad_EM_100ppm_49.xlsx
15.262402309325392,0.33743090482251403,-0.508745,0.003309834890141808,2.419550384191509,0.15511999999999992,-0.8867319236705655,0.6271099822106263,48.20621940898266,0.22989992012732172,-0.8702759999999999,0.0,9.478366936244786,0.0,-0.12818561344231644,-0.5486110399322304,8,8,100,2.0043213737826426,Cad_EM_100ppm_50.xlsx
14.892781543740977,1.4404445620438948,-0.508745,0.003309834890141808,2.358952477783135,0.15511999999999992,-0.7740975005971402,0.34428283686765687,48.11806681305012,5.476571947931097,-0.890292,0.0,9.730412017849599,0.0,-0.3088053908208773,-0.5287889620230082,8,8,200,2.303196057420489,Cad_EM_200ppm_01.xlsx
13.844686074359664,0.25244286610412364,-0.508745,0.003309834890141808,2.2861612437126477,0.15511999999999992,-0.9579121178112885,0.6238100684885594,43.44873416186866,0.7232524102113217,-0.890292,0.0,8.925648307096033,0.0,-0.3628145421089689,-0.5249728603045318,8,8,200,2.303196057420489,Cad_EM_200ppm_02.xlsx
14.404710331439384,0.2169850665626328,-0.508745,0.003309834890141808,2.3532848736525906,0.15511999999999992,-0.9777477816395977,0.7456251594029513,45.529933161372625,0.4116670186260651,-0.890292,0.0,9.218321856928869,0.0,-0.22428310821714093,-0.5710045882168404,8,8,200,2.303196057420489,Cad_EM_200ppm_03.xlsx
14.7607994250451,0.19842821469144586,-0.508745,0.003309834890141808,2.4793379371832023,0.15511999999999992,-1.282946014934862,1.619733915441782,50.56154341571067,1.4736703434006213,-0.8690249999999999,0.012696263347930389,9.8436502696434,0.0,0.00476768146223348,-0.5560518849914917,8,8,200,2.303196057420489,Cad_EM_200ppm_04.xlsx
16.021610500009007,0.33552980767727336,-0.508745,0.003309834890141808,2.609778111471428,0.15511999999999992,-1.1482175023307635,1.3426870310101688,53.06407094033186,0.15422652015732352,-0.8702759999999999,0.0,10.22443087148552,0.0,0.005550230666351485,-0.5941046034905519,8,8,200,2.303196057420489,Cad_EM_200ppm_05.xlsx
17.203274553255767,0.3123406569692754,-0.508745,0.003309834890141808,2.691279257628101,0.15511999999999992,-0.9046126972954758,0.799876147093826,51.62869015363454,0.3915939774892665,-0.8702759999999999,0.0,10.30452056410387,0.0,-0.0893623898085824,-0.694156359938554,8,8,200,2.303196057420489,Cad_EM_200ppm_06.xlsx
17.108045665674595,0.32536500172020355,-0.508745,0.003309834890141808,2.621115098614038,0.15511999999999992,-0.6908190543924477,0.22725277508068414,47.21465316766772,1.2595166475743584,-0.890292,0.0,9.79992073106214,0.0,-0.2605244620800432,-0.6769058538081802,8,8,200,2.303196057420489,Cad_EM_200ppm_07.xlsx
15.387490963077191,0.5026975736932721,-0.508745,0.003309834890141808,2.501769914372641,0.15511999999999992,-0.7937882587338339,0.13255998054472978,41.72741437557717,1.9114613707711114,-0.890292,0.0,8.923223368881303,0.0,-0.4951978632193724,-0.4905497456712213,8,8,200,2.303196057420489,Cad_EM_200ppm_08.xlsx
15.38832543740079,0.2725800346729477,-0.508745,0.003309834890141808,2.3947833753394328,0.15511999999999992,-0.6449774046896154,-0.030268164034776668,40.53329851748735,0.13580939238309356,-0.890292,0.0,8.657893835079404,0.0,-0.4954181573571412,-0.4826659293432831,8,8,200,2.303196057420489,Cad_EM_200ppm_09.xlsx
15.916560776100294,0.2097910990111047,-0.508745,0.003309834890141808,2.4316211629427094,0.15511999999999992,-0.5846107812859912,-0.09225807985512036,41.6057063985209,0.1433874393313276,-0.890292,0.0,8.851022786067663,0.0,-0.467324177655422,-0.509766740618487,8,8,200,2.303196057420489,Cad_EM_200ppm_10.xlsx
16.13242175891955,0.2841342216843854,-0.508745,0.003309834890141808,2.4675414851185202,0.15511999999999992,-0.5877827750625704,-0.09474405348074777,41.96581307915762,0.23742604239056328,-0.890292,0.0,8.90737994307517,0.0,-0.45780165976042075,-0.5170874614072769,8,8,200,2.303196057420489,Cad_EM_200ppm_11.xlsx
16.02990569079185,0.22588988612661817,-0.508745,0.003309834890141808,2.4631480235640604,0.15511999999999992,-0.5966429159941535,-0.11621916800375498,41.63644381671173,0.3813549080048976,-0.890292,0.0,8.869673953071935,0.0,-0.4720964903053253,-0.5093464587626262,8,8,200,2.303196057420489,Cad_EM_200ppm_12.xlsx
16.087060134803387,0.20168218136687638,-0.508745,0.003309834890141808,2.455503083700411,0.15511999999999992,-0.5738581835666228,-0.14654079745674153,41.52183021548518,0.156690549220026,-0.890292,0.0,8.849875258670998,0.0,-0.474175289929748,-0.5107668434309298,8,8,200,2.303196057420489,Cad_EM_200ppm_13.xlsx
15.995680535001801,0.21295211667657446,-0.508745,0.003309834890141808,2.4508424940317948,0.15511999999999992,-0.5855404297028416,-0.13609742525460145,41.28435784834052,0.25319573137855755,-0.890292,0.0,8.822541614414483,0.0,-0.48652383395825427,-0.5011904456275509,8,8,200,2.303196057420489,Cad_EM_200ppm_14.xlsx
15.871354229698774,0.21417505974051818,-0.508745,0.003309834890141808,2.4504139185101446,0.15511999999999992,-0.6144662102505063,-0.10360950974098293,41.12276876363634,0.34075463604544287,-0.890292,0.0,8.809175251364746,0.0,-0.49475259064912047,-0.4974145393151414,8,8,200,2.303196057420489,Cad_EM_200ppm_15.xlsx
13.138674743632748,0.24850231346390758,-0.5200037500000001,0.030437486105746314,2.385016765369053,0.15511999999999992,-1.3078636047965166,1.0915133266165902,37.93426489980156,0.8355858220178836,-0.890292,0.0,8.213798358496925,0.0,-0.5339394525046524,-0.4792309265066074,8,8,200,2.303196057420489,Cad_EM_200ppm_16.xlsx
13.448057544020516,3.5524622684859195,-0.633842,0.004845102166105433,2.6142847315348234,0.19515199999999994,-1.5447622895594477,2.1242634946949375,35.79868045179471,1.4379418569577056,-0.890292,0.0,7.593943287005853,0.0,-0.509171434544309,-0.4264314017394344,8,8,200,2.303196057420489,Cad_EM_200ppm_17.xlsx
11.231041908703066,1.8400605202241502,-0.61007375,0.041865571307907655,2.3156739391712784,0.210163,-1.7847157929700868,2.6513708418923096,34.156306775072125,0.27738186617626825,-0.890292,0.0,7.396745367995389,0.0,-0.5577650335930433,-0.4014238476189338,8,8,200,2.303196057420489,Cad_EM_200ppm_18.xlsx
13.030685468461398,0.2876233285430629,-0.508745,0.003309834890141808,2.109602346153971,0.15511999999999992,-0.8551043007601584,0.3512555683240843,36.27091945820705,0.23300556825360966,-0.890292,0.0,7.947594017664244,0.0,-0.5687273729425981,-0.43855306121308646,8,8,200,2.303196057420489,Cad_EM_200ppm_19.xlsx
12.489307647348486,0.27691195770288735,-0.508745,0.003309834890141808,2.1198522523749967,0.15511999999999992,-1.041883579915686,0.6573537041163633,35.69657386667566,0.09597792676169382,-0.890292,0.0,7.838199955184127,0.0,-0.5775737335364832,-0.42750831847766824,8,8,200,2.303196057420489,Cad_EM_200ppm_20.xlsx
11.89507205875722,0.3140666740614252,-0.508745,0.003309834890141808,2.0720572263824932,0.15511999999999992,-1.1811623802518147,0.9373596622218738,34.909257584262235,0.16533663173510862,-0.890292,0.0,7.669565829820536,0.0,-0.5799546202588848,-0.42874204218686957,8,8,200,2.303196057420489,Cad_EM_200ppm_21.xlsx
11.24698353749099,0.32940182556102593,-0.508745,0.003309834890141808,2.0403557440785214,0.15511999999999992,-1.3627118736919848,1.3428437606790404,34.2494054232368,0.14712199644817445,-0.890292,0.0,7.526482750335932,0.0,-0.5823214640789641,-0.42576748289707395,8,8,200,2.303196057420489,Cad_EM_200ppm_22.xlsx
10.46989897201479,0.416398610212935,-0.52125475,0.03372997653330788,2.0362533131595475,0.15511999999999992,-1.619376630587189,2.000201720362147,33.73018621887624,0.10163732172246337,-0.890292,0.0,7.401099213741191,0.0,-0.5817779512458123,-0.42116500966494497,8,8,200,2.303196057420489,Cad_EM_200ppm_23.xlsx
9.923602773484832,0.3741671320332589,-0.5687915,0.06137404591722792,2.0896689396947234,0.15511999999999992,-1.9263192926042079,2.9765043251033707,33.41462778639067,0.1812540921314014,-0.890292,0.0,7.298916074124339,0.0,-0.573758084186931,-0.4237999312167948,8,8,200,2.303196057420489,Cad_EM_200ppm_24.xlsx
11.650610336886682,2.164966533146647,-0.633842,0.004845102166105433,2.3263240160606093,0.18013999999999997,-1.6904752064088502,2.5626645668528134,33.791700339835835,0.4127798137423229,-0.890292,0.0,7.284600324997147,0.0,-0.5402484846906839,-0.42706553402540387,8,8,200,2.303196057420489,Cad_EM_200ppm_25.xlsx
10.637865106502531,0.4400642253286824,-0.508745,0.003309834890141808,2.0627429374291744,0.15511999999999992,-1.612808950917123,2.002034254078583,34.24627724445796,0.178787025887904,-0.890292,0.0,7.491172802278488,0.0,-0.5789672363743221,-0.4138113858328604,8,8,200,2.303196057420489,Cad_EM_200ppm_26.xlsx
13.449919262968976,0.24724886541573202,-0.508745,0.003309834890141808,2.1599399474485526,0.15511999999999992,-0.8138004457374675,0.2790405595105116,37.048311812499975,0.1578508113782697,-0.890292,0.0,8.102384235138453,0.0,-0.5617604080921926,-0.44350776482019455,8,8,200,2.303196057420489,Cad_EM_200ppm_27.xlsx
10.042894055753933,0.5305104329403936,-0.6188303749999999,0.04515647428923536,2.1007390382845132,0.15511999999999992,-1.933951434605842,3.1552282012661714,33.760391745192976,0.1222368601664517,-0.890292,0.0,7.318174644396625,0.0,-0.5470578563718023,-0.45044037195807807,8,8,200,2.303196057420489,Cad_EM_200ppm_28.xlsx
13.568361502894977,3.256047227024266,-0.6438499999999999,0.004845102166105487,2.4745344629424952,0.1768043333333333,-1.264213065482649,1.6155329676843833,34.74887714574312,0.928157196648365,-0.890292,0.0,7.364839051532611,0.0,-0.4857928092364103,-0.4741829714532145,8,8,200,2.303196057420489,Cad_EM_200ppm_29.xlsx
11.626724339375897,0.3198697705853419,-0.508745,0.003309834890141808,2.0474131589774247,0.15511999999999992,-1.2429091622872925,1.0903887781256087,35.02664328782015,0.07338928325262428,-0.890292,0.0,7.667977929098852,0.0,-0.5687355494958275,-0.43756351005188193,8,8,200,2.303196057420489,Cad_EM_200ppm_30.xlsx
11.003189166405123,0.3562794177986855,-0.508745,0.003309834890141808,2.051502574344709,0.15511999999999992,-1.490288129520911,1.6636725086517614,34.70464731359576,0.05546756467650751,-0.890292,0.0,7.585361202611567,0.0,-0.5671406021533272,-0.4364892434294286,8,8,200,2.303196057420489,Cad_EM_200ppm_31.xlsx
10.423337680970413,0.3837848966293667,-0.5225057500000001,0.03702555992064807,2.072452216901306,0.15511999999999992,-1.7341226635159197,2.3334253622751593,34.57042911822689,0.06568720610828506,-0.890292,0.0,7.527266097173589,0.0,-0.5605364600106368,-0.4379523607492325,8,8,200,2.303196057420489,Cad_EM_200ppm_32.xlsx
10.137608448286404,0.44929161797433564,-0.60131675,0.05581910517186297,2.1507368671856657,0.15511999999999992,-1.9610030414931714,3.1603714718937503,34.36404136766322,0.1252733709649519,-0.890292,0.0,7.435157381546445,0.0,-0.5474258726445189,-0.4423678481086044,8,8,200,2.303196057420489,Cad_EM_200ppm_33.xlsx
13.819113449540001,3.415706885919007,-0.6400969999999999,0.0,2.574892601462336,0.19014799999999996,-1.3564844669209495,1.7782252409600685,35.678865585506834,1.3369048790375881,-0.890292,0.0,7.518021227148543,0.0,-0.47757703861237477,-0.463937837870479,8,8,200,2.303196057420489,Cad_EM_200ppm_34.xlsx
10.012348938816732,0.3302145975117294,-0.5225057500000001,0.03702555992064807,2.0415121826692557,0.15511999999999992,-1.8087553253249409,2.539822603548726,33.97493917293919,0.10200015225032646,-0.890292,0.0,7.400819382870607,0.0,-0.5561868793601217,-0.4496592395063777,8,8,200,2.303196057420489,Cad_EM_200ppm_35.xlsx
10.431027154482287,1.259582244599437,-0.6125754999999999,0.04267995547092336,2.135303627938532,0.15511999999999992,-1.793216295031594,2.7947361962615846,32.609137993402754,0.09554646169513097,-0.890292,0.0,7.125659342396032,0.0,-0.5624883438826815,-0.4349708542253167,8,8,200,2.303196057420489,Cad_EM_200ppm_36.xlsx
10.163362049305562,0.35181716967968796,-0.52125475,0.03372997653330788,2.0395850148222614,0.15511999999999992,-1.6717821490212526,2.091659298985154,33.41797540840095,0.2120567486556233,-0.890292,0.0,7.3486602866563535,0.0,-0.5713356780280079,-0.44759097860299796,8,8,200,2.303196057420489,Cad_EM_200ppm_37.xlsx
10.020874090449105,0.6751566135920072,-0.5913095,0.04989819909325387,2.0999640418540526,0.15511999999999992,-1.8242679222604556,2.654729844012416,32.774813877601886,0.09722826353202689,-0.890292,0.0,7.213765040472322,0.0,-0.5768249972458735,-0.432100863925,8,8,200,2.303196057420489,Cad_EM_200ppm_38.xlsx
10.571420786066021,0.3788668765366332,-0.508745,0.003309834890141808,2.043891737984884,0.15511999999999992,-1.5175300402530612,1.6852495367133633,33.88478083156112,0.17518436063219694,-0.890292,0.0,7.4403585497102025,0.0,-0.5727348510814655,-0.43475613744642805,8,8,200,2.303196057420489,Cad_EM_200ppm_39.xlsx
9.713812560750348,0.3375628220414421,-0.5362665,0.04849858437882492,2.0015331777281946,0.15511999999999992,-1.792885363148116,2.5074090643834053,33.02672815439212,0.20586234053260363,-0.890292,0.0,7.246159747357945,0.0,-0.5706894713658359,-0.4390757582282177,8,8,200,2.303196057420489,Cad_EM_200ppm_40.xlsx
10.897349227507224,0.30825897187418044,-0.508745,0.003309834890141808,2.0492811987778956,0.15511999999999992,-1.450563006567286,1.4755371672912045,34.115104043524504,0.18442516207708062,-0.890292,0.0,7.489325357078412,0.0,-0.5661734264987004,-0.45367263690097076,8,8,200,2.303196057420489,Cad_EM_200ppm_41.xlsx
11.416038036787526,0.2929175793105891,-0.508745,0.003309834890141808,2.0508756366356886,0.15511999999999992,-1.2845004152786157,1.0977921103370805,34.65316441563851,0.18644506154662582,-0.890292,0.0,7.598999312439615,0.0,-0.5620564402103249,-0.4582061941528891,8,8,200,2.303196057420489,Cad_EM_200ppm_42.xlsx
14.386645364799733,3.3301167345597995,-0.6476029999999999,0.004333591120537338,2.551851048942102,0.17263449999999997,-1.1016405343077924,1.2248020679001463,35.54102056844334,1.0744918672993056,-0.890292,0.0,7.462379308233988,0.0,-0.4499461900895045,-0.5031601965932172,8,8,200,2.303196057420489,Cad_EM_200ppm_43.xlsx
10.493048608657977,0.958145378963267,-0.6200813749999999,0.04558762175179106,2.1373307565220885,0.15511999999999992,-1.79246707633745,2.8093960300464946,33.55846876466448,0.12116223859261367,-0.890292,0.0,7.236105139627225,0.0,-0.5294266393557809,-0.46446027538573725,8,8,200,2.303196057420489,Cad_EM_200ppm_44.xlsx
11.117529797249237,1.457958024352969,-0.6363439999999999,0.004845102166105433,2.186231940736973,0.200156,-1.6184170431013163,2.435746316919529,33.14815466378516,0.11599909946367447,-0.890292,0.0,7.135163666106081,0.0,-0.5161568158404516,-0.4725377035316031,8,8,200,2.303196057420489,Cad_EM_200ppm_45.xlsx
9.650721404870104,0.6253195593236951,-0.595062125,0.05224218029867605,2.0249657514005124,0.15511999999999992,-1.878152270621622,2.9019420706715833,32.746091811534974,0.16483909302707883,-0.890292,0.0,7.126959432182336,0.0,-0.5485315349703563,-0.45557691864814964,8,8,200,2.303196057420489,Cad_EM_200ppm_46.xlsx
9.695268289799767,0.3112620893100753,-0.54627425,0.049520307616547576,2.0127346720243855,0.15511999999999992,-1.7581667342592033,2.3710478090611495,33.15163907849475,0.19201379377653702,-0.890292,0.0,7.243364214124242,0.0,-0.557598335048803,-0.44732256133765513,8,8,200,2.303196057420489,Cad_EM_200ppm_47.xlsx
10.216815973800468,0.972500583793084,-0.6400969999999999,0.0,2.065815777092619,0.15511999999999992,-1.7744069665648576,2.791476448430598,32.55202154565744,0.12123136563588144,-0.890292,0.0,7.11014227640313,0.0,-0.545361864845384,-0.47547283335373997,8,8,200,2.303196057420489,Cad_EM_200ppm_48.xlsx
9.37319745492422,0.2819559234368924,-0.5700425,0.06269844387423024,1.9591133104694793,0.15511999999999992,-1.9146280256961505,2.946393443388426,33.0503675294823,0.18175537284000365,-0.890292,0.0,7.232027397338787,0.0,-0.5503579630949496,-0.4806170163533676,8,8,200,2.303196057420489,Cad_EM_200ppm_49.xlsx
10.049835145580806,0.3623771694988536,-0.508745,0.003309834890141808,1.9385183875256378,0.15511999999999992,-1.6831831888786897,2.1740801788718773,33.712797689903475,0.19225261940429123,-0.890292,0.0,7.388073224473795,0.0,-0.5546709687787964,-0.4774443331346674,8,8,200,2.303196057420489,Cad_EM_200ppm_50.xlsx
10.858109170075718,1.7572014147753443,-0.6501049999999999,0.0,1.8018708242452595,0.16888124999999996,-0.83835702812651,0.7079649309584328,35.50508017814302,3.4241886666359838,-0.890292,0.0,6.950153502501225,0.0,-0.3840976238712768,-0.4726954642020388,8,8,400,2.603144372620182,Cad_EM_400ppm_01.xlsx
8.099626453400036,0.8538616743108544,-0.6400969999999999,0.0,1.5608703694881356,0.19515099999999996,-1.814021594385336,3.5810835840018624,32.70259422056276,0.557791708520158,-0.890292,0.0,6.8116022151708595,0.0,-0.4841302400251739,-0.5035699903446165,8,8,400,2.603144372620182,Cad_EM_400ppm_02.xlsx
7.104129245048666,0.4010052045775592,-0.630089,0.0,1.4682295630448072,0.15511999999999992,-2.217280669231604,4.787325934693386,32.43214834292026,0.418453948679543,-0.890292,0.0,6.825571171050795,0.0,-0.4985451886431386,-0.49539748876178225,8,8,400,2.603144372620182,Cad_EM_400ppm_03.xlsx
12.847578844074633,3.6875981809976826,-0.6463519999999999,0.004845102166105487,2.1102909387046678,0.17388549999999997,-0.7708531354930107,0.4613875621232442,41.004097041995834,8.431575302227895,-0.890292,0.0,7.3588571360663195,0.0,-0.1802109826336329,-0.32192427541778473,8,8,400,2.603144372620182,Cad_EM_400ppm_04.xlsx
8.409198108116843,1.018748243565035,-0.6363439999999999,0.004845102166105433,1.6124633902923202,0.2001555,-1.7271087100646891,3.273456050408946,34.13516867287606,1.4509404734195404,-0.890292,0.0,6.931895734928142,0.0,-0.45009829576128746,-0.46736806285339855,8,8,400,2.603144372620182,Cad_EM_400ppm_05.xlsx
7.151720755411223,0.3971553280310806,-0.626336375,0.004844618043187197,1.482560039970466,0.15511999999999992,-2.190167707752297,4.64346596278444,32.9840865806863,0.09128944516886309,-0.890292,0.0,6.854615137398252,0.0,-0.48789568131481376,-0.4739246741352903,8,8,400,2.603144372620182,Cad_EM_400ppm_06.xlsx
8.088498356664829,0.20248054011609948,-0.6375949999999999,0.004333591120537291,1.551229123264838,0.15511999999999992,-1.7881246020743629,3.5019368498708814,33.109097821739695,0.26485220905165624,-0.890292,0.0,6.8437152634044205,0.0,-0.47131907171222875,-0.4946343494099887,8,8,400,2.603144372620182,Cad_EM_400ppm_07.xlsx
8.088498356664829,0.20248054011609948,-0.6375949999999999,0.004333591120537291,1.551229123264838,0.15511999999999992,-1.7881246020743629,3.5019368498708814,33.109097821739695,0.26485220905165624,-0.890292,0.0,6.8437152634044205,0.0,-0.47131907171222875,-0.4946343494099887,8,8,400,2.603144372620182,Cad_EM_400ppm_08.xlsx
9.458246275486974,1.652749765115045,-0.6413479999999999,0.003309834890141808,1.7035061844384103,0.19264924999999997,-1.3419616045276292,2.126993806914716,34.783326122050845,2.8397715430101296,-0.890292,0.0,6.955865228222306,0.0,-0.41262379632074864,-0.47022270942702504,8,8,400,2.603144372620182,Cad_EM_400ppm_09.xlsx
8.090476134235175,0.8707166980566993,-0.6388459999999999,0.0033098348901417717,1.5506614655986433,0.2001555,-1.7734490526186713,3.44795752743119,32.86929591311777,0.8012781207185028,-0.890292,0.0,6.80468713884275,0.0,-0.47809935515669005,-0.4825482738194484,8,8,400,2.603144372620182,Cad_EM_400ppm_10.xlsx
8.002078542532429,0.8179108076305279,-0.6400969999999999,0.0,1.5280968487020283,0.19515149999999998,-1.752056874355688,3.3970892674740085,32.638680613180895,0.8920740084269987,-0.890292,0.0,6.789573318992577,0.0,-0.480875562164409,-0.4905588479123199,8,8,400,2.603144372620182,Cad_EM_400ppm_11.xlsx
8.527744879392095,0.8462449916613457,-0.6400969999999999,0.0,1.5853779193751776,0.19765324999999997,-1.5698545245628779,2.8270349170472415,32.8218275880366,1.0358447542954679,-0.890292,0.0,6.794236867794796,0.0,-0.47082222724194,-0.49839461939133395,8,8,400,2.603144372620182,Cad_EM_400ppm_12.xlsx
14.119295751839777,4.416674528665453,-0.6413479999999999,0.003309834890141808,2.3325726015546056,0.17388549999999997,-0.7592228251507713,0.4096506398498182,43.7858143363095,9.406044792776514,-0.890292,0.0,7.750925047638502,0.0,-0.11621852668353924,-0.3193123309420743,8,8,400,2.603144372620182,Cad_EM_400ppm_13.xlsx
14.231878663915897,4.735066788627748,-0.6375949999999999,0.004333591120537291,2.450901772138455,0.18585885714285708,-0.9602472943112499,0.8754800670348808,45.4031294195752,9.54770012570628,-0.890292,0.0,8.045149149388187,0.0,-0.10581700831527362,-0.3139438734473787,8,8,400,2.603144372620182,Cad_EM_400ppm_14.xlsx
12.220911625036027,3.0836607565997993,-0.6388459999999999,0.0033098348901417717,2.1743030036934767,0.1881464,-1.1305801834537885,1.3228281038172427,41.68358008330625,6.565985187965773,-0.890292,0.0,7.685720661325984,0.0,-0.22110568290906848,-0.38922881293572825,8,8,400,2.603144372620182,Cad_EM_400ppm_15.xlsx
10.419424375649307,1.8866548061827393,-0.6388459999999999,0.0033098348901417717,1.9551288793682597,0.193484,-1.4257994788860084,2.1246943459085452,38.48762473937137,3.528858511399644,-0.890292,0.0,7.442859015460893,0.0,-0.3296954980314323,-0.4461636495121472,8,8,400,2.603144372620182,Cad_EM_400ppm_16.xlsx
8.282950473412662,0.4649732159027521,-0.630089,0.0,1.685523018124036,0.15511999999999992,-1.9360757328363132,3.5573491231104475,35.080200564506654,0.28947730227507945,-0.890292,0.0,7.1369004096076525,0.0,-0.4403504712195469,-0.47283081026559554,8,8,400,2.603144372620182,Cad_EM_400ppm_17.xlsx
7.721098438113236,0.2814144085794161,-0.630089,0.0,1.6333063277393083,0.15511999999999992,-2.080180677854321,3.8600030584804976,34.61130418776152,0.14673969456838576,-0.890292,0.0,7.1279998517577186,0.0,-0.4561387072587604,-0.4825258087674992,8,8,400,2.603144372620182,Cad_EM_400ppm_18.xlsx
7.933310451866845,0.045255154406889896,-0.630089,0.0,1.655538249810752,0.15511999999999992,-2.029681713320123,3.6861452330294577,34.55391585673249,0.07117182129734413,-0.890292,0.0,7.138375818073667,0.0,-0.45423651611921134,-0.49568597964476346,8,8,400,2.603144372620182,Cad_EM_400ppm_19.xlsx
8.248101017135605,0.18526138927252986,-0.630089,0.0,1.6703455471274382,0.15511999999999992,-1.9183240980558465,3.4158851814966784,34.461661819940446,0.0912369785707904,-0.890292,0.0,7.125518249947506,0.0,-0.4522276831469514,-0.501390754576471,8,8,400,2.603144372620182,Cad_EM_400ppm_20.xlsx
9.440829393380191,1.1162856979784377,-0.6388459999999999,0.0033098348901417717,1.7687880171729637,0.195152,-1.4731638255002326,2.3383917089984507,34.939336593357666,1.5526367712749995,-0.890292,0.0,7.106968906720908,0.0,-0.4079612596176978,-0.5088944538134069,8,8,400,2.603144372620182,Cad_EM_400ppm_21.xlsx
8.773478630312011,0.23294743587887215,-0.6400969999999999,0.0,1.6788731614770196,0.15511999999999992,-1.6368326382854832,2.8070976152266613,33.87454420836488,0.056526342806375356,-0.890292,0.0,7.00019290114965,0.0,-0.44278293268525565,-0.5203550468940834,8,8,400,2.603144372620182,Cad_EM_400ppm_22.xlsx
8.281879416810929,0.30305851534841144,-0.6400969999999999,0.0,1.6679041643350405,0.15511999999999992,-1.8719770703365017,3.3051698453173346,33.89989808874908,0.10671009321831465,-0.890292,0.0,7.042880588956965,0.0,-0.44555964861662467,-0.5266989915726624,8,8,400,2.603144372620182,Cad_EM_400ppm_23.xlsx
8.286407041206669,0.10190257328399947,-0.6400969999999999,0.0,1.6756473731109136,0.15511999999999992,-1.890680164897344,3.3305731275761663,33.965657348142116,0.05073957768364065,-0.890292,0.0,7.07199718255876,0.0,-0.4438841174469387,-0.5348068330689927,8,8,400,2.603144372620182,Cad_EM_400ppm_24.xlsx
8.422784462887769,0.3501784037629629,-0.6400969999999999,0.0,1.6608349256677408,0.15511999999999992,-1.8062365571304413,3.164352723929709,33.877469032219494,0.1671546159475536,-0.890292,0.0,7.0600652810077476,0.0,-0.44191325714599683,-0.541043868645819,8,8,400,2.603144372620182,Cad_EM_400ppm_25.xlsx
8.282544346924567,0.12846308112083993,-0.6375949999999999,0.004333591120537291,1.6668391485896423,0.15511999999999992,-1.8765027229005917,3.2956098358774653,33.9243873274621,0.055843411299040836,-0.890292,0.0,7.071123675799894,0.0,-0.44173447775386815,-0.5388283655264092,8,8,400,2.603144372620182,Cad_EM_400ppm_26.xlsx
8.767555573926732,0.1891709743674422,-0.6463519999999999,0.004845102166105487,1.6903016576876992,0.15511999999999992,-1.6851048082500655,2.879258136091178,34.12507031829904,0.14111122185078118,-0.890292,0.0,7.086128002285811,0.0,-0.4265055124160615,-0.5563710462681578,8,8,400,2.603144372620182,Cad_EM_400ppm_27.xlsx
8.83891326071425,0.3213957538985043,-0.6400969999999999,0.0,1.7226091150474003,0.15511999999999992,-1.720662281896217,2.914205619199437,34.3037277910714,0.06890640975003982,-0.890292,0.0,7.108101407284607,0.0,-0.42302151853901176,-0.5550383754575718,8,8,400,2.603144372620182,Cad_EM_400ppm_28.xlsx
8.555566535894624,0.5091920243981641,-0.6476029999999999,0.004333591120537338,1.6694950141387315,0.15511999999999992,-1.7563176532234595,3.059381352030021,33.99082583826207,0.4195936219639284,-0.890292,0.0,7.077407308243061,0.0,-0.42523825029098383,-0.5610345134135185,8,8,400,2.603144372620182,Cad_EM_400ppm_29.xlsx
9.08784999762803,0.3492151212381554,-0.6400969999999999,0.0,1.7225946924400588,0.15511999999999992,-1.6009779752820186,2.679507534208676,34.24443375689032,0.1824008640777546,-0.890292,0.0,7.095400233421981,0.0,-0.4151702124474786,-0.5669205560060269,8,8,400,2.603144372620182,Cad_EM_400ppm_30.xlsx
9.973310443362152,0.600062468871173,-0.6501049999999999,0.0,1.793984009449722,0.18764599999999998,-1.272013275955164,1.8690304962147235,34.80084728180013,0.6780170171293757,-0.890292,0.0,7.145158363939894,0.0,-0.39290882430588514,-0.578450475156838,8,8,400,2.603144372620182,Cad_EM_400ppm_31.xlsx
9.200239160903639,0.41887346972713696,-0.6501049999999999,0.0,1.7169210734919425,0.19014799999999998,-1.5105113199036917,2.4832861450814274,34.258688068587645,0.09695467294701983,-0.890292,0.0,7.093334420668994,0.0,-0.41053875188933975,-0.5761520082530822,8,8,400,2.603144372620182,Cad_EM_400ppm_32.xlsx
8.614228532323198,0.20375310789018194,-0.6451009999999999,0.0050040000000000084,1.691180977340733,0.15511999999999992,-1.7731521759596514,3.0827387132975703,34.26855015652505,0.07953025668742572,-0.890292,0.0,7.120955448501674,0.0,-0.41405065209385183,-0.5759732744178527,8,8,400,2.603144372620182,Cad_EM_400ppm_33.xlsx
14.827333261156149,4.031152495648298,-0.6400969999999999,0.0,2.498215395347173,0.17763825,-0.8378501707908991,0.6635924026833468,46.19113617274529,8.078438794039029,-0.890292,0.0,8.366559358322998,0.0,-0.1308025672971725,-0.4122246114219379,8,8,400,2.603144372620182,Cad_EM_400ppm_34.xlsx
9.290863481204866,0.5933340652046712,-0.6400969999999999,0.0,1.8407379327385236,0.15511999999999992,-1.7729296304042879,3.010555943751927,38.05390715113183,0.5610440556460982,-0.890292,0.0,7.59676840552486,0.0,-0.37945364209734805,-0.49753961331498564,8,8,400,2.603144372620182,Cad_EM_400ppm_35.xlsx
9.291016595030626,0.7193157380444329,-0.6400969999999999,0.0,1.8344563662479367,0.15511999999999992,-1.7410350564356283,2.8970455805198583,37.31650793751351,0.6807425822104526,-0.890292,0.0,7.502465643291199,0.0,-0.3869084780274221,-0.5126625303350745,8,8,400,2.603144372620182,Cad_EM_400ppm_36.xlsx
8.94773817539679,0.48885380201469253,-0.6438499999999999,0.004845102166105487,1.7810913441087401,0.15511999999999992,-1.798294582628849,3.066646059292836,36.5293409215007,0.4916201193466494,-0.890292,0.0,7.420866543632737,0.0,-0.4012198721089697,-0.5224152994238854,8,8,400,2.603144372620182,Cad_EM_400ppm_37.xlsx
12.951322908766185,2.5064706391029916,-0.6488539999999999,0.003309834890141808,2.203730555890833,0.17763837499999996,-0.8934022153440252,0.8195643310863182,41.42131077745307,4.23025342916512,-0.890292,0.0,7.81815411475776,0.0,-0.22892539605803502,-0.487641995092518,8,8,400,2.603144372620182,Cad_EM_400ppm_38.xlsx
9.895349009244187,0.6399890794834905,-0.6438499999999999,0.004845102166105487,1.8559096701146087,0.195152,-1.4969835182005589,2.3845252498857747,37.2586210144796,0.3577185418198264,-0.890292,0.0,7.477541285150082,0.0,-0.3779795603053831,-0.5232015187476424,8,8,400,2.603144372620182,Cad_EM_400ppm_39.xlsx
11.903528763131268,1.8751025876953011,-0.6488539999999999,0.003309834890141808,2.066227264844815,0.17871071428571425,-1.0003369250213108,1.0864865787896871,38.9426703260687,2.562090585596439,-0.890292,0.0,7.55609917242757,0.0,-0.2867575714756312,-0.5227707548556951,8,8,400,2.603144372620182,Cad_EM_400ppm_40.xlsx
11.903528763131268,1.8751025876953011,-0.6488539999999999,0.003309834890141808,2.066227264844815,0.17871071428571425,-1.0003369250213108,1.0864865787896871,38.9426703260687,2.562090585596439,-0.890292,0.0,7.55609917242757,0.0,-0.2867575714756312,-0.5227707548556951,8,8,400,2.603144372620182,Cad_EM_400ppm_41.xlsx
11.903528763131268,1.8751025876953011,-0.6488539999999999,0.003309834890141808,2.066227264844815,0.17871071428571425,-1.0003369250213108,1.0864865787896871,38.9426703260687,2.562090585596439,-0.890292,0.0,7.55609917242757,0.0,-0.2867575714756312,-0.5227707548556951,8,8,400,2.603144372620182,Cad_EM_400ppm_42.xlsx
13.984624500532055,2.7569421085418915,-0.6488539999999999,0.003309834890141808,2.299925139279896,0.16888187499999996,-0.7056104192515721,0.38374738796685326,42.1529748394841,4.6394965757289075,-0.890292,0.0,7.835513570334712,0.0,-0.18471931375497355,-0.48231165446036983,8,8,400,2.603144372620182,Cad_EM_400ppm_43.xlsx
9.818621645292168,0.7656638516224299,-0.6488539999999999,0.003309834890141808,1.8678520283896973,0.195152,-1.5627238000674446,2.537889227206216,37.2713817832296,0.381536215006172,-0.890292,0.0,7.468013344505922,0.0,-0.37036034071479706,-0.5218329803873515,8,8,400,2.603144372620182,Cad_EM_400ppm_44.xlsx
10.258384824296494,0.9010447657079043,-0.6488539999999999,0.003309834890141808,1.8879022530617444,0.19014799999999998,-1.3403336460530904,1.949556995370667,36.81823694025972,0.8902461921945708,-0.890292,0.0,7.370702013013537,0.0,-0.35079375599248674,-0.5386910451724091,8,8,400,2.603144372620182,Cad_EM_400ppm_45.xlsx
10.892735914700534,1.2330544588508519,-0.6488539999999999,0.003309834890141808,1.9214828800339054,0.18014033333333332,-1.121797986439025,1.4294382651171622,36.581552711002864,1.0785222635801286,-0.890292,0.0,7.311466841541954,0.0,-0.34797624884718215,-0.5479128218872773,8,8,400,2.603144372620182,Cad_EM_400ppm_46.xlsx
10.430948276370813,0.975905133572043,-0.6488539999999999,0.003309834890141808,1.8741941396104993,0.18264199999999997,-1.2316571214710046,1.7075413922531975,35.9883889854933,0.7319575732696729,-0.890292,0.0,7.274124460833702,0.0,-0.3654507045672614,-0.5552798366209103,8,8,400,2.603144372620182,Cad_EM_400ppm_47.xlsx
9.341820963464968,0.5303342188290294,-0.6501049999999999,0.0,1.7718565799693757,0.19014799999999998,-1.5739599131071467,2.584728293881396,35.24775649769118,0.14902029155723595,-0.890292,0.0,7.2238415997376615,0.0,-0.39938919855709404,-0.5497727606641698,8,8,400,2.603144372620182,Cad_EM_400ppm_48.xlsx
9.505037435173119,0.6205179043015467,-0.6501049999999999,0.0,1.7715763937498994,0.19014799999999998,-1.486605083599073,2.3815564331413333,35.157752094805176,0.3791146254497666,-0.890292,0.0,7.214751081519305,0.0,-0.3955826004126597,-0.5560722853016262,8,8,400,2.603144372620182,Cad_EM_400ppm_49.xlsx
9.452475898574997,0.6903888683275224,-0.6501049999999999,0.0,1.7762568093182445,0.19014799999999998,-1.5321413962299135,2.476593028735686,35.09227626471409,0.31128812234675424,-0.890292,0.0,7.208891891732953,0.0,-0.39658728275862243,-0.5577037166912895,8,8,400,2.603144372620182,Cad_EM_400ppm_50.xlsx
9.733909247736253,4.573502115883505,-0.683881,0.021192870811902787,1.8323124086215663,0.19615199999999997,-1.9018364942311115,4.458302980237947,51.09120695763885,10.596931342800556,-0.890292,0.0,8.204146359677928,0.0,0.25688882533160956,-0.26276778202211803,8,8,600,2.7788744720027396,Cad_600ppm_1.xlsx
5.571899007318724,0.4947025581390007,-0.508745,0.003309834890141808,1.0423368005749378,0.15511999999999992,-2.241819049275785,5.475221711426212,37.95097576408278,3.7437762922109123,-0.890292,0.0,6.634833265148848,0.0,-0.024937096394289135,-0.41118543332009594,8,8,600,2.7788744720027396,Cad_600ppm_10.xlsx
5.124210738113259,0.17813358055487682,-0.56754075,0.04740516969632637,1.1242929164716167,0.15511999999999992,-2.5762175769110627,6.301084772478786,33.64998849052577,0.5629258664219419,-0.890292,0.0,6.1148221484370495,0.0,-0.21859871794052596,-0.3823876012055714,8,8,600,2.7788744720027396,Cad_600ppm_11.xlsx
26.729684596681032,27.381339992987826,-0.6513557499999999,0.0231684797664305,3.4836335471232567,0.14511266666666664,-0.6982150536071436,1.2292346947209376,75.14337778607046,47.31802357052407,-0.8852880000000001,0.013239339560567196,9.97093505395534,0.0,0.5718941924599823,-0.17755298385269241,8,8,600,2.7788744720027396,Cad_600ppm_12.xlsx
7.898161077295251,2.944312320379304,-0.59005825,0.05342704591485009,1.5194699064166985,0.19515199999999994,-1.868265815084753,3.770166667486786,40.42530128316196,7.297023871801384,-0.890292,0.0,6.716995869640003,0.0,0.06225587131142485,-0.28001328451964025,8,8,600,2.7788744720027396,Cad_600ppm_13.xlsx
6.170980353422623,0.41107188035776154,-0.508745,0.003309834890141808,0.9660918696235832,0.15511999999999992,-1.1986954327170434,2.423162042577272,35.505666634636526,3.3794108398179925,-0.890292,0.0,6.430808282966788,0.0,-0.12625438077323345,-0.46670843550511876,8,8,600,2.7788744720027396,Cad_600ppm_14.xlsx
5.615167741738813,0.07536313068620772,-0.508745,0.003309834890141808,0.8865100384972461,0.15511999999999992,-1.2223228020465355,2.446798962469485,30.926025376605317,0.4343483364996886,-0.890292,0.0,5.9803615801495535,0.0,-0.3653827127919027,-0.4424358303146024,8,8,600,2.7788744720027396,Cad_600ppm_15.xlsx
5.6938743493867285,0.19587958099226319,-0.508745,0.003309834890141808,0.9089930843494012,0.15511999999999992,-1.1795117848699466,2.31125108705402,31.131236152398973,0.27735268825706966,-0.890292,0.0,5.98690375196613,0.0,-0.3646503448597147,-0.4278783885903563,8,8,600,2.7788744720027396,Cad_600ppm_16.xlsx
8.53817017501803,1.5027382510031977,-0.550027,0.07234025951709046,1.8787914970936224,0.15511999999999992,-2.352595172632307,4.863066369457442,56.736643814831325,9.229448257056395,-0.890292,0.0,8.43390451558672,0.0,0.5652447131601939,-0.26674980884218835,8,8,600,2.7788744720027396,Cad_600ppm_17.xlsx
6.822682049481418,0.45055087148375117,-0.508745,0.003309834890141808,1.2599278821763331,0.15511999999999992,-1.9836347905246308,4.1853396978371435,38.12181622435965,2.9954195820204053,-0.890292,0.0,6.732139070143322,0.0,-0.013021438795991158,-0.48171877960612214,8,8,600,2.7788744720027396,Cad_600ppm_18.xlsx
6.586089362139248,0.37219906081956344,-0.508745,0.003309834890141808,1.2941794827185,0.15511999999999992,-2.0390634837672543,4.108777564257956,36.004816316842515,2.416892183310368,-0.890292,0.0,6.541283819673321,0.0,-0.12260392843915333,-0.5012813956860677,8,8,600,2.7788744720027396,Cad_600ppm_19.xlsx
4.545706606872277,0.4143494412602607,-0.6125756250000001,0.10517093727943275,0.960168607317903,0.15511999999999992,-2.9213517106833162,8.697388845103234,38.81264468071787,1.3582703840399104,-0.890292,0.0,6.776844667621666,0.0,-0.05431686986523817,-0.35922427113217076,8,8,600,2.7788744720027396,Cad_600ppm_2.xlsx
5.859832712220398,1.218360654609921,-0.631340375,0.09695650961634486,1.1461627276778452,0.15511999999999992,-2.483809305105872,6.600568004610851,43.76974029237912,6.815456736718884,-0.890292,0.0,7.793602014134912,0.0,-0.05280407417166855,-0.4436674247624761,8,8,600,2.7788744720027396,Cad_600ppm_20.xlsx
5.4424626551587325,0.1648443879451123,-0.508745,0.003309834890141808,0.9070091362441879,0.15511999999999992,-1.872911799449974,4.548269168002567,36.02664482959052,1.3505512112650915,-0.890292,0.0,6.807149931607836,0.0,-0.2854851318658813,-0.4404701524021214,8,8,600,2.7788744720027396,Cad_600ppm_21.xlsx
8.018757916242789,0.9641119666497661,-0.508745,0.003309834890141808,1.6219073107705761,0.15511999999999992,-2.2328083297490213,4.564041065825242,48.814041778188106,7.419254937683221,-0.890292,0.0,8.138131071166892,0.0,0.16051456460652466,-0.3875434132215798,8,8,600,2.7788744720027396,Cad_600ppm_22.xlsx
13.230955660687187,0.27573653520445013,-0.687634,0.004333591120537338,2.5312824729421717,0.15511999999999992,-1.6710932026806846,2.521059692624394,61.340634033261146,3.826193800799267,-0.890292,0.0,10.507778746527228,0.0,0.1167684176838409,-0.5704950882381572,8,8,600,2.7788744720027396,Cad_600ppm_23.xlsx
6.77199752915765,0.5918015466334634,-0.508745,0.003309834890141808,1.1998999789835971,0.15511999999999992,-1.8648964590373578,4.061393873829013,43.62096016488544,5.987326278620903,-0.890292,0.0,7.453604112503811,0.0,0.06597061525129379,-0.39485275773983397,8,8,600,2.7788744720027396,Cad_600ppm_24.xlsx
8.283077999891766,0.41534019176808246,-0.508745,0.003309834890141808,1.60234892045471,0.15511999999999992,-1.8939365340197312,3.103874210828515,42.06043510220055,1.3386613427543514,-0.890292,0.0,7.398833644865759,0.0,-0.016148874602410844,-0.44656719092389946,8,8,600,2.7788744720027396,Cad_600ppm_25.xlsx
9.1020705426046,0.36434409801536505,-0.5813014999999999,0.09205500466433097,1.8589922451487775,0.15511999999999992,-1.97479102909303,3.274281627668927,50.60863497968973,1.4420811515878127,-0.890292,0.0,8.779739105577178,0.0,0.0352999481728038,-0.5333638110817687,8,8,600,2.7788744720027396,Cad_600ppm_26.xlsx
8.73456341933622,0.6788185565471965,-0.508745,0.003309834890141808,1.6899764537972828,0.15511999999999992,-2.002257194685532,3.5566252132533007,58.5721534880862,5.348592890100072,-0.890292,0.0,8.553011793966036,0.0,0.5768474191245571,-0.04809296952006842,8,8,600,2.7788744720027396,Cad_600ppm_27.xlsx
8.170601183630959,0.13931537445449022,-0.508745,0.003309834890141808,1.6059290072413348,0.15511999999999992,-1.9382506287567993,3.136542820277905,40.710432435827,1.3258163722832417,-0.890292,0.0,7.385359766767822,0.0,-0.17199983375970365,-0.410926794697545,8,8,600,2.7788744720027396,Cad_600ppm_28.xlsx
9.17198014752886,0.4167747698960981,-0.508745,0.003309834890141808,1.5673049591378743,0.15511999999999992,-1.3598293740282448,1.954397679859063,44.795775334415566,3.0146813206668512,-0.890292,0.0,7.490846871132005,0.0,0.14653556235011664,-0.39718671759331364,8,8,600,2.7788744720027396,Cad_600ppm_29.xlsx
4.150540090313852,0.10763557321944284,-0.508745,0.003309834890141808,0.6649351118944782,0.15511999999999992,-2.0507346959920203,5.580741434019937,36.04970877651063,0.6414394022541414,-0.890292,0.0,6.4686875412767595,0.0,-0.1282329111574767,-0.4107605473568151,8,8,600,2.7788744720027396,Cad_600ppm_3.xlsx
8.161458327362913,0.16014624794502977,-0.508745,0.003309834890141808,1.413501516141706,0.15511999999999992,-1.5054813312753175,2.289728602021074,39.017831700189376,1.1278197421212204,-0.890292,0.0,7.126250143256199,0.0,-0.20324144311214265,-0.39938171908309716,8,8,600,2.7788744720027396,Cad_600ppm_30.xlsx
8.02135496854256,0.39693868894127377,-0.508745,0.003309834890141808,1.452021287339388,0.15511999999999992,-1.6923782659286728,2.8580625134438646,66.91505592549149,3.3319267118141314,-0.890292,0.0,8.51576709588778,0.0,0.9576700863293514,0.7730414824096584,8,8,600,2.7788744720027396,Cad_600ppm_31.xlsx
7.992183096969697,0.29379918415774103,-0.508745,0.003309834890141808,1.6147857066709461,0.15511999999999992,-1.9486961868446764,3.0552701372276916,42.00888531012805,1.2777071552267996,-0.890292,0.0,7.419845033173297,0.0,-0.07468992239797433,-0.38421070077453295,8,8,600,2.7788744720027396,Cad_600ppm_32.xlsx
7.986049767352101,0.19375199221437084,-0.508745,0.003309834890141808,1.5806627124836037,0.15511999999999992,-1.8981054289401214,2.982897609734029,44.35227652899078,2.7039329785895507,-0.890292,0.0,7.8037819778027275,0.0,-0.11610564102110957,-0.35783030757724943,8,8,600,2.7788744720027396,Cad_600ppm_33.xlsx
9.420019546653993,0.4066121255591213,-0.708901,0.003309834890141808,1.8218017578627976,0.15511999999999992,-1.7485493285655003,2.913241618359439,76.09062134999095,2.613782525784009,-0.890292,0.0,9.512257824935054,0.0,0.9855245284288483,0.94769055790907,8,8,600,2.7788744720027396,Cad_600ppm_34.xlsx
12.504203119381259,0.8883708606529028,-0.693889,0.00696527321790037,2.1228925737320745,0.13760724999999993,-0.9110606624252282,1.0728081828992324,63.72659527998284,5.020019495547747,-0.890292,0.0,10.028647577304376,0.0,0.1942649323487477,-0.15417865502631173,8,8,600,2.7788744720027396,Cad_600ppm_35.xlsx
10.444127056376225,0.7385200425357247,-0.6713715,0.06116989466845598,1.9842957628673645,0.15011699999999994,-1.5787256957016322,2.344239924485678,55.050241054743836,3.2190324007131905,-0.890292,0.0,9.303540766976202,0.0,0.00612092047100747,-0.35914263287917314,8,8,600,2.7788744720027396,Cad_600ppm_36.xlsx
11.703264396554776,0.24921755693438813,-0.706399,0.004845102166105487,1.7664387197513454,0.12581171428571425,-0.4842380884012081,0.7217409470573788,63.808878291378036,4.319509719787639,-0.890292,0.0,10.634617032492343,0.0,-0.02025508698697993,-0.3918237066510423,8,8,600,2.7788744720027396,Cad_600ppm_37.xlsx
12.807617743416255,0.5286780313057737,-0.692638,0.006619669780283616,2.365177626144577,0.16012399999999993,-1.3469693254581563,1.8462831079133566,82.07028158136268,2.96457137075797,-0.890292,0.0,10.68663058325793,0.0,0.8518220392049443,0.6579965798825842,8,8,600,2.7788744720027396,Cad_600ppm_38.xlsx
11.703264396554776,0.24921755693438813,-0.706399,0.004845102166105487,1.7664387197513454,0.12581171428571425,-0.4842380884012081,0.7217409470573788,63.808878291378036,4.319509719787639,-0.890292,0.0,10.634617032492343,0.0,-0.02025508698697993,-0.3918237066510423,8,8,600,2.7788744720027396,Cad_600ppm_39.xlsx
4.202943582557711,0.3721321858361501,-0.588807125,0.10441674617420989,0.8852793409336162,0.15511999999999992,-2.9787132890602788,8.892111973895073,38.191446322564914,1.2919716037711217,-0.890292,0.0,6.629925958098397,0.0,-0.06276538493842654,-0.34214588586153455,8,8,600,2.7788744720027396,Cad_600ppm_4.xlsx
12.807617743416255,0.5286780313057737,-0.692638,0.006619669780283616,2.365177626144577,0.16012399999999993,-1.3469693254581563,1.8462831079133566,82.07028158136268,2.96457137075797,-0.890292,0.0,10.68663058325793,0.0,0.8518220392049443,0.6579965798825842,8,8,600,2.7788744720027396,Cad_600ppm_40.xlsx
11.158012159929601,1.2686359774084703,-0.690136,0.0,2.250709216267639,0.15511999999999992,-1.7462765628515333,2.517413964419892,73.05236791286072,2.4949075957507976,-0.890292,0.0,9.617643693638064,0.0,0.8252631857723931,0.6832702042222033,8,8,600,2.7788744720027396,Cad_600ppm_41.xlsx
10.498665935488784,1.0780103465939244,-0.6125754999999999,0.07955222373856054,2.2069121202216744,0.15511999999999992,-1.8797169669931573,2.718637151987023,68.94153067432806,2.0567282333284505,-0.890292,0.0,9.387557212701997,0.0,0.7605390612058025,0.47386401773430886,8,8,600,2.7788744720027396,Cad_600ppm_42.xlsx
17.931754012761488,2.304435904352227,-0.6613636249999999,0.013646374884355746,3.3940815147061234,0.15511999999999992,-1.2643699982644163,0.850058068449894,59.246893088501054,5.636539257402271,-0.890292,0.0,10.30365040141789,0.0,0.08957686954570873,-0.5733997443071921,8,8,600,2.7788744720027396,Cad_600ppm_43.xlsx
13.356492732999602,1.512313563362748,-0.6225835,0.06538646710329284,2.719295345986052,0.15511999999999992,-1.5782249116448237,1.4836644965829375,63.0794162478445,2.6644817487420815,-0.890292,0.0,9.809578287276299,0.0,0.39745700350625207,-0.20485310967703751,8,8,600,2.7788744720027396,Cad_600ppm_44.xlsx
17.670738833694024,1.2736642282921533,-0.683881,0.009929504670425426,3.175457913387988,0.15011699999999994,-1.1315010407036556,1.005013115749168,60.997376704806975,5.528709616830982,-0.890292,0.0,11.546484631685182,0.0,-0.11325122363873415,-0.8819485399820965,8,8,600,2.7788744720027396,Cad_600ppm_45.xlsx
12.083475342703794,0.5445524541462448,-0.5900581249999999,0.08021833564472258,2.525770885094941,0.15511999999999992,-1.7844871067138883,2.124344824618015,66.98798798184524,1.5504278431200929,-0.890292,0.0,9.751712487320209,0.0,0.5315761543910458,0.07330399218019779,8,8,600,2.7788744720027396,Cad_600ppm_46.xlsx
12.206446381141742,1.5236454202381229,-0.606320875,0.0747135190819531,2.548339759752233,0.15511999999999992,-1.7295701896795783,1.9211919629335479,60.29086867955896,2.485728222945993,-0.890292,0.0,9.046213103425682,0.0,0.4740237450694206,-0.00033291614949781945,8,8,600,2.7788744720027396,Cad_600ppm_47.xlsx
23.778177297952674,0.6159799300857162,-0.6788771249999999,0.010540890847522104,4.720884181928781,0.15511999999999992,-1.457151843103557,1.0694548174033127,75.21854571835314,4.524557026420551,-0.890292,0.0,15.26778340521662,0.0,-0.23480447660947945,-1.0708634663228525,8,8,600,2.7788744720027396,Cad_600ppm_48.xlsx
16.33606659371392,0.4493195089918573,-0.508745,0.003309834890141808,3.3645522850971106,0.15511999999999992,-1.2893565099649178,0.479316635573222,66.83465353160172,2.0873912257480973,-0.890292,0.0,10.900109717736278,0.0,0.20635925666902488,-0.38508076629385696,8,8,600,2.7788744720027396,Cad_600ppm_49.xlsx
4.639165148989896,0.5352523452589971,-0.508745,0.003309834890141808,0.9673178517257062,0.15511999999999992,-2.830163099662866,8.075692736250678,40.644802840146994,3.6293373367594937,-0.890292,0.0,6.868397552396671,0.0,0.026771166612153535,-0.28852825540581895,8,8,600,2.7788744720027396,Cad_600ppm_5.xlsx
22.33122143221495,7.982169689979821,-0.6538578749999999,0.009929299943066239,4.281087113774676,0.15511999999999992,-1.2142955133687996,0.4081976566637781,57.07960624115256,13.448815893824468,-0.890292,0.0,10.709128646945725,0.0,-0.09796547561766987,-0.7426754622964504,8,8,600,2.7788744720027396,Cad_600ppm_50.xlsx
4.152897033089831,0.15752417176967523,-0.508745,0.003309834890141808,0.5989040444113194,0.15511999999999992,-1.4765590980577321,3.8541087075205454,33.351624399485914,0.7148977194078041,-0.890292,0.0,6.147964089574588,0.0,-0.25705540388254,-0.3759611362627093,8,8,600,2.7788744720027396,Cad_600ppm_6.xlsx
6.192560784036778,1.784026291279569,-0.56128575,0.04317214670869981,1.3474340259412343,0.15511999999999992,-2.634600502863654,6.831663642305482,47.02681472615438,9.424332196436561,-0.890292,0.0,7.660146242307915,0.0,0.1860091713300265,-0.26067741204402123,8,8,600,2.7788744720027396,Cad_600ppm_7.xlsx
5.917908097285352,1.1227252176282496,-0.516250875,0.02059373261114591,1.251958510288754,0.15511999999999992,-2.5949387329580187,6.737003829129813,44.549308022997806,8.193113034924444,-0.890292,0.0,7.4601826450961255,0.0,0.11422104316786137,-0.32056905111999057,8,8,600,2.7788744720027396,Cad_600ppm_8.xlsx
4.890004335475292,0.1083204160671439,-0.508745,0.003309834890141808,0.8730304394091494,0.15511999999999992,-2.1060192251739522,5.353275606145254,33.561174669859284,1.3700079344910692,-0.890292,0.0,6.217389616020226,0.0,-0.2434953986068199,-0.4044194607437743,8,8,600,2.7788744720027396,Cad_600ppm_9.xlsx
14.359752921617925,2.5919498040929,-0.6350929999999999,0.00707672466611493,2.5983652641446993,0.17346800000000004,-1.1139273209280445,1.040759081724168,58.302403749576094,15.315535360699457,-0.890292,0.0,8.561661392402463,0.0,0.5419786608661878,-0.302145354612978,8,8,800,2.9036325160842376,Cad_800ppm_1.xlsx
9.04479644523807,1.223119048695896,-0.6238343749999999,0.04302686141510176,1.8223622367011254,0.15511999999999992,-1.7399827515971384,2.5058289506696334,52.87844762483313,14.136408419191207,-0.890292,0.0,7.737902929310718,0.0,0.5286382467830611,-0.27444463877935565,8,8,800,2.9036325160842376,Cad_800ppm_10.xlsx
12.694994309135968,2.848408534757563,-0.6413479999999999,0.003309834890141808,2.3145432988365275,0.15511999999999992,-1.17499765032708,1.2444965786430435,49.32259922017494,14.466409802653873,-0.890292,0.0,7.833488685187947,0.0,0.31637802355728295,-0.5173126008945443,8,8,800,2.9036325160842376,Cad_800ppm_11.xlsx
8.047321081470933,0.4449828334291308,-0.63134,0.0033098348901417717,1.6378344839078651,0.15511999999999992,-1.7434998860570716,2.563104619566082,35.21656139276243,0.9226642823910401,-0.890292,0.0,6.18491074284476,0.0,0.06872318036677827,-0.6455994703285934,8,8,800,2.9036325160842376,Cad_800ppm_12.xlsx
7.648232337139221,0.059290631094916786,-0.630089,0.0,1.568917177762351,0.15511999999999992,-1.7573215062219494,2.5194298193013887,34.20187860936145,0.06903950798841739,-0.890292,0.0,6.038595471805992,0.0,0.06375449651560991,-0.6451736214969379,8,8,800,2.9036325160842376,Cad_800ppm_13.xlsx
8.669760366558418,0.3597880393486511,-0.6213323749999999,0.04229317485995078,1.7437437899097232,0.15511999999999992,-1.6262986109909319,2.096825998277645,38.8223282497204,5.322031478443112,-0.890292,0.0,6.61193988279876,0.0,0.16567462397084362,-0.6358357606832847,8,8,800,2.9036325160842376,Cad_800ppm_14.xlsx
8.391514526005562,0.2261736523412786,-0.6363441249999999,0.006964981361021322,1.6913515519750768,0.15511999999999992,-1.6411202722276186,2.1178709419641697,36.78862892797616,2.875638019707202,-0.890292,0.0,6.370874839498103,0.0,0.1267427731290813,-0.6458914854365162,8,8,800,2.9036325160842376,Cad_800ppm_15.xlsx
8.395902486864163,1.064944631795306,-0.5850541250000001,0.058139773624510914,1.688607230807876,0.15511999999999992,-1.612787438509136,1.9030768610380562,42.50830503810424,8.418925374209802,-0.890292,0.0,6.835397235915699,0.0,0.3119426790758765,-0.5077330020735824,8,8,800,2.9036325160842376,Cad_800ppm_16.xlsx
7.533492326952535,0.19253297701706504,-0.630089,0.0,1.5722985944204968,0.15511999999999992,-1.7146947910430486,2.1609973744100235,35.2262850163059,0.9663861508613444,-0.890292,0.0,6.127638503865978,0.0,0.1194903828358117,-0.6158605988309952,8,8,800,2.9036325160842376,Cad_800ppm_17.xlsx
7.693512529599538,0.12451339695020676,-0.630089,0.0,1.5854962029405228,0.15511999999999992,-1.6828262149767865,2.086444756282011,34.7981480748647,0.30544298621123567,-0.890292,0.0,6.067337027324062,0.0,0.11829247343217733,-0.6315433823696741,8,8,800,2.9036325160842376,Cad_800ppm_18.xlsx
8.060163484239695,0.3306424186859497,-0.6163283749999999,0.04032314829889123,1.6589432040681826,0.15511999999999992,-1.639117690460281,1.9014385455265854,37.62151948690023,3.56701732794021,-0.890292,0.0,6.431991851550389,0.0,0.17182871032373098,-0.614878064890473,8,8,800,2.9036325160842376,Cad_800ppm_19.xlsx
8.080094654450729,0.43979795813041334,-0.61758,0.004333591120537338,1.6944604545391102,0.15511999999999992,-1.8395714671895085,2.7843625958878055,38.603780615282275,1.2651228454499588,-0.890292,0.0,6.435059930315184,0.0,0.20298746399292977,-0.5283512478652579,8,8,800,2.9036325160842376,Cad_800ppm_2.xlsx
7.762257917978868,0.15933096156561388,-0.630089,0.0,1.6006977264800446,0.15511999999999992,-1.6568195436585633,1.9534840748537983,35.158239554595035,0.25550415039812197,-0.890292,0.0,6.093713065240196,0.0,0.13969001240318651,-0.6224880654461051,8,8,800,2.9036325160842376,Cad_800ppm_20.xlsx
7.901613245666458,0.1502516316741319,-0.630089,0.0,1.6281409347481721,0.15511999999999992,-1.6344296281153115,1.8564588067378964,36.00594085124457,1.3387919625614115,-0.890292,0.0,6.21560211583445,0.0,0.15234457488915842,-0.6154299525894595,8,8,800,2.9036325160842376,Cad_800ppm_21.xlsx
7.740974402236625,0.17877661311674484,-0.630089,0.0,1.6016492810332952,0.15511999999999992,-1.6340412512126838,1.8231338007221805,35.44790573472672,0.5596445617766542,-0.890292,0.0,6.1225309486310255,0.0,0.15431067509685184,-0.6089390337697186,8,8,800,2.9036325160842376,Cad_800ppm_22.xlsx
7.583649536900227,0.11011534231011857,-0.630089,0.0,1.573955987379076,0.15511999999999992,-1.6308290407629213,1.7904088619442105,35.03948475040132,0.06293640669422465,-0.890292,0.0,6.055917231444617,0.0,0.15512972936674563,-0.6072019274060413,8,8,800,2.9036325160842376,Cad_800ppm_23.xlsx
7.772027885917181,0.03850282835455191,-0.63134,0.0033098348901417717,1.5976898593139688,0.15511999999999992,-1.6189140539015794,1.7891022782736719,35.224496723092514,0.0407897717016866,-0.890292,0.0,6.090022211629734,0.0,0.15763244252336991,-0.6221123808961234,8,8,800,2.9036325160842376,Cad_800ppm_24.xlsx
9.040035835371569,0.9245915686064864,-0.508745,0.003309834890141808,1.5218432152219994,0.15511999999999992,-1.0990878007263913,0.9527888247551335,59.23646000920814,12.971534185136205,-0.890292,0.0,7.5705711366112,0.0,0.8913376377594308,0.33224285098504464,8,8,800,2.9036325160842376,Cad_800ppm_25.xlsx
7.047345012811126,0.08618817097332723,-0.60507025,0.03971735724387388,1.5056652490306321,0.15511999999999992,-1.674406772175387,1.9322397702046035,36.13128263324313,0.30116963264582264,-0.890292,0.0,6.123956462715775,0.0,0.1869936866296843,-0.5368805999027686,8,8,800,2.9036325160842376,Cad_800ppm_26.xlsx
7.106971660759356,0.03943730325056681,-0.606321125,0.04032340424442579,1.5121091188436848,0.15511999999999992,-1.6535092528141346,1.838571911643258,35.4595589979888,0.055880049814971446,-0.890292,0.0,6.06654384961137,0.0,0.170576022279084,-0.5645705270552153,8,8,800,2.9036325160842376,Cad_800ppm_27.xlsx
7.707821607278111,0.07897857479166172,-0.630089,0.0,1.599005794767722,0.15511999999999992,-1.637448998607147,1.8270221957064332,36.08453193810875,0.8237067154512343,-0.890292,0.0,6.187219212502475,0.0,0.17361777419615826,-0.5982532480193357,8,8,800,2.9036325160842376,Cad_800ppm_28.xlsx
7.816395895675477,0.115066348917533,-0.630089,0.0,1.6087867937482034,0.15511999999999992,-1.6200622987908997,1.7874215315387167,35.65995541248195,0.12436053277924085,-0.890292,0.0,6.125266466227092,0.0,0.17322937159017698,-0.6160190400006418,8,8,800,2.9036325160842376,Cad_800ppm_29.xlsx
7.298461803251238,0.13213435388913003,-0.603819,0.004845102166105487,1.5672849371142519,0.15511999999999992,-1.8122191803825882,2.6049932982039987,36.96467211179652,0.29804585127855204,-0.890292,0.0,6.2322574114992335,0.0,0.18236454255521595,-0.52966556733298,8,8,800,2.9036325160842376,Cad_800ppm_3.xlsx
10.728106258161947,1.6770417650488356,-0.636344,0.0069652732179003194,2.013900338003632,0.19014799999999998,-1.2209324105019952,0.9334509048864843,39.12312277384558,2.543300368253751,-0.890292,0.0,6.440636369337674,0.0,0.24370592850558026,-0.5917123398892504,8,8,800,2.9036325160842376,Cad_800ppm_30.xlsx
7.981400789466068,0.24278069070015423,-0.607572,0.0408822212795489,1.6581972524452984,0.15511999999999992,-1.4889796935550788,1.2301193741001566,35.82059800027054,0.28714234483982354,-0.890292,0.0,6.162424997395691,0.0,0.1646077768978655,-0.6152056007834781,8,8,800,2.9036325160842376,Cad_800ppm_31.xlsx
8.8291497333243,0.9605212723950622,-0.552529125,0.05498596373493308,1.6420406171383606,0.15511999999999992,-1.2152051762727856,0.801742282168854,45.482183173931254,8.728983703960221,-0.890292,0.0,6.830134432785453,0.0,0.48017816452949846,-0.2738581772287089,8,8,800,2.9036325160842376,Cad_800ppm_32.xlsx
8.513427954265847,0.23096971797488147,-0.6138265,0.03938070188556827,1.7215148242125864,0.15511999999999992,-1.4776922812761208,1.291708572511427,38.06803493457339,2.30866097662397,-0.890292,0.0,6.381154541806593,0.0,0.2200323599580109,-0.5730375319699326,8,8,800,2.9036325160842376,Cad_800ppm_33.xlsx
9.337936139254143,1.072202018499626,-0.552529125,0.05498596373493308,1.6864784572921532,0.15511999999999992,-1.1384471350127447,0.7776444368913786,53.385623700527574,12.044380076303973,-0.890292,0.0,7.323604789951531,0.0,0.6974174468098371,-0.013396117208595293,8,8,800,2.9036325160842376,Cad_800ppm_34.xlsx
9.337936139254143,1.072202018499626,-0.552529125,0.05498596373493308,1.6864784572921532,0.15511999999999992,-1.1384471350127447,0.7776444368913786,53.385623700527574,12.044380076303973,-0.890292,0.0,7.323604789951531,0.0,0.6974174468098371,-0.013396117208595293,8,8,800,2.9036325160842376,Cad_800ppm_35.xlsx
9.059155440354434,1.0120862927519514,-0.508745,0.003309834890141808,1.6059851691997382,0.15511999999999992,-1.1152414207720533,0.7694650245541702,52.64643473283277,11.392466168882585,-0.890292,0.0,7.195027855218184,0.0,0.7114516804607633,0.0441218690486615,8,8,800,2.9036325160842376,Cad_800ppm_36.xlsx
7.450927012378224,0.09007093378988552,-0.60507025,0.03971735724387388,1.57428249012104,0.15511999999999992,-1.5343609713030264,1.3875811159853455,35.780379206177834,0.403552474398637,-0.890292,0.0,6.102836262335445,0.0,0.16155263957225474,-0.5738107937709251,8,8,800,2.9036325160842376,Cad_800ppm_37.xlsx
8.003594077471112,0.08932589410622087,-0.630089,0.0,1.6589294808311288,0.15511999999999992,-1.542529491591689,1.4244907903026278,35.8298345390016,0.06931334170778472,-0.890292,0.0,6.111218367524712,0.0,0.16597279506334117,-0.6014123033209633,8,8,800,2.9036325160842376,Cad_800ppm_38.xlsx
8.607598736323027,0.19020044617244736,-0.6200813749999999,0.04186548166430638,1.7424012387443595,0.15511999999999992,-1.5030199736785588,1.4001118708254938,37.26005016183711,1.9446670452997257,-0.890292,0.0,6.315365836749577,0.0,0.18630580040783085,-0.6115897679467776,8,8,800,2.9036325160842376,Cad_800ppm_39.xlsx
7.579330311129123,0.09956284171019417,-0.607572,0.004333591120537338,1.6119668542923247,0.15511999999999992,-1.7698850497795688,2.4249531893061667,36.82411496599025,0.10867435343133777,-0.890292,0.0,6.218068489278249,0.0,0.186795761718978,-0.5540635023540209,8,8,800,2.9036325160842376,Cad_800ppm_4.xlsx
8.194181582769632,0.1760846009833465,-0.6288381249999999,0.003309504171227916,1.6883487222555893,0.15511999999999992,-1.517288760977539,1.3369250736944878,35.85547974341178,0.4181721863737341,-0.890292,0.0,6.140476443185271,0.0,0.16624487718743394,-0.6246324631977789,8,8,800,2.9036325160842376,Cad_800ppm_40.xlsx
8.194181582769632,0.1760846009833465,-0.6288381249999999,0.003309504171227916,1.6883487222555893,0.15511999999999992,-1.517288760977539,1.3369250736944878,35.85547974341178,0.4181721863737341,-0.890292,0.0,6.140476443185271,0.0,0.16624487718743394,-0.6246324631977789,8,8,800,2.9036325160842376,Cad_800ppm_41.xlsx
8.194181582769632,0.1760846009833465,-0.6288381249999999,0.003309504171227916,1.6883487222555893,0.15511999999999992,-1.517288760977539,1.3369250736944878,35.85547974341178,0.4181721863737341,-0.890292,0.0,6.140476443185271,0.0,0.16624487718743394,-0.6246324631977789,8,8,800,2.9036325160842376,Cad_800ppm_42.xlsx
9.290568258928566,0.5346687417089933,-0.508745,0.003309834890141808,1.483609608072721,0.15511999999999992,-0.7809983775380808,0.35498196232805107,58.38838029224835,11.859166511891669,-0.890292,0.0,7.341605497844757,0.0,0.931068553983454,0.4621044032282611,8,8,800,2.9036325160842376,Cad_800ppm_43.xlsx
7.514814281484462,0.06844468762234665,-0.60507025,0.03971735724387388,1.593690240626887,0.15511999999999992,-1.554203773241816,1.4457897196737681,35.78560492652415,0.369279641595817,-0.890292,0.0,6.100652443819669,0.0,0.1544530623424077,-0.5781415766935208,8,8,800,2.9036325160842376,Cad_800ppm_44.xlsx
8.224324410533882,0.15028099962860775,-0.630089,0.0,1.694356076066947,0.15511999999999992,-1.5504515880127863,1.4689542793734098,35.99330932790402,0.09646466738037637,-0.890292,0.0,6.111433814388219,0.0,0.16876535879791155,-0.5981404167121699,8,8,800,2.9036325160842376,Cad_800ppm_45.xlsx
8.612284881322122,0.029521332460045475,-0.6350929999999999,0.005003999999999953,1.7407728762733774,0.15511999999999992,-1.5219456945130379,1.4551362132220853,36.191063762545085,0.4088109866356919,-0.890292,0.0,6.1514922603874815,0.0,0.17145825182889168,-0.6176559732200848,8,8,800,2.9036325160842376,Cad_800ppm_46.xlsx
9.222098194985573,0.8382052665349699,-0.508745,0.003309834890141808,1.5802818301599988,0.15511999999999992,-1.1871926126122205,1.1235611303535096,62.36694776581888,13.985867678065818,-0.890292,0.0,7.817088394243737,0.0,0.927817509202929,0.36291382479242024,8,8,800,2.9036325160842376,Cad_800ppm_47.xlsx
7.4807197148583775,0.05492710278331001,-0.620082,0.0,1.595640062079306,0.15511999999999992,-1.6822891859605527,1.9589291583002442,36.3545878779401,0.2740527348444047,-0.890292,0.0,6.194583329529996,0.0,0.1493805128562514,-0.5900123819600558,8,8,800,2.9036325160842376,Cad_800ppm_48.xlsx
9.065009096487191,0.7964488711158777,-0.508745,0.003309834890141808,1.5307381782421254,0.15511999999999992,-1.1238094749184186,1.0284537463852224,58.720178035146084,12.891211656948016,-0.890292,0.0,7.5123875789137236,0.0,0.8751756149952716,0.29076134639776574,8,8,800,2.9036325160842376,Cad_800ppm_49.xlsx
7.778501944101704,0.18226059587838073,-0.6363441249999999,0.006964981361021322,1.5609573495039382,0.15511999999999992,-1.6733924983861521,2.3244712332875475,37.054777597474725,2.5601594511388726,-0.890292,0.0,6.329643898580584,0.0,0.14402712135002016,-0.6177321962780649,8,8,800,2.9036325160842376,Cad_800ppm_5.xlsx
9.002244454743867,1.0708050304115648,-0.508745,0.003309834890141808,1.676577909430081,0.15511999999999992,-1.5152382510030735,1.7821215889888387,56.32244770546534,12.997299322832113,-0.890292,0.0,7.585069878695885,0.0,0.7393017249712032,0.03248627001155241,8,8,800,2.9036325160842376,Cad_800ppm_50.xlsx
9.96528441718974,1.0273630329352725,-0.5813015,0.05536881437686742,1.932246271216175,0.15511999999999992,-1.5853768363385394,2.030703424108335,53.88795167516231,12.328834191192227,-0.890292,0.0,7.6756014033707665,0.0,0.6158266764020215,-0.2575951089576315,8,8,800,2.9036325160842376,Cad_800ppm_6.xlsx
11.847225591941713,1.95051341458692,-0.59381125,0.04952021920072143,2.436770186048606,0.15511999999999992,-1.7439771593520557,2.335633761961711,60.81871114513886,13.651994638035092,-0.890292,0.0,8.467823430917205,0.0,0.6959951465804616,-0.24999451101021913,8,8,800,2.9036325160842376,Cad_800ppm_7.xlsx
8.88594587357952,1.0433910618050424,-0.6238343749999999,0.04302686141510176,1.7672179403252763,0.15511999999999992,-1.6953605981577229,2.410920188674065,52.11843057723663,13.260353412364188,-0.890292,0.0,7.621284616420998,0.0,0.5271799050708573,-0.28476855454363104,8,8,800,2.9036325160842376,Cad_800ppm_8.xlsx
7.417117393100627,0.6907742589254242,-0.60006575,0.0520017944083423,1.513911116103497,0.15511999999999992,-1.7513313405306794,2.4769516145286303,39.61331214091358,5.437537935386138,-0.890292,0.0,6.5774702140001615,0.0,0.21957341280212633,-0.5601294850739975,8,8,800,2.9036325160842376,Cad_800ppm_9.xlsx
93.66853046444788,26.99192501336258,-0.705148,0.0050040000000000084,10.300421766212574,0.08381499999999997,0.8798417262937647,-0.016693988527137826,116.41527932839102,27.450608858929666,-0.885288,0.0070767246661149795,13.979691833882328,0.0,1.1630444552817654,0.2767127785022405,8,8,1000,3.000434077479319,Cad_1000ppm_1.xlsx
12.199007440584378,0.36624982873465245,-0.700144,0.0,2.2153455484501317,0.15511999999999992,-1.5672422385115103,2.542746279895019,34.64588468373465,0.6391650477991092,-0.890292,0.0,6.343158146736465,0.0,-0.1736984708495003,-0.700932117802016,8,8,1000,3.000434077479319,Cad_1000ppm_10.xlsx
11.460125697501766,0.14101808545954886,-0.708901,0.003309834890141808,2.0701588556338484,0.15511999999999992,-1.549984345677442,2.4364067018876696,40.264164792410696,4.102411987996361,-0.890292,0.0,6.648097136914002,0.0,0.1511302194088892,-0.5299543063089138,8,8,1000,3.000434077479319,Cad_1000ppm_11.xlsx
12.201536518772514,0.35968507133603295,-0.701395,0.003309834890141808,2.236662618387669,0.15511999999999992,-1.6111980065640363,2.529384346881164,34.65766614350197,0.49309861870097865,-0.890292,0.0,6.616057034033962,0.0,-0.2357790122398573,-0.7825884117226797,8,8,1000,3.000434077479319,Cad_1000ppm_12.xlsx
11.277465713086183,0.23246806294218628,-0.70765,0.004333591120537338,2.041474297757355,0.15511999999999992,-1.491547849459066,2.183214808238831,42.69950456244587,3.7529241077819915,-0.890292,0.0,6.9020575899159535,0.0,0.21244461613899324,-0.46733880122822874,8,8,1000,3.000434077479319,Cad_1000ppm_13.xlsx
12.037726379360535,0.28591430660636186,-0.703897,0.004845102166105487,2.1255297490171126,0.15511999999999992,-1.4065365876761566,2.103415758936572,38.92771742511722,3.2811342851573997,-0.890292,0.0,6.705097298677957,0.0,0.07055542438940096,-0.6294115501730795,8,8,1000,3.000434077479319,Cad_1000ppm_14.xlsx
13.321616724990943,0.5710454340447705,-0.698893,0.003309834890141808,2.400691878385554,0.15511999999999992,-1.451599099210262,2.049208452349315,35.9363319551542,0.8561632073722645,-0.890292,0.0,6.874517250818018,0.0,-0.21190425108219574,-0.794071350304081,8,8,1000,3.000434077479319,Cad_1000ppm_15.xlsx
13.84699461982319,0.6963539002828857,-0.696391,0.004845102166105487,2.6332128773094317,0.15511999999999992,-1.6218256485482208,2.0984385836457116,37.968948526064196,0.8329115969135953,-0.890292,0.0,7.464638716046601,0.0,-0.24600470965185578,-0.859024951873741,8,8,1000,3.000434077479319,Cad_1000ppm_16.xlsx
15.604212261922758,0.7553938519648821,-0.686383,0.004845102166105487,3.101322747159581,0.15511999999999992,-1.6321770109634188,1.7522537153669613,41.25704422334504,1.3718017618432223,-0.890292,0.0,8.396772405552179,0.0,-0.2956627426028062,-0.9295864071824105,8,8,1000,3.000434077479319,Cad_1000ppm_17.xlsx
17.421081713857276,0.9370544669332888,-0.6738731249999999,0.006965026264083651,3.6240921390844822,0.15511999999999992,-1.5910406085048632,1.3046924925492775,45.923208057584745,1.5686949668782295,-0.890292,0.0,9.679362855531194,0.0,-0.32827573864078174,-1.0075636554830347,8,8,1000,3.000434077479319,Cad_1000ppm_18.xlsx
18.85721404553116,1.081850849676633,-0.6451009999999999,0.05127457055402803,3.975292499367872,0.15511999999999992,-1.5200285825325544,0.9699018518300844,49.73193023257573,1.3343400451649483,-0.890292,0.0,10.777074817598407,0.0,-0.33656170107710026,-1.0719157855929557,8,8,1000,3.000434077479319,Cad_1000ppm_19.xlsx
27.30671988676491,8.931247006184568,-0.690136375,0.04558762175179109,3.7381382787433433,0.09207159999999999,-0.20534543118713983,0.47358882431475446,57.20468478130408,6.380456659238384,-0.8852880000000001,0.013239339560567196,8.58746546563145,0.0,0.49919951120563444,-0.06783927429905556,8,8,1000,3.000434077479319,Cad_1000ppm_2.xlsx
17.565614297113992,0.7045854587362333,-0.508745,0.003309834890141808,3.6083776849874436,0.15511999999999992,-1.50074243223741,0.9381075315156041,54.004581774034975,1.1618739970856373,-0.890292,0.0,10.616525558277736,0.0,-0.16260529548752564,-1.037627200264665,8,8,1000,3.000434077479319,Cad_1000ppm_20.xlsx
18.28518318074944,0.6503758711856863,-0.56754075,0.07434609668091187,3.788485501256244,0.15511999999999992,-1.490282025037398,0.8957748999357347,50.1285454265512,1.0581946464274894,-0.890292,0.0,10.745402201523437,0.0,-0.26344329474080186,-1.1020419778739237,8,8,1000,3.000434077479319,Cad_1000ppm_21.xlsx
15.682194199833155,0.8070449333986041,-0.508745,0.003309834890141808,3.1830782848802217,0.15511999999999992,-1.5522500271582154,1.1990017455833804,52.90923547360207,1.2410642068709483,-0.890292,0.0,9.639434530972183,0.0,-0.051029732709058744,-0.9068676912965412,8,8,1000,3.000434077479319,Cad_1000ppm_22.xlsx
14.010899842081498,0.44763883306897406,-0.64385,0.08020873638201763,2.9175818435717877,0.15511999999999992,-1.7278834454476424,1.893390945225341,46.15454196742422,0.7005293150214047,-0.890292,0.0,8.559100956593811,0.0,-0.08235902077136409,-0.8507480176434286,8,8,1000,3.000434077479319,Cad_1000ppm_23.xlsx
16.91787481720774,1.357106640764512,-0.6738731249999999,0.006965026264083651,3.6236619160603025,0.15511999999999992,-1.5575210584968,1.0661961324995513,45.546864391314905,1.8567323926587516,-0.890292,0.0,9.868324244298163,0.0,-0.36967539596364185,-0.9969537729457234,8,8,1000,3.000434077479319,Cad_1000ppm_24.xlsx
21.106528421978663,1.8353409194815578,-0.6488539999999999,0.007812492495996409,4.339891326592305,0.15511999999999992,-1.3229025980895543,0.36633265146243726,50.23938863212479,1.5252332784771854,-0.890292,0.0,11.341460313457,0.0,-0.3777993381817813,-1.097330708298665,8,8,1000,3.000434077479319,Cad_1000ppm_25.xlsx
28.008411119164798,2.0575532822463516,-0.6350929999999999,0.005003999999999953,5.372443354939426,0.15511999999999992,-1.0761014259424528,-0.21370024502516166,59.365966366387056,3.186077104210859,-0.8777822499999999,0.033097687463590264,13.4123229094257,0.0,-0.29275463204821994,-1.1996559559792004,8,8,1000,3.000434077479319,Cad_1000ppm_26.xlsx
33.233633958874385,2.0116903160076576,-0.6250855,0.005003499999999994,6.121715541044164,0.15511999999999992,-0.8995277250300185,-0.5936187020133497,66.68546608442453,3.8414395766916964,-0.788963,0.003309834890141808,15.11482108471185,0.0,-0.2985410665741378,-1.2373500460397322,8,8,1000,3.000434077479319,Cad_1000ppm_27.xlsx
22.59570198669727,1.2763335346671925,-0.67387325,0.009929158206388905,4.2666557085498455,0.15011699999999994,-1.1645140347877025,0.7081223058178292,47.677684446771266,2.250842374886437,-0.890292,0.0,10.122233836008347,0.0,-0.292053790605811,-1.0725231922891583,8,8,1000,3.000434077479319,Cad_1000ppm_28.xlsx
24.624692487968915,1.6014938099964466,-0.67637525,0.022342944567301317,4.795412556569319,0.16012499999999996,-1.2479557772427592,0.7845687691964047,57.20766382123464,6.986223681184008,-0.890292,0.0,12.189924017082923,0.0,-0.33129589340889753,-1.0516267425319956,8,8,1000,3.000434077479319,Cad_1000ppm_29.xlsx
27.198672571324792,3.7932578897157785,-0.702646,0.004333591120537338,3.7259443414778852,0.100078,0.02845769390243906,0.22678923985864485,56.46892154146824,7.9387130290178565,-0.890292,0.0,7.582527436042245,0.0,0.707118600406542,0.20994118905375214,8,8,1000,3.000434077479319,Cad_1000ppm_3.xlsx
39.4026493828823,5.862980126652529,-0.593811,0.00696527321790037,7.771572118546205,0.15511999999999992,-0.948057714726011,-0.553014375259948,94.14782630509549,15.120183296647559,-0.772700125,0.04468630205509711,21.525632220108577,0.0,-0.48740571531039034,-1.108796488370431,8,8,1000,3.000434077479319,Cad_1000ppm_30.xlsx
27.497585516828934,1.5584830455152336,-0.607571625,0.04326267740771917,5.660367869511434,0.2001559999999999,-1.2626469445822346,0.3840976476288832,63.63446487699758,11.238488435350057,-0.8277429999999999,0.038026449801421114,13.858341194591542,0.0,-0.2577862517164762,-1.242153020973168,8,8,1000,3.000434077479319,Cad_1000ppm_31.xlsx
25.567402386111045,1.3407619926371441,-0.597563875,0.03309747013533474,5.2419465958834355,0.2301789999999999,-1.2593625896501703,0.3706382958741564,61.992573852701064,10.12025661060339,-0.8590175,0.03142426381397023,13.46924851780059,0.0,-0.23111309022825674,-1.2310654975894761,8,8,1000,3.000434077479319,Cad_1000ppm_32.xlsx
23.98859419926948,1.5027106233116199,-0.541270125,0.007812312356746555,4.86591999235506,0.15511999999999992,-1.1739966771833545,0.029090842965565855,63.53627124604071,6.948082481429826,-0.8502602499999999,0.013238961597780223,13.551589381576505,0.0,-0.18140025751051864,-1.089647167358335,8,8,1000,3.000434077479319,Cad_1000ppm_33.xlsx
31.294627246690112,2.7962666954556368,-0.509996,0.0050040000000000084,5.742291568891877,0.15511999999999992,-0.7871315070514492,-0.712973014688479,84.36963686225647,5.1061154576717955,-0.8640209999999999,0.004845102166105487,17.846533528056614,0.0,-0.17217219675399575,-1.0855276864672758,8,8,1000,3.000434077479319,Cad_1000ppm_34.xlsx
41.673355100965,3.6469721576513567,-0.508745,0.003309834890141808,7.003116379296089,0.15511999999999992,-0.518083997758796,-1.1090323889584675,102.06390093012261,5.633961245876221,-0.8602679999999999,0.0,22.01996443344395,0.0,-0.21764714703778193,-1.1406611552378068,8,8,1000,3.000434077479319,Cad_1000ppm_35.xlsx
26.65969433095236,1.145189282981496,-0.547525125,0.04118709315561581,5.143570416329059,0.210163,-1.0576877477408255,-0.1004548520883532,58.58349204715452,10.88756710180337,-0.827742875,0.03271715942910348,11.823823627858161,0.0,-0.06510292411907431,-1.0949219278716114,8,8,1000,3.000434077479319,Cad_1000ppm_36.xlsx
27.48333175364354,0.9878672147674122,-0.5687917499999999,0.039221458418033095,5.166882305927238,0.210163,-0.9669033598767351,-0.19219102630958407,58.142762423462244,11.77539435040771,-0.832746875,0.03309764021964972,12.1586653834629,0.0,-0.13237946440588896,-1.1753932020150506,8,8,1000,3.000434077479319,Cad_1000ppm_37.xlsx
30.090333151957058,1.2817879526502642,-0.508745,0.003309834890141808,5.164807763997386,0.15511999999999992,-0.730610170809928,-0.5869695213510613,81.30249142244766,3.67113572011125,-0.876531,0.004845102166105487,16.297817830362423,0.0,-0.08624885460562287,-0.9421307598922142,8,8,1000,3.000434077479319,Cad_1000ppm_38.xlsx
36.96669801042569,2.4995403642522245,-0.508745,0.003309834890141808,6.1277482658916735,0.15511999999999992,-0.540155152104836,-0.9629327020080409,93.40742589871928,3.2979034005060917,-0.879033,0.003309834890141808,19.283848082738288,0.0,-0.15456938563227962,-1.0129853885310092,8,8,1000,3.000434077479319,Cad_1000ppm_39.xlsx
19.441502546672027,1.3126161309163868,-0.700144,0.0,2.997692906879501,0.12134487499999992,-0.5772319138842057,0.908933000922528,46.5179911099612,3.2669778592755354,-0.890292,0.0,6.8547575821875295,0.0,0.41037932790857073,-0.1316734265615459,8,8,1000,3.000434077479319,Cad_1000ppm_4.xlsx
47.54641094873738,3.565634720239047,-0.508745,0.003309834890141808,7.529378632444004,0.15511999999999992,-0.3617400076147931,-1.2432324550162286,107.76513056655838,4.102443280632317,-0.8715269999999999,0.007812492495996409,23.323311616430438,0.0,-0.21796333578069807,-1.1183086010789083,8,8,1000,3.000434077479319,Cad_1000ppm_40.xlsx
59.286264189484115,3.2816389748031365,-0.508745,0.003309834890141808,8.816184554789174,0.15511999999999992,-0.16652580627925478,-1.4449892105143656,127.04427398888876,5.782848514573264,-0.850260125,0.005003750004683989,27.705141979122182,0.0,-0.20905831010414724,-1.171774982736166,8,8,1000,3.000434077479319,Cad_1000ppm_41.xlsx
67.46080076062408,3.742828189357809,-0.508745,0.003309834890141808,9.346899730965424,0.15511999999999992,-0.01833279195743879,-1.4574111158512768,144.94689924444427,5.419663837623602,-0.85026,0.0,30.694550441986156,0.0,-0.1518152180589606,-1.1848744176175878,8,8,1000,3.000434077479319,Cad_1000ppm_42.xlsx
73.79333284112552,3.0840639738620683,-0.508745,0.003309834890141808,9.549565383673796,0.15511999999999992,0.13516491374808823,-1.4238883447556727,158.05748553365794,4.448425975918214,-0.8590169999999999,0.0033098348901417717,32.692983755832486,0.0,-0.10776189039785182,-1.17135360335707,8,8,1000,3.000434077479319,Cad_1000ppm_43.xlsx
80.04272774999096,1.9447234267255171,-0.508745,0.003309834890141808,9.75270092341475,0.15511999999999992,0.2596446937055834,-1.370184838693023,169.39810825579002,2.5808932108505673,-0.8602679999999999,0.0,34.70025395579272,0.0,-0.09377232356417278,-1.1630927671264817,8,8,1000,3.000434077479319,Cad_1000ppm_44.xlsx
80.04272774999096,1.9447234267255171,-0.508745,0.003309834890141808,9.75270092341475,0.15511999999999992,0.2596446937055834,-1.370184838693023,169.39810825579002,2.5808932108505673,-0.8602679999999999,0.0,34.70025395579272,0.0,-0.09377232356417278,-1.1630927671264817,8,8,1000,3.000434077479319,Cad_1000ppm_45.xlsx
81.92685520441917,1.9863461001713913,-0.508745,0.003309834890141808,9.667928744371546,0.15511999999999992,0.3178321368194097,-1.3099463886876361,176.2549893801767,1.3525373028113812,-0.8652719999999999,0.0050040000000000084,35.471937657877156,0.0,-0.05327496299255598,-1.1630603057372735,8,8,1000,3.000434077479319,Cad_1000ppm_46.xlsx
86.07374756521462,2.40076669151135,-0.508745,0.003309834890141808,9.810105694485044,0.15511999999999992,0.3842989361848785,-1.268403622924139,181.76861898775246,1.7224926488900862,-0.8665229999999999,0.004845102166105487,36.565450906070254,0.0,-0.05072906904777012,-1.158458952363871,8,8,1000,3.000434077479319,Cad_1000ppm_47.xlsx
87.62236450441917,2.115148438820259,-0.508745,0.003309834890141808,9.812107547135053,0.15511999999999992,0.42061845360761674,-1.2478521010858301,184.07795375681812,1.3409543402844986,-0.8652719999999999,0.0050040000000000084,36.97368484694107,0.0,-0.04464425821344188,-1.16530878627612,8,8,1000,3.000434077479319,Cad_1000ppm_48.xlsx
91.78081991464643,2.2226326993017484,-0.508745,0.003309834890141808,9.98933140966213,0.15511999999999992,0.46156176448298986,-1.207661431971721,189.3271871198773,2.3942493932562106,-0.8665229999999999,0.004845102166105487,38.22347693745772,0.0,-0.05818019331457415,-1.1599404543400658,8,8,1000,3.000434077479319,Cad_1000ppm_49.xlsx
16.678757612784047,0.8236556382241775,-0.700144,0.0,2.7601129178183053,0.15011699999999994,-0.9692225903677678,1.493309556202467,43.24077175402685,2.7720105364847183,-0.890292,0.0,6.674076091541786,0.0,0.2638300912262087,-0.2907478846925398,8,8,1000,3.000434077479319,Cad_1000ppm_5.xlsx
94.9600374037563,2.0885490142396166,-0.508745,0.003309834890141808,10.24739079321004,0.15511999999999992,0.4829632304044934,-1.202890086489325,192.72335570429286,1.9496803061098615,-0.8702759999999999,0.0,39.0089108175503,0.0,-0.06439717906339523,-1.1588536914618197,8,8,1000,3.000434077479319,Cad_1000ppm_50.xlsx
14.803954629626583,0.6388817555341907,-0.700144,0.0,2.584644170254057,0.15511999999999992,-1.2774227684589607,2.019289525310512,41.028399139299225,2.966857526630985,-0.890292,0.0,6.5851236431243665,0.0,0.15891173384721533,-0.4202694419423635,8,8,1000,3.000434077479319,Cad_1000ppm_6.xlsx
13.273617775234449,0.18291580355884393,-0.700144,0.0,2.4307232888797032,0.15511999999999992,-1.5432573514656387,2.475555656834741,37.74709030536614,0.9850285943254485,-0.890292,0.0,6.4437954042867815,0.0,-0.01936965592925698,-0.5799871851015713,8,8,1000,3.000434077479319,Cad_1000ppm_7.xlsx
12.941469558004108,0.1152466657713423,-0.700144,0.0,2.3648449546158004,0.15511999999999992,-1.5731694022408855,2.550258029718819,38.124032577286236,2.838091300155363,-0.890292,0.0,6.521460242415687,0.0,-0.002413836405404407,-0.6028826403143224,8,8,1000,3.000434077479319,Cad_1000ppm_8.xlsx
11.59397467159989,0.19103259915429247,-0.706399,0.004845102166105487,2.1187228406429313,0.15511999999999992,-1.6222659643855912,2.698120264674694,40.285278070607845,4.672572339094573,-0.890292,0.0,6.546468717361433,0.0,0.17722006813737665,-0.4764919474970863,8,8,1000,3.000434077479319,Cad_1000ppm_9.xlsx
