Ip_mean,Ip_std,Ip_raw_mean,Ep_mean,Area_mean,n_valid,ppm,log_ppm,filename
27.155655783008605,0.15795968017328385,39.72482246969692,-0.608822875,5.621993438181625,8,0,,KCL_EMSTAT_01.xlsx
24.296650019119717,0.1784524119103675,37.14107454870124,-0.6338422499999999,5.0438347144085185,8,0,,KCL_EMSTAT_02.xlsx
23.866447148088007,0.31213964840254577,37.92944503318901,-0.54627425,4.936161222531999,8,0,,KCL_EMSTAT_03.xlsx
16.634478941923664,0.5920195641491919,31.840405863275574,-0.6300889999999999,3.5736019228339058,8,0,,KCL_EMSTAT_04.xlsx
16.349823359406567,0.4223383174205191,31.431452150252525,-0.508745,3.4262934166058496,8,0,,KCL_EMSTAT_05.xlsx
15.74268782929741,0.26187846772162204,30.52639354509376,-0.590058,3.390262813419786,8,0,,KCL_EMSTAT_06.xlsx
16.362027493078067,0.5122954773536509,30.90768400252521,-0.6526064999999999,3.439953186828906,8,0,,KCL_EMSTAT_07.xlsx
15.90981480078011,0.3755866344002848,30.593302018759005,-0.5487759999999999,3.390421906647064,8,0,,KCL_EMSTAT_08.xlsx
16.56299462835497,0.3913710465594706,31.138312204545443,-0.508745,3.332943801337435,8,0,,KCL_EMSTAT_09.xlsx
17.008142672132028,0.334384374234303,31.441259030303023,-0.508745,3.283261173177614,8,0,,KCL_EMSTAT_10.xlsx
17.532893269642855,0.30766495961616763,31.798756234848476,-0.508745,3.28807454740359,8,0,,KCL_EMSTAT_11.xlsx
17.654932225960493,0.3766841445313157,31.80315784090908,-0.508745,3.23657281855944,8,0,,KCL_EMSTAT_12.xlsx
17.842681257030122,0.218602823378111,31.60075009595959,-0.508745,3.3463397364288974,8,0,,KCL_EMSTAT_13.xlsx
17.591247019872835,0.2956506215414333,31.38996897474747,-0.508745,3.2325127104172275,8,0,,KCL_EMSTAT_14.xlsx
17.64907518869949,0.2880382018978931,31.402056593434335,-0.508745,3.194519541105656,8,0,,KCL_EMSTAT_15.xlsx
17.74737318727002,0.3334437476863749,31.459988328282826,-0.508745,3.1757541743038877,8,0,,KCL_EMSTAT_16.xlsx
17.880301708955614,0.32096982882512287,31.460131285353523,-0.508745,3.1871098481608864,8,0,,KCL_EMSTAT_17.xlsx
18.0121784485074,0.30338313924636834,31.509747555555556,-0.508745,3.2032786417626617,8,0,,KCL_EMSTAT_18.xlsx
18.11904500539322,0.346965812927438,31.5911421540404,-0.508745,3.2072582458651544,8,0,,KCL_EMSTAT_19.xlsx
18.26310276861472,0.36997418147365263,31.80868444191919,-0.508745,3.1912196553164027,8,0,,KCL_EMSTAT_20.xlsx
18.436657127958146,0.39180672772637576,32.06971143686867,-0.508745,3.1706063330823304,8,0,,KCL_EMSTAT_21.xlsx
18.78479129597764,0.4353398709291526,32.50198527525253,-0.508745,3.172107628881824,8,0,,KCL_EMSTAT_22.xlsx
19.421088332918472,0.498991402444716,33.12874151767676,-0.508745,3.2332628770450396,8,0,,KCL_EMSTAT_23.xlsx
20.11236075174062,0.444414727430843,33.62676337626262,-0.508745,3.3513552299939495,8,0,,KCL_EMSTAT_24.xlsx
20.647170072041853,0.3275471163970165,33.85627403787879,-0.508745,3.833944894107873,8,0,,KCL_EMSTAT_25.xlsx
20.346593356615255,0.34805798165244256,33.794178760101005,-0.508745,3.593910763461715,8,0,,KCL_EMSTAT_26.xlsx
13.025415651821744,0.12488398475697114,28.992432853896062,-0.7126537500000001,2.012749576011953,8,0,,KCL_EMSTAT_27.xlsx
10.690328357088703,0.3137206975242738,26.695460060606017,-0.720159,1.5464375156678984,8,0,,KCL_EMSTAT_28.xlsx
9.92442843599834,0.45508334277192874,25.6584235876623,-0.720159,1.43006464932154,8,0,,KCL_EMSTAT_29.xlsx
10.728298571275213,0.19545980266722998,26.14748998917745,-0.720159,1.5210455987742009,8,0,,KCL_EMSTAT_30.xlsx
11.13578456903856,0.15293358912398455,28.40310533116879,-0.7114028750000001,1.7353387802884792,8,0,,KCL_EMSTAT_31.xlsx
11.99341882081525,0.04017171072598629,29.402472882034587,-0.710152,1.91936506778762,8,0,,KCL_EMSTAT_32.xlsx
12.24838535142943,0.03417089709569687,29.849430906926365,-0.710152,2.0270721887516245,8,0,,KCL_EMSTAT_33.xlsx
12.3832648967036,0.044536354823109844,30.06855811580082,-0.706399,2.1049841355181282,8,0,,KCL_EMSTAT_34.xlsx
12.467626849215328,0.03528668962889692,30.150935489177442,-0.701395,2.1696222518038923,8,0,,KCL_EMSTAT_35.xlsx
14.012627354135057,0.22186277521609032,31.347226201298653,-0.700144,2.337083367743296,8,0,,KCL_EMSTAT_36.xlsx
12.537956185578961,0.19444950783566078,28.81672867207788,-0.708901,2.0964007929426423,8,0,,KCL_EMSTAT_37.xlsx
13.417247806682859,0.18461729318832917,30.765628530302983,-0.700144,2.2065639252999723,8,0,,KCL_EMSTAT_38.xlsx
13.966144909185564,0.0480430944941111,31.50493470887441,-0.700144,2.3097352975962595,8,0,,KCL_EMSTAT_39.xlsx
14.157353574801544,0.03655594486784398,31.85934190476186,-0.700144,2.370306462300407,8,0,,KCL_EMSTAT_40.xlsx
14.375885373593027,0.07939182682411793,32.12049092748912,-0.700144,2.4281487328173004,8,0,,KCL_EMSTAT_41.xlsx
14.315535722289821,0.07290375226811287,32.06119843939389,-0.700144,2.4547135383415815,8,0,,KCL_EMSTAT_42.xlsx
14.891858891427628,0.2235778636267463,32.443041491341944,-0.700144,2.5476942428990634,8,0,,KCL_EMSTAT_43.xlsx
14.490664693659767,0.1106124853873667,32.13370505086576,-0.700144,2.525735766140441,8,0,,KCL_EMSTAT_44.xlsx
14.731074466982275,0.16827223409577052,32.25349644047614,-0.700144,2.576233737529823,8,0,,KCL_EMSTAT_45.xlsx
14.490623131597177,0.11469602963044051,32.065094305194755,-0.700144,2.56417852445373,8,0,,KCL_EMSTAT_46.xlsx
14.33556240096947,0.09174437280114672,31.903765590909046,-0.700144,2.56663625211936,8,0,,KCL_EMSTAT_47.xlsx
12.274840960822486,3.519825359376245,31.633173755411217,-0.6826302499999999,2.103552100122858,8,0,,KCL_EMSTAT_48.xlsx
7.590400247564963,0.07916923341097393,30.711984786796528,-0.7701979999999999,0.7444721452653705,8,0,,KCL_EMSTAT_49.xlsx
7.4937104975829945,0.053360008078879265,29.92561388600288,-0.7701979999999999,0.7382537950751308,8,0,,KCL_EMSTAT_50.xlsx
8.996064705618688,0.24512745737291292,16.6041655719697,-0.508745,1.6162066022860033,8,2,0.3010299956639812,Cad_2ppm_1.xlsx
8.461386944548163,0.1297060011232068,18.177303119949496,-0.508745,1.49935291011456,8,2,0.3010299956639812,Cad_2ppm_10.xlsx
8.213467773214287,0.07312340452491935,16.675660281565655,-0.508745,1.4475251725268834,8,2,0.3010299956639812,Cad_2ppm_11.xlsx
8.001794164240621,0.11345850864352675,17.307255036616162,-0.508745,1.3978080050330932,8,2,0.3010299956639812,Cad_2ppm_12.xlsx
8.038590845788242,0.17874896042140073,17.323275309343437,-0.508745,1.4071167730163996,8,2,0.3010299956639812,Cad_2ppm_13.xlsx
8.259631434429114,0.14873447190759806,17.517005415404036,-0.508745,1.4372113665795831,8,2,0.3010299956639812,Cad_2ppm_14.xlsx
9.096988027258838,2.2429651475518844,16.747195339646463,-0.508745,1.5298003991730114,8,2,0.3010299956639812,Cad_2ppm_15.xlsx
7.965187366071426,0.10810749978065927,17.499294503787873,-0.508745,1.3777022219265702,8,2,0.3010299956639812,Cad_2ppm_16.xlsx
13.075256572943719,0.27232492158250327,17.08130335164141,-0.508745,2.6772512990278656,8,2,0.3010299956639812,Cad_2ppm_17.xlsx
13.075256572943719,0.27232492158250327,17.08130335164141,-0.508745,2.6772512990278656,8,2,0.3010299956639812,Cad_2ppm_18.xlsx
10.59821170641684,1.9972303447780748,17.789138889835854,-0.508745,2.04310267911157,8,2,0.3010299956639812,Cad_2ppm_19.xlsx
8.467182285272365,0.1275986334770295,17.10744243686868,-0.508745,1.4730883810510718,8,2,0.3010299956639812,Cad_2ppm_2.xlsx
8.382583835624093,0.13340051805063488,18.051326974747468,-0.508745,1.518285037946507,8,2,0.3010299956639812,Cad_2ppm_20.xlsx
8.32884590753968,0.1060147985233146,17.09049671464646,-0.508745,1.511886341636873,8,2,0.3010299956639812,Cad_2ppm_21.xlsx
8.265604014118868,0.08463666339034549,17.745437345959594,-0.508745,1.433097370409913,8,2,0.3010299956639812,Cad_2ppm_22.xlsx
8.09979349866522,0.17111526362089105,16.913134814393935,-0.508745,1.4049210072231024,8,2,0.3010299956639812,Cad_2ppm_23.xlsx
8.003901400284093,0.16243528502537244,17.00012779419192,-0.508745,1.3849038956982964,8,2,0.3010299956639812,Cad_2ppm_24.xlsx
8.295871740692638,0.14561310469183902,16.83211160227272,-0.508745,1.4654188270492157,8,2,0.3010299956639812,Cad_2ppm_25.xlsx
8.008058317604622,0.09665671130134716,17.135139170454547,-0.508745,1.399312978195411,8,2,0.3010299956639812,Cad_2ppm_26.xlsx
8.11416878424874,0.07922057173438111,17.298007238636366,-0.508745,1.423914362593424,8,2,0.3010299956639812,Cad_2ppm_27.xlsx
8.162289044715006,0.15925374892359961,15.778521414141412,-0.508745,1.2585194645209028,8,2,0.3010299956639812,Cad_2ppm_28.xlsx
8.162289044715006,0.15925374892359961,15.778521414141412,-0.508745,1.2585194645209028,8,2,0.3010299956639812,Cad_2ppm_29.xlsx
8.507182402344876,0.1200333489751209,17.394038323232323,-0.508745,1.473657172305348,8,2,0.3010299956639812,Cad_2ppm_3.xlsx
8.167687884474205,0.09769364517048931,16.848596660353532,-0.508745,1.2557953793306476,8,2,0.3010299956639812,Cad_2ppm_30.xlsx
7.9848573526154425,0.1090525992082697,17.70890146843434,-0.508745,1.2145320206958075,8,2,0.3010299956639812,Cad_2ppm_31.xlsx
7.835109384758296,0.11988132315210928,18.246400541666663,-0.508745,1.1665274015021994,8,2,0.3010299956639812,Cad_2ppm_32.xlsx
7.7532539126984075,0.1293193467285789,18.370606008838376,-0.508745,1.146169160307123,8,2,0.3010299956639812,Cad_2ppm_33.xlsx
7.950284482814749,0.14842348080030757,18.639498449494944,-0.508745,1.1717363857896228,8,2,0.3010299956639812,Cad_2ppm_34.xlsx
7.8355876215638505,0.10513153801909617,18.56862143055555,-0.508745,1.18102123741879,8,2,0.3010299956639812,Cad_2ppm_35.xlsx
7.7020681902326835,0.13333475096186803,18.857020715909087,-0.508745,1.1417225503064308,8,2,0.3010299956639812,Cad_2ppm_36.xlsx
7.724378340440115,0.1335969756578077,19.28330157323232,-0.508745,1.1285082424659145,8,2,0.3010299956639812,Cad_2ppm_37.xlsx
7.966391903481244,0.15286656773252136,18.234870636363638,-0.508745,1.2319774445569953,8,2,0.3010299956639812,Cad_2ppm_38.xlsx
7.528399626244586,0.11754611081470773,18.974253541666663,-0.508745,1.1155752211743093,8,2,0.3010299956639812,Cad_2ppm_39.xlsx
8.416197984677126,0.16895434731977751,17.610507106060602,-0.508745,1.464145352825545,8,2,0.3010299956639812,Cad_2ppm_4.xlsx
7.449450036810067,0.12635690511682196,18.849874805555555,-0.508745,1.1123345137671063,8,2,0.3010299956639812,Cad_2ppm_40.xlsx
7.451346733901514,0.11306674964752868,18.922900801767675,-0.508745,1.1040920493562254,8,2,0.3010299956639812,Cad_2ppm_41.xlsx
7.222612581146289,0.11824089160024522,18.981823411616162,-0.508745,1.061187097903358,8,2,0.3010299956639812,Cad_2ppm_42.xlsx
7.2517451740349905,0.12724650603846419,19.07788241666666,-0.508745,1.0558559607520626,8,2,0.3010299956639812,Cad_2ppm_43.xlsx
7.3062831215864055,0.1093649124879858,19.07215949747475,-0.508745,1.0603647319073013,8,2,0.3010299956639812,Cad_2ppm_44.xlsx
6.9512470318993484,0.12187309022512932,19.633261919191913,-0.508745,0.9784830121909707,8,2,0.3010299956639812,Cad_2ppm_45.xlsx
7.083765917604617,0.11270433796336084,19.389651587121207,-0.508745,1.0089156141974014,8,2,0.3010299956639812,Cad_2ppm_46.xlsx
6.987826839515689,0.15418594772498254,19.71879720959595,-0.508745,0.9834851708168475,8,2,0.3010299956639812,Cad_2ppm_47.xlsx
7.078688627836401,0.14896534092406347,19.836780797979795,-0.508745,0.9971217923875995,8,2,0.3010299956639812,Cad_2ppm_48.xlsx
6.976287506502523,0.12046399024615,18.897011275252517,-0.508745,1.0260032153271381,8,2,0.3010299956639812,Cad_2ppm_49.xlsx
8.461048265597938,0.1744438099669073,17.771200344696965,-0.508745,1.4733324019207665,8,2,0.3010299956639812,Cad_2ppm_5.xlsx
6.935609652412522,0.12442372032521913,19.261518327020198,-0.508745,0.987287700341141,8,2,0.3010299956639812,Cad_2ppm_50.xlsx
8.35478003052399,0.12642280457753863,18.13716554040404,-0.508745,1.466338254932571,8,2,0.3010299956639812,Cad_2ppm_6.xlsx
8.458213134235205,0.10437720747501614,17.894795862373734,-0.508745,1.4814429759617962,8,2,0.3010299956639812,Cad_2ppm_7.xlsx
8.1558193789412,0.13072691385662433,18.231546303030303,-0.508745,1.4345008580171859,8,2,0.3010299956639812,Cad_2ppm_8.xlsx
8.416175029441735,0.19408159399254074,18.184734999999996,-0.508745,1.486705701800973,8,2,0.3010299956639812,Cad_2ppm_9.xlsx
12.326850142049935,0.27943986526408365,21.200894000541098,-0.700144,2.506496490156861,8,4,0.6020599913279624,Cad_4ppm_1.xlsx
14.283486598917712,0.22681558146275407,23.381746709956673,-0.691387,2.8738954721850343,8,4,0.6020599913279624,Cad_4ppm_10.xlsx
14.276228888523594,0.06281078499172402,23.664510070346285,-0.691387,2.883931830936444,8,4,0.6020599913279624,Cad_4ppm_11.xlsx
14.380382141919155,0.12250655504759388,23.818087110389577,-0.690136,2.9067596579616053,8,4,0.6020599913279624,Cad_4ppm_12.xlsx
14.345612641012773,0.14764650409829133,23.943596291125505,-0.690136,2.8835779584987704,8,4,0.6020599913279624,Cad_4ppm_13.xlsx
14.531853917216775,0.17700867172649942,24.098133611471823,-0.690136,2.928079954470993,8,4,0.6020599913279624,Cad_4ppm_14.xlsx
14.14783437592439,0.2068790545165823,22.270320446969663,-0.69514,2.8155038173606295,8,4,0.6020599913279624,Cad_4ppm_15.xlsx
13.949424246221103,0.25618321214582174,23.358665320346287,-0.696391,2.7841797859486133,8,4,0.6020599913279624,Cad_4ppm_16.xlsx
13.913425837508985,0.1694546545563013,23.283829139610354,-0.697642,2.783894342466696,8,4,0.6020599913279624,Cad_4ppm_17.xlsx
13.930009229775397,0.0974364202334477,23.505563001082216,-0.698893,2.7896469619279696,8,4,0.6020599913279624,Cad_4ppm_18.xlsx
14.401921713225974,0.1510565948319605,24.04235537554109,-0.698893,2.8673553099587448,8,4,0.6020599913279624,Cad_4ppm_19.xlsx
12.545263548457761,0.19191732812770346,20.57882453517313,-0.700144,2.566272094185495,8,4,0.6020599913279624,Cad_4ppm_2.xlsx
14.349060422104941,0.09990295981504341,24.118275803030265,-0.697642,2.856237194772583,8,4,0.6020599913279624,Cad_4ppm_20.xlsx
14.62429049581075,0.20320716539968975,24.294608540043253,-0.69514,2.8908075952963905,8,4,0.6020599913279624,Cad_4ppm_21.xlsx
14.979389572420597,0.12511654862140523,24.62339044805191,-0.697642,2.952258089339022,8,4,0.6020599913279624,Cad_4ppm_22.xlsx
15.029432160218217,0.14277846122035584,24.596654786255378,-0.696391,2.945616440501954,8,4,0.6020599913279624,Cad_4ppm_23.xlsx
15.971887670341772,0.2894262366118995,25.220664923160136,-0.696391,3.134625567491555,8,4,0.6020599913279624,Cad_4ppm_24.xlsx
14.593945499959377,0.16648056898277114,24.544524395021607,-0.700144,2.8703485281485066,8,4,0.6020599913279624,Cad_4ppm_25.xlsx
14.991562082467496,0.17130420944017422,24.93623566341988,-0.700144,2.9342662054831035,8,4,0.6020599913279624,Cad_4ppm_26.xlsx
14.782728941968756,0.31148440325854837,24.773576006493467,-0.700144,2.877471977289235,8,4,0.6020599913279624,Cad_4ppm_27.xlsx
12.558934616991309,0.5115402781991004,21.95942892532464,-0.69514,2.5962893944304675,8,4,0.6020599913279624,Cad_4ppm_28.xlsx
10.779007341468224,0.30884183696665973,20.548602357142826,-0.696391,2.3019550055351496,8,4,0.6020599913279624,Cad_4ppm_29.xlsx
12.244626077205055,0.13966839925828958,21.20173957251079,-0.700144,2.504053119435023,8,4,0.6020599913279624,Cad_4ppm_3.xlsx
10.326920922032803,0.13473480323908565,19.971309911796506,-0.698893,2.245834983618004,8,4,0.6020599913279624,Cad_4ppm_30.xlsx
10.2904464766955,0.1871392692599922,19.903469246753218,-0.697642,2.2451019160224455,8,4,0.6020599913279624,Cad_4ppm_31.xlsx
10.454433422235722,0.12801718728440573,19.630890703463173,-0.697642,2.2572433896311477,8,4,0.6020599913279624,Cad_4ppm_32.xlsx
10.70140380340455,0.08281046549901186,19.87710148430733,-0.692638,2.3087541927860435,8,4,0.6020599913279624,Cad_4ppm_33.xlsx
10.892633261580055,0.12351841168364401,20.327067083874425,-0.692638,2.371858253775964,8,4,0.6020599913279624,Cad_4ppm_34.xlsx
11.057281787549572,0.08575908024620726,20.60266765909088,-0.690136,2.4192185242843225,8,4,0.6020599913279624,Cad_4ppm_35.xlsx
12.33285414154939,0.18487477261493931,21.491870949134167,-0.691387,2.6177127007087426,8,4,0.6020599913279624,Cad_4ppm_36.xlsx
12.20786144673518,0.22965072355990396,21.413307771644988,-0.690136,2.6363118908834657,8,4,0.6020599913279624,Cad_4ppm_37.xlsx
12.334899618492933,0.14659218691364787,21.629701119047585,-0.690136,2.6642380465257447,8,4,0.6020599913279624,Cad_4ppm_38.xlsx
12.393936996996722,0.14324516500301446,21.67985826785711,-0.690136,2.6535968936785506,8,4,0.6020599913279624,Cad_4ppm_39.xlsx
12.304573013528106,0.08522562175912353,21.400841831168798,-0.700144,2.5141603016499117,8,4,0.6020599913279624,Cad_4ppm_4.xlsx
12.529861159943152,0.18411470287451615,21.94335801298698,-0.690136,2.686128139186783,8,4,0.6020599913279624,Cad_4ppm_40.xlsx
12.834562984825904,0.22448589247084294,22.54399507467529,-0.690136,2.751398019363722,8,4,0.6020599913279624,Cad_4ppm_41.xlsx
12.404768398962808,0.18927787334964508,22.020223119859274,-0.690136,2.6880658840576905,8,4,0.6020599913279624,Cad_4ppm_42.xlsx
13.830484518073558,0.26462371612295954,23.19353946536793,-0.690136,2.9203138167427025,8,4,0.6020599913279624,Cad_4ppm_43.xlsx
13.13193152926133,0.2612853205930972,22.770544032467498,-0.691387,2.804423167086802,8,4,0.6020599913279624,Cad_4ppm_44.xlsx
14.419053056561111,0.28083836166462733,23.580264491341957,-0.690136,3.013750288430482,8,4,0.6020599913279624,Cad_4ppm_45.xlsx
13.439395603079873,0.20801789939996734,23.05433139177486,-0.690136,2.8597144684132036,8,4,0.6020599913279624,Cad_4ppm_46.xlsx
13.586222152187014,0.20905911989870277,23.100929807900396,-0.690136,2.882386366419044,8,4,0.6020599913279624,Cad_4ppm_47.xlsx
13.539853190796324,0.20426983828708986,23.045696049783515,-0.690136,2.8853152149808663,8,4,0.6020599913279624,Cad_4ppm_48.xlsx
14.454484065643001,0.2987608382159163,23.61663010389607,-0.690136,2.9974398386676486,8,4,0.6020599913279624,Cad_4ppm_49.xlsx
12.5188716320346,0.106704577000218,20.973491334415552,-0.69514,2.5862503212055277,8,4,0.6020599913279624,Cad_4ppm_5.xlsx
14.128476715074818,0.22752248782915263,23.57266901731598,-0.690136,2.945790987366836,8,4,0.6020599913279624,Cad_4ppm_50.xlsx
12.653878792518906,0.15909103347343392,21.486313010822478,-0.696391,2.610249677038387,8,4,0.6020599913279624,Cad_4ppm_6.xlsx
12.77556604861108,0.23652167776434302,21.6392379350649,-0.696391,2.6166502635093973,8,4,0.6020599913279624,Cad_4ppm_7.xlsx
14.036508013744555,0.24703320369781226,22.74351459307356,-0.692638,2.829739813465288,8,4,0.6020599913279624,Cad_4ppm_8.xlsx
14.279521116874061,0.18747474909076667,23.0832645833333,-0.690136,2.8638009983866954,8,4,0.6020599913279624,Cad_4ppm_9.xlsx
7.900296859379477,0.4842552475984167,25.945347172077884,-0.6726219999999999,1.3654813790268991,8,6,0.7781512503836436,Cad_6ppm_1.xlsx
7.313776041702708,0.19568713784111003,25.651184682900393,-0.677626,1.2781105681447664,8,6,0.7781512503836436,Cad_6ppm_10.xlsx
7.116035527182505,0.14395702552585612,27.317684795454504,-0.6701199999999999,1.1793239564453089,8,6,0.7781512503836436,Cad_6ppm_11.xlsx
6.780497635822479,0.21098490982438423,26.51633479870126,-0.6701199999999999,1.1255230749688856,8,6,0.7781512503836436,Cad_6ppm_12.xlsx
7.169459268163749,0.21861394528596226,27.716319694805154,-0.6701199999999999,1.164635119894616,8,6,0.7781512503836436,Cad_6ppm_13.xlsx
6.908237715927099,0.13490257205215456,25.679795301948012,-0.677626,1.1722000955918084,8,6,0.7781512503836436,Cad_6ppm_14.xlsx
7.211133387391742,0.19725595167334883,28.08714202272723,-0.6701199999999999,1.1502383160463592,8,6,0.7781512503836436,Cad_6ppm_15.xlsx
7.212426237725438,0.28390332242824373,28.164278814935024,-0.6701199999999999,1.1469798455455393,8,6,0.7781512503836436,Cad_6ppm_16.xlsx
7.098070668501979,0.18045475899040425,17.64103728914141,-0.508745,1.4502895292127924,8,6,0.7781512503836436,Cad_6ppm_17.xlsx
6.673269713722042,0.12239980977063153,19.69424907323232,-0.508745,1.3950583909550547,8,6,0.7781512503836436,Cad_6ppm_18.xlsx
6.61747205348124,0.13392304954680154,20.155507656565653,-0.508745,1.4258561815429205,8,6,0.7781512503836436,Cad_6ppm_19.xlsx
7.1866266094155495,0.21693508032177145,26.36367734090905,-0.678877,1.174232917439208,8,6,0.7781512503836436,Cad_6ppm_2.xlsx
12.82674662454001,0.4615169518423619,19.744840914502134,-0.606321,2.9018345397811327,8,6,0.7781512503836436,Cad_6ppm_20.xlsx
14.323451702714614,0.4440877580500185,22.1893499816017,-0.610074,3.1856825565963582,8,6,0.7781512503836436,Cad_6ppm_21.xlsx
16.080444249332572,0.45283168600994445,23.670747876623338,-0.600066,3.4965437055966184,8,6,0.7781512503836436,Cad_6ppm_22.xlsx
6.42716230941558,0.11258686945658278,19.334752953282823,-0.508745,1.2475414511118337,8,6,0.7781512503836436,Cad_6ppm_23.xlsx
6.078027684938674,0.1292137335484579,21.072449343434343,-0.508745,1.2306550811995889,8,6,0.7781512503836436,Cad_6ppm_24.xlsx
7.603490127065296,0.11758280956844733,18.091736440656568,-0.508745,1.441185689701591,8,6,0.7781512503836436,Cad_6ppm_25.xlsx
7.6091032673656205,0.13391477729085385,20.152484729797976,-0.508745,1.524301288011121,8,6,0.7781512503836436,Cad_6ppm_26.xlsx
7.517261547330444,0.14301830441427654,20.652253489898985,-0.508745,1.5690755896028632,8,6,0.7781512503836436,Cad_6ppm_27.xlsx
7.683478055636698,0.11567741638608635,21.444887777416998,-0.6188303749999999,1.6293646209630577,8,6,0.7781512503836436,Cad_6ppm_28.xlsx
7.581546970400404,0.09260626929188397,21.52434468686866,-0.6138263749999999,1.6210839853464099,8,6,0.7781512503836436,Cad_6ppm_29.xlsx
7.617701639024133,0.04494724703496811,27.167272343073552,-0.6701199999999999,1.2482887437032681,8,6,0.7781512503836436,Cad_6ppm_3.xlsx
8.78144586408276,0.33405022138138357,22.656796797619013,-0.6275872499999999,1.8317994718951254,8,6,0.7781512503836436,Cad_6ppm_30.xlsx
12.411421179675644,13.23953244300262,24.11940884595959,-0.5237566250000001,1.9001793188973126,8,6,0.7781512503836436,Cad_6ppm_31.xlsx
7.263882424621211,0.09520505716804734,19.12954488762626,-0.508745,1.4762885059930684,8,6,0.7781512503836436,Cad_6ppm_32.xlsx
7.190677475189396,0.0922939605167403,19.659414342171715,-0.508745,1.4859803066433295,8,6,0.7781512503836436,Cad_6ppm_33.xlsx
7.0770111738861825,0.10688739071085732,19.373433116161614,-0.508745,1.4502397450058795,8,6,0.7781512503836436,Cad_6ppm_34.xlsx
6.885815723967354,0.10464896698762301,19.876833080808083,-0.508745,1.466905430847656,8,6,0.7781512503836436,Cad_6ppm_35.xlsx
6.599826289272174,0.06647380059502075,20.427077177489167,-0.5362665,1.4724712141975502,8,6,0.7781512503836436,Cad_6ppm_36.xlsx
6.354438738483047,0.15511923638044714,19.9614632020202,-0.508745,1.3880130027496258,8,6,0.7781512503836436,Cad_6ppm_37.xlsx
6.465853810457219,0.112066080546856,21.893965557359273,-0.623834625,1.4333493069462242,8,6,0.7781512503836436,Cad_6ppm_38.xlsx
6.829732687360179,0.06023486139842108,22.8111033820346,-0.6275872499999999,1.4549073606915364,8,6,0.7781512503836436,Cad_6ppm_39.xlsx
7.593253444705951,0.051440975917733445,27.44667997077918,-0.6701199999999999,1.234040045795242,8,6,0.7781512503836436,Cad_6ppm_4.xlsx
7.3960615743776685,0.16530599493001838,23.93297527489174,-0.6288381249999999,1.5328580935837102,8,6,0.7781512503836436,Cad_6ppm_40.xlsx
5.821021223710314,0.17098015782477216,19.940814246392492,-0.5362663750000001,1.2526927478525471,8,6,0.7781512503836436,Cad_6ppm_41.xlsx
7.2004201475739205,0.10269409648529909,23.8783564859307,-0.6288381249999999,1.4857519296653425,8,6,0.7781512503836436,Cad_6ppm_42.xlsx
5.808920472993294,0.08152779589077612,21.966786056277023,-0.648854125,1.2863804428567986,8,6,0.7781512503836436,Cad_6ppm_43.xlsx
6.402766759307326,0.12187959542495169,23.08805357683979,-0.620082,1.351650055221763,8,6,0.7781512503836436,Cad_6ppm_44.xlsx
6.632318785822479,0.04400423144534867,23.63493684523806,-0.626336375,1.3750242751397193,8,6,0.7781512503836436,Cad_6ppm_45.xlsx
7.8378360916035,0.1486979939573638,25.306137453463165,-0.630089,1.5674508302121346,8,6,0.7781512503836436,Cad_6ppm_46.xlsx
7.114943222095928,0.12596872654268887,25.0249827359307,-0.6275872499999999,1.4166820414808137,8,6,0.7781512503836436,Cad_6ppm_47.xlsx
7.556551196942603,0.06110637363356684,25.86475277922074,-0.6250855,1.4653122321845284,8,6,0.7781512503836436,Cad_6ppm_48.xlsx
7.140466588171865,0.10614849555726637,25.171615673160133,-0.626336375,1.4120604667366417,8,6,0.7781512503836436,Cad_6ppm_49.xlsx
7.970913122600977,0.0968282246779971,27.952716767315977,-0.6701199999999999,1.3008318283562523,8,6,0.7781512503836436,Cad_6ppm_5.xlsx
7.864811904207252,0.09633731128975108,17.508027484848483,-0.508745,1.5430906924893288,8,6,0.7781512503836436,Cad_6ppm_50.xlsx
8.066915952056242,0.0789144927214261,28.17503610173156,-0.6701199999999999,1.3218444836322003,8,6,0.7781512503836436,Cad_6ppm_6.xlsx
7.61639365980336,0.3121637384658463,25.93078484956706,-0.6726219999999999,1.3357410163305445,8,6,0.7781512503836436,Cad_6ppm_7.xlsx
6.915682504283879,0.025461701536061705,25.141907506493467,-0.6701199999999999,1.197640214192187,8,6,0.7781512503836436,Cad_6ppm_8.xlsx
6.820872477200545,0.11278076335292593,26.387260393939354,-0.6701199999999999,1.1131531682846594,8,6,0.7781512503836436,Cad_6ppm_9.xlsx
35.45279022456698,2.9634844146505026,80.96532934632023,-0.6738729999999999,6.308894880281178,8,8,0.9030899869919435,Cad_8ppm_1.xlsx
18.99647999200931,0.3375800036175537,48.11028590043283,-0.681379,2.953444242721826,8,8,0.9030899869919435,Cad_8ppm_10.xlsx
17.606008461291424,0.21017931729062492,46.432983177489106,-0.690136,2.7357820714147367,8,8,0.9030899869919435,Cad_8ppm_11.xlsx
17.68182634356054,0.13674574917157248,45.95941418181811,-0.690136,2.7672915658166444,8,8,0.9030899869919435,Cad_8ppm_12.xlsx
17.05136879970232,0.11270912380335342,45.107588772727205,-0.690136,2.6647504629945207,8,8,0.9030899869919435,Cad_8ppm_13.xlsx
20.016810603634507,1.3365485561750676,46.36630171428565,-0.691387,2.6803141056150714,8,8,0.9030899869919435,Cad_8ppm_14.xlsx
20.016810603634507,1.3365485561750676,46.36630171428565,-0.691387,2.6803141056150714,8,8,0.9030899869919435,Cad_8ppm_15.xlsx
21.86706447441371,1.744913427021198,47.83214491341984,-0.686383,2.9815476114265858,8,8,0.9030899869919435,Cad_8ppm_16.xlsx
20.311093978679594,0.985098225080013,45.951992067099496,-0.687634,2.7876213407637653,8,8,0.9030899869919435,Cad_8ppm_17.xlsx
18.520091975008956,0.06467546599804118,45.46254284199127,-0.68263,2.74058223273323,8,8,0.9030899869919435,Cad_8ppm_18.xlsx
18.530467446590837,0.14119692420763727,45.99266579437223,-0.680128,2.792117575872216,8,8,0.9030899869919435,Cad_8ppm_19.xlsx
25.776060646428487,2.6177383315164326,63.800732378787785,-0.693889,4.067988571053114,8,8,0.9030899869919435,Cad_8ppm_2.xlsx
18.731194362418766,0.11442353649420904,46.324230432900364,-0.680128,2.8406590398836706,8,8,0.9030899869919435,Cad_8ppm_20.xlsx
18.936583772591927,0.11738790197433314,46.53126830952374,-0.680128,2.858069747142861,8,8,0.9030899869919435,Cad_8ppm_21.xlsx
18.653605905916237,0.14871954558528225,46.31680377705621,-0.680128,2.835290697337979,8,8,0.9030899869919435,Cad_8ppm_22.xlsx
18.44808687652411,0.11870690472160238,46.04284592857136,-0.68263,2.8118361533998013,8,8,0.9030899869919435,Cad_8ppm_23.xlsx
18.26417144491336,0.2101702547130123,45.73670912770556,-0.690136,2.778846680345415,8,8,0.9030899869919435,Cad_8ppm_24.xlsx
18.802168752371877,0.11189842647365639,46.066408080086504,-0.690136,2.8416815433850164,8,8,0.9030899869919435,Cad_8ppm_25.xlsx
18.34886275235383,0.09353836975444206,45.7312488722943,-0.690136,2.746439295985607,8,8,0.9030899869919435,Cad_8ppm_26.xlsx
17.796812311859604,0.13314660475559653,45.17352751298695,-0.690136,2.655281215527464,8,8,0.9030899869919435,Cad_8ppm_27.xlsx
17.33208162272721,0.13585693109567845,44.59935520346313,-0.700144,2.571116418893933,8,8,0.9030899869919435,Cad_8ppm_28.xlsx
16.77929353554287,0.0606223038872894,43.91944965584409,-0.700144,2.4675887367267118,8,8,0.9030899869919435,Cad_8ppm_29.xlsx
27.46240382267306,1.753950665696458,68.55208206277047,-0.687634,4.6353159015738585,8,8,0.9030899869919435,Cad_8ppm_3.xlsx
19.99349465550138,1.015871388547044,45.89587464069257,-0.691387,2.845080204982062,8,8,0.9030899869919435,Cad_8ppm_30.xlsx
21.052629897095898,1.0674312053755528,46.35035524025967,-0.698893,2.7218053009668597,8,8,0.9030899869919435,Cad_8ppm_31.xlsx
19.13601838735564,0.0501222970906225,45.337349748917674,-0.700144,2.719442791754302,8,8,0.9030899869919435,Cad_8ppm_32.xlsx
19.073053232368267,0.07810110682765926,45.634478456709886,-0.693889,2.7358349799828963,8,8,0.9030899869919435,Cad_8ppm_33.xlsx
18.538381566071376,0.10681909951963066,45.36866948268391,-0.69514,2.669810137728336,8,8,0.9030899869919435,Cad_8ppm_34.xlsx
18.11348911869584,0.2526477139760543,45.01577924242417,-0.697642,2.604569945042606,8,8,0.9030899869919435,Cad_8ppm_35.xlsx
17.236054425559118,0.16884120547566298,44.145866318181746,-0.700144,2.47782888053103,8,8,0.9030899869919435,Cad_8ppm_36.xlsx
16.702331066125495,0.09166824052950008,43.451518549783486,-0.700144,2.3828529734284487,8,8,0.9030899869919435,Cad_8ppm_37.xlsx
16.556518187427805,0.10546086716951494,43.185140389610325,-0.700144,2.3554476046963018,8,8,0.9030899869919435,Cad_8ppm_38.xlsx
16.988847666495268,0.18864105844074558,43.4999953636363,-0.700144,2.3903776201654363,8,8,0.9030899869919435,Cad_8ppm_39.xlsx
20.967643242135587,1.234553859202342,51.645125645021565,-0.700144,2.92918811710393,8,8,0.9030899869919435,Cad_8ppm_4.xlsx
17.35763877250176,0.08674973401054223,43.89292945887439,-0.700144,2.441739092317212,8,8,0.9030899869919435,Cad_8ppm_40.xlsx
18.283397388041084,0.6211151477810154,44.44185103463197,-0.700144,2.4641063452058494,8,8,0.9030899869919435,Cad_8ppm_41.xlsx
16.74992067397182,0.16957587425136397,43.23721143073587,-0.700144,2.3411832175666722,8,8,0.9030899869919435,Cad_8ppm_42.xlsx
16.12679464020559,0.09689893766692921,42.55317821428565,-0.700144,2.244397834423848,8,8,0.9030899869919435,Cad_8ppm_43.xlsx
16.536033331782065,0.06396893313896232,42.81763504545448,-0.700144,2.277853267070765,8,8,0.9030899869919435,Cad_8ppm_44.xlsx
17.057310156105657,0.05875851211527717,43.23868020346313,-0.700144,2.330978224267249,8,8,0.9030899869919435,Cad_8ppm_45.xlsx
16.8881105613185,0.12143795380770532,43.1250836601731,-0.700144,2.3057285792886475,8,8,0.9030899869919435,Cad_8ppm_46.xlsx
16.347829730393173,0.1371204198233808,42.65600359740253,-0.700144,2.2333171938945284,8,8,0.9030899869919435,Cad_8ppm_47.xlsx
16.05715876168827,0.20921659394489378,42.29915319913414,-0.700144,2.1875107189767795,8,8,0.9030899869919435,Cad_8ppm_48.xlsx
16.975559179743826,0.4284483285123467,42.50256127489171,-0.700144,2.1883620147047056,8,8,0.9030899869919435,Cad_8ppm_49.xlsx
18.790674055140634,0.21775515006421867,49.92802270779213,-0.710152,2.702649947226598,8,8,0.9030899869919435,Cad_8ppm_5.xlsx
20.94265090758472,1.1779566735004572,44.9700481666666,-0.700144,2.4747040377607274,8,8,0.9030899869919435,Cad_8ppm_50.xlsx
18.329597988464943,0.11037356397744684,49.24434021807352,-0.710152,2.734870899024726,8,8,0.9030899869919435,Cad_8ppm_6.xlsx
18.88664094861104,0.07953851087800741,49.2817357792207,-0.692638,2.936528530220107,8,8,0.9030899869919435,Cad_8ppm_7.xlsx
18.252359596843366,0.10419374578409397,47.817875218614645,-0.690136,2.869598655662943,8,8,0.9030899869919435,Cad_8ppm_8.xlsx
18.759299543786007,0.19837821285844348,48.76145461255404,-0.686383,2.944327851209095,8,8,0.9030899869919435,Cad_8ppm_9.xlsx
7.389065708973664,0.6664100758365836,21.836464212121207,-0.508745,1.4819744752567212,8,10,1.0,Cad_10ppm_1.xlsx
8.958319147921143,0.051006554907642956,25.934454705627665,-0.730167,1.7704431305473767,8,10,1.0,Cad_10ppm_10.xlsx
9.226015065367925,0.056059671233617936,26.41600390800862,-0.730167,1.8300143598456373,8,10,1.0,Cad_10ppm_11.xlsx
9.357741929301913,0.05865046284436405,26.821205296536757,-0.730167,1.8592531644506827,8,10,1.0,Cad_10ppm_12.xlsx
9.503781848935748,0.045511260729334695,27.04158583549779,-0.730167,1.8865927378785143,8,10,1.0,Cad_10ppm_13.xlsx
9.85453368568268,0.047481733961286514,26.933803418831125,-0.730167,1.9626668193820995,8,10,1.0,Cad_10ppm_14.xlsx
9.962284794408328,0.05409698329921272,27.39930399134195,-0.730167,1.9624851755774515,8,10,1.0,Cad_10ppm_15.xlsx
9.883591731637763,0.06203903263312297,27.675838211038922,-0.730167,1.922698693818497,8,10,1.0,Cad_10ppm_16.xlsx
6.3850217476010025,0.3940868209729075,18.34095031475468,-0.552529,1.3343143958075283,8,10,1.0,Cad_10ppm_17.xlsx
7.47441695414412,0.3033003890441712,18.188485671717167,-0.508745,1.449286974530188,8,10,1.0,Cad_10ppm_18.xlsx
7.994467745377882,0.24515540624557586,20.71833982070707,-0.508745,1.599675095287053,8,10,1.0,Cad_10ppm_19.xlsx
7.887869299319085,0.24823483492001172,23.16396846212121,-0.508745,1.6137404345967314,8,10,1.0,Cad_10ppm_2.xlsx
8.419227366057893,0.26496831173634044,21.189160477272722,-0.508745,1.721108370877361,8,10,1.0,Cad_10ppm_20.xlsx
8.73241400148358,0.18481386971523864,21.643977191919184,-0.508745,1.81120015415734,8,10,1.0,Cad_10ppm_21.xlsx
8.726389227696604,0.14225600387412518,22.35469752525252,-0.508745,1.808668357118775,8,10,1.0,Cad_10ppm_22.xlsx
8.701791702547796,0.14880951631626202,22.773371323232322,-0.508745,1.802452282002942,8,10,1.0,Cad_10ppm_23.xlsx
8.497196292013882,0.18951582607881257,22.2795951096681,-0.54377225,1.8275836619825268,8,10,1.0,Cad_10ppm_24.xlsx
8.658482364299243,0.1703839960086211,22.86864492063492,-0.5262586250000001,1.8469494708040737,8,10,1.0,Cad_10ppm_25.xlsx
8.82223827331346,0.153821298147339,23.617352488816707,-0.631340375,1.8718463469798483,8,10,1.0,Cad_10ppm_26.xlsx
9.054488706651302,0.06749347173740436,23.995595494949463,-0.631340375,1.921471269944206,8,10,1.0,Cad_10ppm_27.xlsx
9.263429855632179,0.07519512228777239,24.656791992424207,-0.6501049999999999,1.9524385714506844,8,10,1.0,Cad_10ppm_28.xlsx
9.52375288780209,0.05774787244880239,25.26848882792204,-0.6501049999999999,1.9905960004258807,8,10,1.0,Cad_10ppm_29.xlsx
8.073462821793829,0.16396269361818858,23.959714444444437,-0.508745,1.7126509644866525,8,10,1.0,Cad_10ppm_3.xlsx
9.813263023124062,0.03894225958048657,25.129814372294334,-0.6501049999999999,2.0634349724231367,8,10,1.0,Cad_10ppm_30.xlsx
10.21283641620667,0.05581409990293459,26.26596824134195,-0.6501049999999999,2.097438719230507,8,10,1.0,Cad_10ppm_31.xlsx
10.41409070980335,0.052094926496459824,26.381014402597362,-0.6501049999999999,2.155702492595119,8,10,1.0,Cad_10ppm_32.xlsx
11.063721490963164,0.08133012504934657,27.58197341883113,-0.6501049999999999,2.2397118205654696,8,10,1.0,Cad_10ppm_33.xlsx
11.31888745137532,0.05469785895533918,28.37683296212117,-0.6526069999999999,2.265692359967706,8,10,1.0,Cad_10ppm_34.xlsx
11.629751718777012,0.045256992040722394,28.968665376623335,-0.6501049999999999,2.3137176285674252,8,10,1.0,Cad_10ppm_35.xlsx
10.806784239556237,0.12007134537263321,27.348398293290003,-0.6701204999999999,2.2545454917886865,8,10,1.0,Cad_10ppm_36.xlsx
11.394987407336721,0.5453911785410066,26.859854545454503,-0.6338421249999999,2.4249127305732054,8,10,1.0,Cad_10ppm_37.xlsx
10.965046052791266,0.11697309852331599,28.18783648268394,-0.6476029999999999,2.2219816653322706,8,10,1.0,Cad_10ppm_38.xlsx
11.634811411805511,0.058789418055825854,29.536147856060563,-0.6501049999999999,2.2674618311751273,8,10,1.0,Cad_10ppm_39.xlsx
7.253002362477421,0.5942105080175869,23.602627929653643,-0.69639075,1.3690731522644937,8,10,1.0,Cad_10ppm_4.xlsx
12.181587249134154,0.07718931998630126,30.520013720779176,-0.6563599999999999,2.344063041011463,8,10,1.0,Cad_10ppm_40.xlsx
12.542199296726142,0.05432019444321179,31.175009229437183,-0.660113,2.4022084304099285,8,10,1.0,Cad_10ppm_41.xlsx
12.634878858495624,0.06399229292332488,31.576173209956664,-0.660113,2.410661624537158,8,10,1.0,Cad_10ppm_42.xlsx
12.692737649549015,0.06416703764110424,31.804699422077874,-0.660113,2.4251618357372418,8,10,1.0,Cad_10ppm_43.xlsx
12.74415222605515,0.05707453651025983,32.150182570346274,-0.660113,2.4274054875644104,8,10,1.0,Cad_10ppm_44.xlsx
12.707320382404355,0.07794966675416277,32.12675718290038,-0.660113,2.4302713366179973,8,10,1.0,Cad_10ppm_45.xlsx
12.75246983299959,0.06408366809460843,32.302506094155795,-0.660113,2.447764795408525,8,10,1.0,Cad_10ppm_46.xlsx
12.581613843659765,0.05037867685314328,32.02169562770558,-0.660113,2.40434166777033,8,10,1.0,Cad_10ppm_47.xlsx
12.52536854196424,0.04653752099238626,31.85758362012982,-0.660113,2.3714671839212293,8,10,1.0,Cad_10ppm_48.xlsx
12.920984605799017,0.06272992364173073,32.812046112554064,-0.660113,2.402352255478734,8,10,1.0,Cad_10ppm_49.xlsx
6.8058181120039345,0.1013821805385619,23.775845732683948,-0.730167,1.3711028003586467,8,10,1.0,Cad_10ppm_5.xlsx
12.951395391756805,0.1044584996263602,33.185514453463156,-0.660113,2.4120684306227833,8,10,1.0,Cad_10ppm_50.xlsx
7.271280523340515,0.04694120852896157,23.47697246536793,-0.730167,1.43113194776567,8,10,1.0,Cad_10ppm_6.xlsx
7.552820641211184,0.09943905029264885,24.229306234848448,-0.730167,1.511555300306366,8,10,1.0,Cad_10ppm_7.xlsx
7.805645722731752,0.04142385855123502,23.98888650270559,-0.730167,1.4909789680283185,8,10,1.0,Cad_10ppm_8.xlsx
8.241567500153284,0.13402776614519338,24.78918099891771,-0.730167,1.6376565557133178,8,10,1.0,Cad_10ppm_9.xlsx
9.279094962423311,1.0626343188221936,22.361353137445857,-0.6701199999999999,1.6379931405114718,8,20,1.3010299956639813,Cad_20ppm_1.xlsx
13.140784826312185,0.7554596353910943,32.819320914502114,-0.6701199999999999,1.9795770496110439,8,20,1.3010299956639813,Cad_20ppm_10.xlsx
13.668209025270526,0.08670404317239862,34.939529155844106,-0.677626,1.9489072560927712,8,20,1.3010299956639813,Cad_20ppm_11.xlsx
13.298077326857817,0.09380389128830494,34.53295631818177,-0.675124,1.9970839472720021,8,20,1.3010299956639813,Cad_20ppm_12.xlsx
13.236471944480462,0.12322065530841772,35.24047017099562,-0.677626,1.9854146946348488,8,20,1.3010299956639813,Cad_20ppm_13.xlsx
13.067624038564166,0.16391648899014583,35.37694344480514,-0.678877,1.989816275917648,8,20,1.3010299956639813,Cad_20ppm_14.xlsx
8.43789992659628,0.26145264438088145,25.80286893073589,-0.677626,1.4959160655039012,8,20,1.3010299956639813,Cad_20ppm_15.xlsx
9.252169118713883,0.15551671726423627,28.169169820346276,-0.6701199999999999,1.5548586610751332,8,20,1.3010299956639813,Cad_20ppm_16.xlsx
10.224338777768718,0.05411997845383976,30.368691622294328,-0.6701199999999999,1.6370929259886493,8,20,1.3010299956639813,Cad_20ppm_17.xlsx
10.822562111994909,0.04729566045948535,32.42642789069259,-0.6701199999999999,1.6831020537210046,8,20,1.3010299956639813,Cad_20ppm_18.xlsx
11.280181079518353,0.0685639805241251,33.855410343073544,-0.6713709999999999,1.7483429374045842,8,20,1.3010299956639813,Cad_20ppm_19.xlsx
9.754467364511147,0.7499993718478514,25.300555493506454,-0.678877,1.4738320526688318,8,20,1.3010299956639813,Cad_20ppm_2.xlsx
11.40883210881129,0.07198981697785493,34.855579336580035,-0.675124,1.763246914002031,8,20,1.3010299956639813,Cad_20ppm_20.xlsx
11.465501625640297,0.056080103663679305,35.78492891017311,-0.678877,1.7722440446652912,8,20,1.3010299956639813,Cad_20ppm_21.xlsx
10.547889290223623,0.11214493529920341,32.468840183982635,-0.680128,1.6713759546765308,8,20,1.3010299956639813,Cad_20ppm_22.xlsx
8.546822553733728,0.15355521208736383,28.168752897186103,-0.680128,1.39188096496164,8,20,1.3010299956639813,Cad_20ppm_23.xlsx
8.96147363353171,0.1683729120970052,29.922421678571386,-0.680128,1.4325428524547825,8,20,1.3010299956639813,Cad_20ppm_24.xlsx
9.971649149963895,0.22739693291358914,32.74805419264064,-0.680128,1.534186980619857,8,20,1.3010299956639813,Cad_20ppm_25.xlsx
10.68659700776512,0.1290390425282483,34.09439347943718,-0.678877,1.6552284678044331,8,20,1.3010299956639813,Cad_20ppm_26.xlsx
11.220906581286036,0.8847123639389765,29.55958965367961,-0.6713709999999999,1.9173669704108622,8,20,1.3010299956639813,Cad_20ppm_27.xlsx
9.915820599530992,0.16783522305112583,32.047016801948004,-0.680128,1.5271350186832784,8,20,1.3010299956639813,Cad_20ppm_28.xlsx
10.604035108035687,0.17212313418338715,33.91915801406921,-0.677626,1.6228903951018543,8,20,1.3010299956639813,Cad_20ppm_29.xlsx
12.028733765128926,0.25646349664367873,29.36875647619043,-0.6701199999999999,1.7837231919781311,8,20,1.3010299956639813,Cad_20ppm_3.xlsx
7.998813324756462,0.4248532324713263,22.20296540476187,-0.6701199999999999,1.3681102385961956,8,20,1.3010299956639813,Cad_20ppm_30.xlsx
9.663312064912487,0.3369840781528495,27.8459852424242,-0.6701199999999999,1.4166527546513707,8,20,1.3010299956639813,Cad_20ppm_31.xlsx
11.298836481376235,0.335837247739121,30.977218304112505,-0.6701199999999999,1.5528516284744724,8,20,1.3010299956639813,Cad_20ppm_32.xlsx
12.766379528219666,0.1743682516090181,32.846186790043234,-0.6701199999999999,1.7448285370876913,8,20,1.3010299956639813,Cad_20ppm_33.xlsx
13.543155411742392,0.07912263579893268,34.93604672943718,-0.6726219999999999,1.7827989905998707,8,20,1.3010299956639813,Cad_20ppm_34.xlsx
11.701350544516563,0.5394657642828449,31.074832930735884,-0.6701199999999999,1.6461335756116382,8,20,1.3010299956639813,Cad_20ppm_35.xlsx
11.386736141441169,0.5901516263496299,30.586625608225063,-0.6701199999999999,1.6141184643160131,8,20,1.3010299956639813,Cad_20ppm_36.xlsx
10.910553283098817,0.6601208959292236,29.714222075757533,-0.6701199999999999,1.5755620419038807,8,20,1.3010299956639813,Cad_20ppm_37.xlsx
12.201456603201628,0.38480468492081643,32.39605412337657,-0.6701199999999999,1.6788839324949845,8,20,1.3010299956639813,Cad_20ppm_38.xlsx
16.855200295436468,7.021972355866531,24.67961958658005,-0.6325915,3.323221736688833,8,20,1.3010299956639813,Cad_20ppm_39.xlsx
12.295646724296494,0.13768251839052084,29.871088060606013,-0.6701199999999999,1.9020417153677474,8,20,1.3010299956639813,Cad_20ppm_4.xlsx
11.020319965476158,0.3383247854682104,30.53056762445883,-0.6701199999999999,1.5130568277289305,8,20,1.3010299956639813,Cad_20ppm_40.xlsx
12.459879731258987,0.27119476973544265,33.31663935389605,-0.6701199999999999,1.612565255820693,8,20,1.3010299956639813,Cad_20ppm_41.xlsx
13.99266980031562,0.30414866017183967,35.63970738203457,-0.6701199999999999,1.7896029729787941,8,20,1.3010299956639813,Cad_20ppm_42.xlsx
15.128938605357106,0.09451104029027219,37.80006014502159,-0.6726219999999999,1.8906090291689184,8,20,1.3010299956639813,Cad_20ppm_43.xlsx
15.761199824080048,0.13080081050734813,39.64862895562764,-0.680128,1.9122366417754666,8,20,1.3010299956639813,Cad_20ppm_44.xlsx
16.16377945726908,0.07519349227961013,40.85693368831163,-0.680128,1.9385266212879246,8,20,1.3010299956639813,Cad_20ppm_45.xlsx
16.346431362995993,0.02744415350136907,41.610346504328945,-0.680128,1.9875660309415975,8,20,1.3010299956639813,Cad_20ppm_46.xlsx
16.13419442697507,0.10187796523877758,41.75196492207786,-0.680128,2.019570973893694,8,20,1.3010299956639813,Cad_20ppm_47.xlsx
15.839686015620455,0.06884856245607843,42.029633530302974,-0.680128,1.9996641629460559,8,20,1.3010299956639813,Cad_20ppm_48.xlsx
15.51444292493683,0.08719450329968892,42.213098593073525,-0.680128,1.9978485117273714,8,20,1.3010299956639813,Cad_20ppm_49.xlsx
11.812938523493822,0.13639588636646927,29.900135081168784,-0.6701199999999999,1.8608231083110922,8,20,1.3010299956639813,Cad_20ppm_5.xlsx
14.994914519390294,0.33342818277726044,41.97535651948046,-0.6701199999999999,1.9957074828371308,8,20,1.3010299956639813,Cad_20ppm_50.xlsx
11.00988839074671,0.0976462436064971,29.46605547619043,-0.6701199999999999,1.7559161211790846,8,20,1.3010299956639813,Cad_20ppm_6.xlsx
10.633452988604756,0.07000755079654947,29.185245207792164,-0.6701199999999999,1.7153646289667162,8,20,1.3010299956639813,Cad_20ppm_7.xlsx
10.72602793580443,0.08699129384605495,29.58375028571424,-0.6701199999999999,1.723398458963908,8,20,1.3010299956639813,Cad_20ppm_8.xlsx
12.223842555523948,0.12106500812654891,28.8704241915584,-0.6701199999999999,2.0326495334627026,8,20,1.3010299956639813,Cad_20ppm_9.xlsx
7.138987479342503,1.055745497946719,22.30428932359304,-0.691387,1.4025002126239385,8,40,1.6020599913279623,Cad_40ppm_1.xlsx
7.046558486764941,0.11857929460452662,22.948213889610358,-0.68263,1.4712435975463112,8,40,1.6020599913279623,Cad_40ppm_10.xlsx
7.074700844200908,0.14809021317192594,22.74268221320343,-0.680128,1.4933263746542096,8,40,1.6020599913279623,Cad_40ppm_11.xlsx
7.074700844200908,0.14809021317192594,22.74268221320343,-0.680128,1.4933263746542096,8,40,1.6020599913279623,Cad_40ppm_12.xlsx
7.15480182697508,0.22967605150219025,22.667705546536766,-0.680128,1.531567030893635,8,40,1.6020599913279623,Cad_40ppm_13.xlsx
6.54566985865347,0.06366748051709728,22.51323791341988,-0.680128,1.3949765421106655,8,40,1.6020599913279623,Cad_40ppm_14.xlsx
6.883516788852784,0.31561338400520716,22.77191639718611,-0.681379,1.4558008570341672,8,40,1.6020599913279623,Cad_40ppm_15.xlsx
15.793883637756998,1.3631099756992289,24.768008310606024,-0.6538579999999999,3.436914017415967,8,40,1.6020599913279623,Cad_40ppm_16.xlsx
6.554464156349175,0.053053091528902925,25.03648675974022,-0.68263,1.3376067236885896,8,40,1.6020599913279623,Cad_40ppm_17.xlsx
6.281936302254658,0.09032539407071655,24.520474616883078,-0.680128,1.2972814074744061,8,40,1.6020599913279623,Cad_40ppm_18.xlsx
6.084224491828973,0.060664284866646226,24.12722843614715,-0.680128,1.2703441286175177,8,40,1.6020599913279623,Cad_40ppm_19.xlsx
6.57135706280661,0.7258686338520081,22.233814903679622,-0.690136,1.3385492917525061,8,40,1.6020599913279623,Cad_40ppm_2.xlsx
6.339346993655274,0.409221654619696,23.014453295454512,-0.685132,1.3179631152040128,8,40,1.6020599913279623,Cad_40ppm_20.xlsx
5.644139682909422,0.07030886920141881,22.480173580086547,-0.680128,1.1759415785533476,8,40,1.6020599913279623,Cad_40ppm_21.xlsx
5.648089264425478,0.13805970138359058,22.405781848484814,-0.680128,1.183486155332534,8,40,1.6020599913279623,Cad_40ppm_22.xlsx
5.4639397687274265,0.03687667701451493,22.505032913419882,-0.680128,1.141798807717214,8,40,1.6020599913279623,Cad_40ppm_23.xlsx
8.38056835678207,1.8254108922446324,25.208047083333295,-0.665116375,1.7502290676665027,8,40,1.6020599913279623,Cad_40ppm_24.xlsx
6.853861844092684,0.5874544213505167,23.456208551948016,-0.690136,1.373744373456898,8,40,1.6020599913279623,Cad_40ppm_25.xlsx
5.609474117234822,0.03258799849044254,22.500439911255377,-0.688885,1.1373247951754308,8,40,1.6020599913279623,Cad_40ppm_26.xlsx
5.714349868262957,0.027035172209755813,22.86160789177486,-0.680128,1.1650474587095498,8,40,1.6020599913279623,Cad_40ppm_27.xlsx
6.035633661300476,0.17822790165777413,23.176639698051915,-0.680128,1.234229969172748,8,40,1.6020599913279623,Cad_40ppm_28.xlsx
6.726965059650041,0.398952892478211,23.428901366883082,-0.690136,1.339429669322426,8,40,1.6020599913279623,Cad_40ppm_29.xlsx
6.617804453341422,0.5774833368014635,22.306411770562736,-0.690136,1.3052873139302967,8,40,1.6020599913279623,Cad_40ppm_3.xlsx
6.133709811093045,0.2668851695856811,23.0633051850649,-0.680128,1.260180966281116,8,40,1.6020599913279623,Cad_40ppm_30.xlsx
6.02032960604254,0.09177587354940459,22.970796231601696,-0.680128,1.2052119192450497,8,40,1.6020599913279623,Cad_40ppm_31.xlsx
6.133709811093045,0.2668851695856811,23.0633051850649,-0.680128,1.260180966281116,8,40,1.6020599913279623,Cad_40ppm_32.xlsx
7.351447440047767,0.4933893655786041,23.918242243506455,-0.690136,1.401822792890853,8,40,1.6020599913279623,Cad_40ppm_33.xlsx
6.419867866053362,0.042245565136678244,23.427153843073558,-0.687634,1.2386298761701497,8,40,1.6020599913279623,Cad_40ppm_34.xlsx
6.180990587409783,0.04818780396269513,23.64212264393936,-0.688885,1.1866718554125528,8,40,1.6020599913279623,Cad_40ppm_35.xlsx
6.001638511724357,0.048424796368869566,23.67186157575754,-0.687634,1.1542483935551109,8,40,1.6020599913279623,Cad_40ppm_36.xlsx
5.941010035326448,0.023065991978029103,23.82170689826836,-0.688885,1.1494456729910754,8,40,1.6020599913279623,Cad_40ppm_37.xlsx
6.016328845192971,0.03264214409406385,24.09805922294369,-0.680128,1.169304952691268,8,40,1.6020599913279623,Cad_40ppm_38.xlsx
6.281998699603145,0.07297193273070128,24.571854623376584,-0.680128,1.229316874620301,8,40,1.6020599913279623,Cad_40ppm_39.xlsx
5.778564878363968,0.2475346969698537,21.49400114393936,-0.692638,1.1753431291530585,8,40,1.6020599913279623,Cad_40ppm_4.xlsx
6.469529327002132,0.09069912328844781,24.919782540043254,-0.680128,1.2751594641483295,8,40,1.6020599913279623,Cad_40ppm_40.xlsx
6.116789043091604,0.1567148916241067,24.4972848863636,-0.680128,1.2038039623022467,8,40,1.6020599913279623,Cad_40ppm_41.xlsx
5.887792652480128,0.08629035395283997,24.175968551948017,-0.680128,1.1636357899266572,8,40,1.6020599913279623,Cad_40ppm_42.xlsx
6.252814151839795,0.18644600477066509,24.24476723701295,-0.680128,1.2347845828864654,8,40,1.6020599913279623,Cad_40ppm_43.xlsx
6.835610493470385,0.437389582851979,24.293475110389572,-0.683881,1.3358947161024906,8,40,1.6020599913279623,Cad_40ppm_44.xlsx
6.763140094264037,0.44348584098282545,23.848067132034593,-0.685132,1.3200539636971111,8,40,1.6020599913279623,Cad_40ppm_45.xlsx
6.911318444047588,0.4762245203253171,23.8931649372294,-0.683881,1.3376293817210336,8,40,1.6020599913279623,Cad_40ppm_46.xlsx
6.911318444047588,0.4762245203253171,23.8931649372294,-0.683881,1.3376293817210336,8,40,1.6020599913279623,Cad_40ppm_47.xlsx
7.127288755799033,0.48079005532800906,23.860795341991306,-0.687634,1.3597210595713367,8,40,1.6020599913279623,Cad_40ppm_48.xlsx
6.094338125973995,0.016749346643431865,23.446436242424205,-0.688885,1.142071246654135,8,40,1.6020599913279623,Cad_40ppm_49.xlsx
6.392860343195315,0.44559248181074884,22.0505514329004,-0.690136,1.2647044937671108,8,40,1.6020599913279623,Cad_40ppm_5.xlsx
6.096220241332942,0.016862564256535616,23.716771691558407,-0.687634,1.1476186826150645,8,40,1.6020599913279623,Cad_40ppm_50.xlsx
5.522590685195679,0.049707255102120235,22.019876159090877,-0.690136,1.1161522358457787,8,40,1.6020599913279623,Cad_40ppm_6.xlsx
5.522590685195679,0.049707255102120235,22.019876159090877,-0.690136,1.1161522358457787,8,40,1.6020599913279623,Cad_40ppm_7.xlsx
6.3138404142856865,0.2264964267350161,22.475708969696935,-0.690136,1.279040847646302,8,40,1.6020599913279623,Cad_40ppm_8.xlsx
10.76545230531653,6.7934085775223005,22.8741052359307,-0.667618375,2.0677839645887275,8,40,1.6020599913279623,Cad_40ppm_9.xlsx
19.892930580541986,0.3214950050971994,26.785951361471824,-0.680128,3.968726317497766,8,60,1.7781512503836436,Cad_60ppm_1.xlsx
20.09922535960944,0.5003811496477751,28.656504693181773,-0.680128,4.087513226707232,8,60,1.7781512503836436,Cad_60ppm_10.xlsx
18.879602778129467,0.19956921759360485,28.794100315476143,-0.681379,3.8439583466206533,8,60,1.7781512503836436,Cad_60ppm_11.xlsx
19.6119565445887,0.5191374793708685,29.297321278138483,-0.681379,3.9726879787942444,8,60,1.7781512503836436,Cad_60ppm_12.xlsx
18.958811707810202,0.14105741513539868,28.85116945779216,-0.681379,3.88263212189996,8,60,1.7781512503836436,Cad_60ppm_13.xlsx
19.327350579581484,0.2865827565732464,29.16127772781381,-0.681379,3.965009440351846,8,60,1.7781512503836436,Cad_60ppm_14.xlsx
19.327350579581484,0.2865827565732464,29.16127772781381,-0.681379,3.965009440351846,8,60,1.7781512503836436,Cad_60ppm_16.xlsx
19.12479843185421,0.7079019970665736,29.03574092803026,-0.68263,3.9098806410067004,8,60,1.7781512503836436,Cad_60ppm_17.xlsx
19.4158120332431,1.0826995261680645,27.85356201406922,-0.680128,4.012522079248164,8,60,1.7781512503836436,Cad_60ppm_18.xlsx
19.64029930703459,1.1488798101798128,28.54564010497831,-0.681379,4.036399522953767,8,60,1.7781512503836436,Cad_60ppm_19.xlsx
19.321574716472718,0.4580635793209924,27.72211602380948,-0.686383,3.835881777736537,8,60,1.7781512503836436,Cad_60ppm_2.xlsx
17.045990989569766,0.3534916840914784,27.27986749134195,-0.687634,3.5717762084831683,8,60,1.7781512503836436,Cad_60ppm_20.xlsx
17.21087212892312,0.2518961572866269,27.214254626623337,-0.690136,3.566493553670549,8,60,1.7781512503836436,Cad_60ppm_21.xlsx
17.271337488171856,0.2625631810834052,27.629119304112514,-0.685132,3.627755267135317,8,60,1.7781512503836436,Cad_60ppm_22.xlsx
19.21027765283185,1.5002667256327662,28.792128132575716,-0.685132,3.955885352664024,8,60,1.7781512503836436,Cad_60ppm_23.xlsx
16.447504744376765,0.1755744881437926,26.919434495670956,-0.690136,3.4293751295100368,8,60,1.7781512503836436,Cad_60ppm_24.xlsx
17.397200379189172,0.6551780949002406,27.28521391341987,-0.683881,3.651855140384776,8,60,1.7781512503836436,Cad_60ppm_25.xlsx
18.551945120017095,1.0939062737847205,28.325668092532425,-0.687634,3.8314294284738333,8,60,1.7781512503836436,Cad_60ppm_26.xlsx
18.391140124999957,0.847272939252286,28.12900048917745,-0.688885,3.7899817883673377,8,60,1.7781512503836436,Cad_60ppm_27.xlsx
19.695783546829862,1.4172231772130754,28.722317247835456,-0.687634,4.076003620991685,8,60,1.7781512503836436,Cad_60ppm_28.xlsx
16.690511374896246,0.44661570539392437,26.913128178030263,-0.690136,3.4824971771549107,8,60,1.7781512503836436,Cad_60ppm_29.xlsx
18.1117000686733,0.0851107372576965,27.566127566017276,-0.688885,3.547388926764815,8,60,1.7781512503836436,Cad_60ppm_3.xlsx
15.677326482165364,0.23818225048896324,26.27324350865797,-0.690136,3.309223290236822,8,60,1.7781512503836436,Cad_60ppm_30.xlsx
24.013431772515293,10.22159793784398,31.74244862012983,-0.6425989999999999,4.9517259248042915,8,60,1.7781512503836436,Cad_60ppm_31.xlsx
19.221489346460096,1.2376271663328662,28.771341136363596,-0.688885,3.9296278521407513,8,60,1.7781512503836436,Cad_60ppm_32.xlsx
16.25451745495126,0.18691564538615316,26.71726429870126,-0.690136,3.374558542012637,8,60,1.7781512503836436,Cad_60ppm_33.xlsx
16.817027616044328,0.7850969820920158,27.079737616883072,-0.690136,3.498716893364558,8,60,1.7781512503836436,Cad_60ppm_34.xlsx
15.541592543235893,0.08093187614312178,26.227913260822472,-0.690136,3.2671029062349217,8,60,1.7781512503836436,Cad_60ppm_35.xlsx
19.244158037829145,1.072959108022681,28.7820144786255,-0.687634,3.9360981622822737,8,60,1.7781512503836436,Cad_60ppm_36.xlsx
16.729472421505186,0.420848841670937,27.171854268398224,-0.693889,3.480544896714177,8,60,1.7781512503836436,Cad_60ppm_37.xlsx
16.024537117834555,0.36921183217437875,26.620416149350607,-0.692638,3.3415613818184857,8,60,1.7781512503836436,Cad_60ppm_38.xlsx
18.654140398570483,1.2042573556399605,28.35582417911251,-0.688885,3.8192424442477138,8,60,1.7781512503836436,Cad_60ppm_39.xlsx
21.226932860732276,0.5421165447441864,29.87704375432896,-0.686383,4.181858270166788,8,60,1.7781512503836436,Cad_60ppm_4.xlsx
15.987409092401654,0.3490417586435551,26.508686751082212,-0.691387,3.3194405798388997,8,60,1.7781512503836436,Cad_60ppm_40.xlsx
15.962073451118286,0.26508477451981444,26.458481143939352,-0.69514,3.331753188455732,8,60,1.7781512503836436,Cad_60ppm_41.xlsx
16.776062488338702,0.5933786078808941,27.055692574675284,-0.690136,3.472722943975864,8,60,1.7781512503836436,Cad_60ppm_42.xlsx
19.087524122325892,1.2249759724133658,28.537957148268355,-0.688885,3.8704093193061397,8,60,1.7781512503836436,Cad_60ppm_43.xlsx
16.481959299724892,0.5533343431247852,26.68401181926403,-0.696391,3.365005973113682,8,60,1.7781512503836436,Cad_60ppm_44.xlsx
16.019171146929075,0.4850178915553866,26.251360902597362,-0.698893,3.298500918615544,8,60,1.7781512503836436,Cad_60ppm_45.xlsx
7.370784736652203,0.5584213206343357,24.641160023809487,-0.68263,1.2181228339262176,8,60,1.7781512503836436,Cad_60ppm_46.xlsx
7.097018252967148,0.12443682982082395,26.388415801948014,-0.690136,1.0552272701924732,8,60,1.7781512503836436,Cad_60ppm_47.xlsx
7.561070776064187,0.2674072643447694,27.518688326839786,-0.686383,1.1833183630854371,8,60,1.7781512503836436,Cad_60ppm_48.xlsx
7.174247581971478,0.08238393665738576,27.271048121212083,-0.690136,1.0973296707822533,8,60,1.7781512503836436,Cad_60ppm_49.xlsx
19.872763134027736,0.2838303883597528,29.105289426406884,-0.685132,3.891785824042432,8,60,1.7781512503836436,Cad_60ppm_5.xlsx
7.963525166603507,0.43171575261427825,28.227239011904718,-0.688885,1.2051816577979109,8,60,1.7781512503836436,Cad_60ppm_50.xlsx
19.044961726231016,0.11202312396532603,28.57604145238091,-0.681379,3.7358418347569744,8,60,1.7781512503836436,Cad_60ppm_6.xlsx
20.223343032598258,0.6836063503822413,29.616625882034587,-0.683881,4.011750300349236,8,60,1.7781512503836436,Cad_60ppm_7.xlsx
19.44120276740616,0.44256526293871806,27.197935717532424,-0.677626,3.97060230205833,8,60,1.7781512503836436,Cad_60ppm_8.xlsx
20.587135794426366,0.8252824472630523,27.64007780478892,-0.678877,4.253698006110364,8,60,1.7781512503836436,Cad_60ppm_9.xlsx
24.220225191720765,0.8762612065897512,38.23225404040403,-0.508745,3.8772505505705332,8,80,1.9030899869919435,Cad_EM_80ppm_01.xlsx
25.345208769408362,5.745004173836118,39.12751111868686,-0.508745,4.570649489514677,8,80,1.9030899869919435,Cad_EM_80ppm_02.xlsx
20.857101486566552,0.4305539509650826,34.54533958585858,-0.508745,3.568885096995815,8,80,1.9030899869919435,Cad_EM_80ppm_03.xlsx
20.75334396561598,0.3465055340845825,34.046000643939394,-0.508745,3.595373402193288,8,80,1.9030899869919435,Cad_EM_80ppm_04.xlsx
20.638581425257026,0.2657209593944313,33.82011978787878,-0.508745,3.603963154710846,8,80,1.9030899869919435,Cad_EM_80ppm_05.xlsx
20.42789729876443,0.27178046029485314,33.75326788636363,-0.508745,3.516551361593166,8,80,1.9030899869919435,Cad_EM_80ppm_06.xlsx
20.08152835175414,0.2892691167458445,33.50586982828282,-0.508745,3.3709450787493607,8,80,1.9030899869919435,Cad_EM_80ppm_07.xlsx
19.960808630781017,0.31425318471156344,33.46677383080807,-0.508745,3.29428237731779,8,80,1.9030899869919435,Cad_EM_80ppm_08.xlsx
19.939834939538237,0.2089223612178115,33.3895666060606,-0.508745,3.2701678919337236,8,80,1.9030899869919435,Cad_EM_80ppm_09.xlsx
19.870252009095417,0.3260746676350568,33.37310248737373,-0.508745,3.264932501244781,8,80,1.9030899869919435,Cad_EM_80ppm_10.xlsx
19.744957443357684,0.39284024127463246,33.21753741666666,-0.508745,3.2078044492258972,8,80,1.9030899869919435,Cad_EM_80ppm_11.xlsx
19.703568664655478,0.3591011992856451,33.125146497474745,-0.508745,3.2201855166171,8,80,1.9030899869919435,Cad_EM_80ppm_12.xlsx
19.982286076524176,0.19187392773164574,33.311932580808076,-0.508745,3.263624719398708,8,80,1.9030899869919435,Cad_EM_80ppm_13.xlsx
19.81900204676226,0.2874828603416896,33.23060831818181,-0.508745,3.2258607108332376,8,80,1.9030899869919435,Cad_EM_80ppm_14.xlsx
19.79660362719156,0.29912687820888234,33.280356035353535,-0.508745,3.2126657589897523,8,80,1.9030899869919435,Cad_EM_80ppm_15.xlsx
19.865300711422258,0.2798596799127028,33.26392879040404,-0.508745,3.2736443501966983,8,80,1.9030899869919435,Cad_EM_80ppm_16.xlsx
19.857920882589276,0.3014689547361506,33.26112917424241,-0.508745,3.28678348322547,8,80,1.9030899869919435,Cad_EM_80ppm_17.xlsx
18.496997065449108,2.3640408835300226,31.864809999549035,-0.58505425,3.965909802911908,8,80,1.9030899869919435,Cad_EM_80ppm_18.xlsx
16.29985488398269,0.16178431083189254,29.908938583333338,-0.508745,3.1548781467891596,8,80,1.9030899869919435,Cad_EM_80ppm_19.xlsx
16.369778311976916,0.28010851970146966,29.975138257575757,-0.508745,2.9746802020332894,8,80,1.9030899869919435,Cad_EM_80ppm_20.xlsx
16.683714979707787,0.30457654037161097,30.180059643939384,-0.508745,2.9482199824983564,8,80,1.9030899869919435,Cad_EM_80ppm_21.xlsx
17.007268025491513,0.20570268879544662,30.350321356060597,-0.508745,2.984411674310973,8,80,1.9030899869919435,Cad_EM_80ppm_22.xlsx
16.923059123615623,0.2990286723018335,30.40672312121212,-0.508745,2.912686816183297,8,80,1.9030899869919435,Cad_EM_80ppm_25.xlsx
17.199861449972943,0.25443352779644396,30.542693068181812,-0.508745,3.0080823552685736,8,80,1.9030899869919435,Cad_EM_80ppm_26.xlsx
17.277434495774706,0.2857155682384267,30.71429500757575,-0.508745,2.9659207216402685,8,80,1.9030899869919435,Cad_EM_80ppm_27.xlsx
17.302893181615254,0.284463129788103,30.78271357575757,-0.508745,2.9628770942161067,8,80,1.9030899869919435,Cad_EM_80ppm_28.xlsx
17.625876266143578,0.24332409025469065,30.96317597474747,-0.508745,3.0199452913730873,8,80,1.9030899869919435,Cad_EM_80ppm_29.xlsx
17.687527277854432,0.27299791434762977,31.08488819444444,-0.508745,3.022185892795549,8,80,1.9030899869919435,Cad_EM_80ppm_30.xlsx
16.75244019841721,0.2502082168247207,30.444764085858587,-0.508745,3.1900746069297545,8,80,1.9030899869919435,Cad_EM_80ppm_31.xlsx
16.486987091779397,0.17111910749470494,30.187128712121204,-0.508745,3.0115299802481363,8,80,1.9030899869919435,Cad_EM_80ppm_32.xlsx
16.43099135234938,0.19979880591398586,30.26068258838383,-0.508745,2.900752523881884,8,80,1.9030899869919435,Cad_EM_80ppm_33.xlsx
16.537414831764067,0.28523288626568377,30.40479016414141,-0.508745,2.886134221570937,8,80,1.9030899869919435,Cad_EM_80ppm_34.xlsx
16.527760540016224,0.22750299041412264,30.36521873232322,-0.508745,2.8413913848576895,8,80,1.9030899869919435,Cad_EM_80ppm_35.xlsx
16.52689903243145,0.23653092169393755,30.478984613636356,-0.508745,2.783932344479918,8,80,1.9030899869919435,Cad_EM_80ppm_36.xlsx
16.440772686927303,0.29411509739582054,30.24879779797979,-0.508745,2.991137295147757,8,80,1.9030899869919435,Cad_EM_80ppm_37.xlsx
16.367668487049063,0.24939358287669272,30.262581409090906,-0.508745,2.8730645968853445,8,80,1.9030899869919435,Cad_EM_80ppm_38.xlsx
16.400963667974384,0.3045868373200998,30.263173934343435,-0.508745,2.9468257159688855,8,80,1.9030899869919435,Cad_EM_80ppm_39.xlsx
16.443575102056272,0.2766596247646034,30.328199464646453,-0.508745,2.9000249246921417,8,80,1.9030899869919435,Cad_EM_80ppm_40.xlsx
16.483734828954724,0.2906729915020097,30.342623012626255,-0.508745,2.93235281934839,8,80,1.9030899869919435,Cad_EM_80ppm_41.xlsx
16.771866487648815,0.2406325990901543,30.539917479797978,-0.508745,3.0334018615262597,8,80,1.9030899869919435,Cad_EM_80ppm_42.xlsx
16.900650339430012,0.28299726598505426,30.75712738383838,-0.508745,3.1837358300853307,8,80,1.9030899869919435,Cad_EM_80ppm_43.xlsx
16.541674947113982,0.23385834801998825,30.485697883838373,-0.508745,2.9636968653974716,8,80,1.9030899869919435,Cad_EM_80ppm_44.xlsx
16.42209039085047,0.263456776529801,30.39310966666666,-0.508745,3.043786489343103,8,80,1.9030899869919435,Cad_EM_80ppm_45.xlsx
16.33492333334235,0.2370170987166867,30.265676393939387,-0.508745,2.943908779756039,8,80,1.9030899869919435,Cad_EM_80ppm_46.xlsx
16.394523402164495,0.23699362011438554,30.308806012626253,-0.508745,2.8843870499293907,8,80,1.9030899869919435,Cad_EM_80ppm_47.xlsx
16.394523402164495,0.23699362011438554,30.308806012626253,-0.508745,2.8843870499293907,8,80,1.9030899869919435,Cad_EM_80ppm_48.xlsx
16.220704330127163,0.2246203515568231,30.055334724747468,-0.508745,3.207275300696507,8,80,1.9030899869919435,Cad_EM_80ppm_49.xlsx
16.027664229653677,0.24884032364015618,29.849642189393933,-0.508745,2.9804811511691724,8,80,1.9030899869919435,Cad_EM_80ppm_50.xlsx
11.673546529338013,0.30987921246528227,30.559603446969682,-0.508745,1.2809288277456228,8,100,2.0,Cad_EM_100ppm_01.xlsx
12.116996421455639,0.5099893791530414,32.175149363636365,-0.508745,1.847458487153746,8,100,2.0,Cad_EM_100ppm_02.xlsx
12.541972946545817,0.4333351717792539,34.31140570959595,-0.508745,1.9175083588475448,8,100,2.0,Cad_EM_100ppm_03.xlsx
12.228837424882762,0.35010951011542557,34.52447538636363,-0.508745,1.754412942208066,8,100,2.0,Cad_EM_100ppm_04.xlsx
13.728176761417753,0.431258056951932,35.586470212121206,-0.508745,2.0438639798617753,8,100,2.0,Cad_EM_100ppm_05.xlsx
14.414811804193722,0.5675487813401469,36.36661079797979,-0.508745,2.1411726349346107,8,100,2.0,Cad_EM_100ppm_06.xlsx
15.272627825216455,0.6308605760589623,37.255387171717175,-0.508745,2.299572575286015,8,100,2.0,Cad_EM_100ppm_07.xlsx
15.735960580194812,0.7235907265079997,38.17104781313131,-0.508745,2.2605870614669428,8,100,2.0,Cad_EM_100ppm_08.xlsx
14.787459484325398,0.3780577487599682,39.65972953787878,-0.508745,1.8762330667037848,8,100,2.0,Cad_EM_100ppm_09.xlsx
14.536859943380225,0.3685123601844134,39.13164967424241,-0.508745,1.8309443958484355,8,100,2.0,Cad_EM_100ppm_10.xlsx
15.882256270707076,1.4204416441307515,36.401690934343435,-0.509996,2.4337442167077876,8,100,2.0,Cad_EM_100ppm_11.xlsx
13.387144073611118,0.3137288041382246,36.86335033838383,-0.508745,1.7401124472614018,8,100,2.0,Cad_EM_100ppm_12.xlsx
15.735407812581183,2.26465048578741,36.05354588636364,-0.508745,2.44253104536865,8,100,2.0,Cad_EM_100ppm_13.xlsx
14.034316153129513,0.33984402096825495,37.81178285101009,-0.508745,1.8673488757955137,8,100,2.0,Cad_EM_100ppm_14.xlsx
16.931389789159446,11.056905821441259,38.22648415331889,-0.5312625,2.4528965583886237,8,100,2.0,Cad_EM_100ppm_15.xlsx
13.916552659077368,5.550977773469026,34.653639261183244,-0.537517375,2.0917736063490526,8,100,2.0,Cad_EM_100ppm_16.xlsx
15.560885875189385,7.136026544665984,33.84613092784991,-0.525007625,2.3518625985047286,8,100,2.0,Cad_EM_100ppm_17.xlsx
13.916552659077368,5.550977773469026,34.653639261183244,-0.537517375,2.0917736063490526,8,100,2.0,Cad_EM_100ppm_18.xlsx
12.503492371167031,0.46099662127968055,35.348928482323224,-0.508745,1.6329742665705433,8,100,2.0,Cad_EM_100ppm_19.xlsx
12.847708524558087,0.48646107571732483,35.81723797474747,-0.508745,1.7294029445808188,8,100,2.0,Cad_EM_100ppm_20.xlsx
8.22125689804744,1.524511883029891,29.957985654040396,-0.508745,1.1225039522477789,8,100,2.0,Cad_EM_100ppm_21.xlsx
7.64624628257576,0.4423244754788255,29.755211469696963,-0.508745,0.8614628238677071,8,100,2.0,Cad_EM_100ppm_22.xlsx
8.403143792757945,0.45703534265018364,30.197732934343435,-0.508745,0.9192629920114923,8,100,2.0,Cad_EM_100ppm_23.xlsx
11.915486885281382,0.41870014589793814,30.596379166666658,-0.508745,1.897618383625391,8,100,2.0,Cad_EM_100ppm_24.xlsx
10.622372723187226,0.8603875416029466,32.07556856439393,-0.508745,1.4422232711548943,8,100,2.0,Cad_EM_100ppm_25.xlsx
9.334566682999643,0.41426146708148426,31.453950179292928,-0.508745,1.179483712795569,8,100,2.0,Cad_EM_100ppm_26.xlsx
13.446201612139248,0.6618271895717338,25.352106868686864,-0.508745,1.7025722326404962,8,100,2.0,Cad_EM_100ppm_27.xlsx
12.150067675207435,0.20360588047300215,28.106383901515144,-0.508745,1.5339817229460948,8,100,2.0,Cad_EM_100ppm_28.xlsx
11.298018969742069,0.1346386689861219,29.304824340909086,-0.508745,1.4244822187491257,8,100,2.0,Cad_EM_100ppm_29.xlsx
10.870694539971142,0.21660891492754053,30.083885606060598,-0.508745,1.3963056317154434,8,100,2.0,Cad_EM_100ppm_30.xlsx
11.028383994065653,0.34566320353270685,30.83778599747474,-0.508745,1.494320098155925,8,100,2.0,Cad_EM_100ppm_31.xlsx
11.499063100369773,0.295261217956686,31.70510901262626,-0.508745,1.6537021027094467,8,100,2.0,Cad_EM_100ppm_32.xlsx
11.90336832178932,0.30332438896476266,32.1169808560606,-0.508745,1.750178180842928,8,100,2.0,Cad_EM_100ppm_33.xlsx
12.642437195048704,0.44502350780461547,33.02826205050505,-0.508745,1.984811958545758,8,100,2.0,Cad_EM_100ppm_34.xlsx
13.584362023331531,0.33061605550586937,34.39277593434343,-0.508745,2.3059280150876473,8,100,2.0,Cad_EM_100ppm_35.xlsx
14.562289295670993,0.3818189874043849,35.80217389898989,-0.508745,2.589723113085285,8,100,2.0,Cad_EM_100ppm_36.xlsx
15.454384073097033,0.2539956105508034,36.869756025252514,-0.508745,2.790706190391858,8,100,2.0,Cad_EM_100ppm_37.xlsx
16.38281686133658,0.33585952643771566,37.83660937878787,-0.508745,2.9622303124697096,8,100,2.0,Cad_EM_100ppm_38.xlsx
17.122353601920988,0.27623268696632086,38.716896888888876,-0.508745,3.115891079480387,8,100,2.0,Cad_EM_100ppm_39.xlsx
17.178414641089454,0.3529827996225809,38.81579864646463,-0.508745,3.0920628515428663,8,100,2.0,Cad_EM_100ppm_40.xlsx
17.166829287509014,0.3939402860575991,38.539494055555544,-0.508745,3.0094750016488967,8,100,2.0,Cad_EM_100ppm_41.xlsx
17.18620227157287,0.2240280339913793,38.31486998989898,-0.508745,2.9635687535286594,8,100,2.0,Cad_EM_100ppm_42.xlsx
17.298232041594513,0.33287597860890716,38.21437812121211,-0.508745,2.922984300393181,8,100,2.0,Cad_EM_100ppm_43.xlsx
17.179391162058074,0.34743802721934247,38.07597689646464,-0.508745,2.887275943926305,8,100,2.0,Cad_EM_100ppm_44.xlsx
17.151607689475114,0.2708849966664603,37.87302378030303,-0.508745,2.9306625914211,8,100,2.0,Cad_EM_100ppm_45.xlsx
17.252732452398995,0.39625784245568957,38.04990472979798,-0.508745,2.85887199204369,8,100,2.0,Cad_EM_100ppm_46.xlsx
17.31789261210318,0.29245736689941804,37.964050621212124,-0.508745,2.8914339564746427,8,100,2.0,Cad_EM_100ppm_47.xlsx
16.27759414155843,0.42546070141643033,36.179931820707054,-0.508745,2.6451595680776734,8,100,2.0,Cad_EM_100ppm_48.xlsx
15.278102711580093,0.318776463683269,35.05384753535353,-0.508745,2.410263390687038,8,100,2.0,Cad_EM_100ppm_49.xlsx
15.262402309325392,0.33743090482251403,34.844466310606045,-0.508745,2.419550384191509,8,100,2.0,Cad_EM_100ppm_50.xlsx
14.892781543740977,1.4404445620438948,33.16815677020201,-0.508745,2.358952477783135,8,200,2.3010299956639813,Cad_EM_200ppm_01.xlsx
13.844686074359664,0.25244286610412364,33.299857863636355,-0.508745,2.2861612437126477,8,200,2.3010299956639813,Cad_EM_200ppm_02.xlsx
14.404710331439384,0.2169850665626328,34.453494992424226,-0.508745,2.3532848736525906,8,200,2.3010299956639813,Cad_EM_200ppm_03.xlsx
14.7607994250451,0.19842821469144586,35.98243546717171,-0.508745,2.4793379371832023,8,200,2.3010299956639813,Cad_EM_200ppm_04.xlsx
16.021610500009007,0.33552980767727336,37.3990696212121,-0.508745,2.609778111471428,8,200,2.3010299956639813,Cad_EM_200ppm_05.xlsx
17.203274553255767,0.3123406569692754,38.222325262626256,-0.508745,2.691279257628101,8,200,2.3010299956639813,Cad_EM_200ppm_06.xlsx
17.108045665674595,0.32536500172020355,37.10002629040403,-0.508745,2.621115098614038,8,200,2.3010299956639813,Cad_EM_200ppm_07.xlsx
15.387490963077191,0.5026975736932721,34.36777130808079,-0.508745,2.501769914372641,8,200,2.3010299956639813,Cad_EM_200ppm_08.xlsx
15.38832543740079,0.2725800346729477,34.187890012626255,-0.508745,2.3947833753394328,8,200,2.3010299956639813,Cad_EM_200ppm_09.xlsx
15.916560776100294,0.2097910990111047,34.77227665151515,-0.508745,2.4316211629427094,8,200,2.3010299956639813,Cad_EM_200ppm_10.xlsx
16.13242175891955,0.2841342216843854,35.060478648989886,-0.508745,2.4675414851185202,8,200,2.3010299956639813,Cad_EM_200ppm_11.xlsx
16.02990569079185,0.22588988612661817,34.85731374747475,-0.508745,2.4631480235640604,8,200,2.3010299956639813,Cad_EM_200ppm_12.xlsx
16.087060134803387,0.20168218136687638,34.86485718181817,-0.508745,2.455503083700411,8,200,2.3010299956639813,Cad_EM_200ppm_13.xlsx
15.995680535001801,0.21295211667657446,34.80127812121212,-0.508745,2.4508424940317948,8,200,2.3010299956639813,Cad_EM_200ppm_14.xlsx
15.871354229698774,0.21417505974051818,34.715067376262624,-0.508745,2.4504139185101446,8,200,2.3010299956639813,Cad_EM_200ppm_15.xlsx
13.138674743632748,0.24850231346390758,32.038371825396815,-0.5200037500000001,2.385016765369053,8,200,2.3010299956639813,Cad_EM_200ppm_16.xlsx
13.448057544020516,3.5524622684859195,33.721143133116826,-0.633842,2.6142847315348234,8,200,2.3010299956639813,Cad_EM_200ppm_17.xlsx
11.231041908703066,1.8400605202241502,30.992523492424198,-0.61007375,2.3156739391712784,8,200,2.3010299956639813,Cad_EM_200ppm_18.xlsx
13.030685468461398,0.2876233285430629,31.876047181818173,-0.508745,2.109602346153971,8,200,2.3010299956639813,Cad_EM_200ppm_19.xlsx
12.489307647348486,0.27691195770288735,31.31416132323232,-0.508745,2.1198522523749967,8,200,2.3010299956639813,Cad_EM_200ppm_20.xlsx
11.89507205875722,0.3140666740614252,30.622237916666663,-0.508745,2.0720572263824932,8,200,2.3010299956639813,Cad_EM_200ppm_21.xlsx
11.24698353749099,0.32940182556102593,29.961841570707072,-0.508745,2.0403557440785214,8,200,2.3010299956639813,Cad_EM_200ppm_22.xlsx
10.46989897201479,0.416398610212935,29.311593892496386,-0.52125475,2.0362533131595475,8,200,2.3010299956639813,Cad_EM_200ppm_23.xlsx
9.923602773484832,0.3741671320332589,29.152219255050483,-0.5687915,2.0896689396947234,8,200,2.3010299956639813,Cad_EM_200ppm_24.xlsx
11.650610336886682,2.164966533146647,31.284961832251035,-0.633842,2.3263240160606093,8,200,2.3010299956639813,Cad_EM_200ppm_25.xlsx
10.637865106502531,0.4400642253286824,29.686627563131307,-0.508745,2.0627429374291744,8,200,2.3010299956639813,Cad_EM_200ppm_26.xlsx
13.449919262968976,0.24724886541573202,32.451264606060604,-0.508745,2.1599399474485526,8,200,2.3010299956639813,Cad_EM_200ppm_27.xlsx
10.042894055753933,0.5305104329403936,29.759929141774847,-0.6188303749999999,2.1007390382845132,8,200,2.3010299956639813,Cad_EM_200ppm_28.xlsx
13.568361502894977,3.256047227024266,33.96770581385276,-0.6438499999999999,2.4745344629424952,8,200,2.3010299956639813,Cad_EM_200ppm_29.xlsx
11.626724339375897,0.3198697705853419,30.581291196969687,-0.508745,2.0474131589774247,8,200,2.3010299956639813,Cad_EM_200ppm_30.xlsx
11.003189166405123,0.3562794177986855,30.11799940656565,-0.508745,2.051502574344709,8,200,2.3010299956639813,Cad_EM_200ppm_31.xlsx
10.423337680970413,0.3837848966293667,29.809080573232315,-0.5225057500000001,2.072452216901306,8,200,2.3010299956639813,Cad_EM_200ppm_32.xlsx
10.137608448286404,0.44929161797433564,29.93411866666663,-0.60131675,2.1507368671856657,8,200,2.3010299956639813,Cad_EM_200ppm_33.xlsx
13.819113449540001,3.415706885919007,34.323834376623324,-0.6400969999999999,2.574892601462336,8,200,2.3010299956639813,Cad_EM_200ppm_34.xlsx
10.012348938816732,0.3302145975117294,29.244178674603162,-0.5225057500000001,2.0415121826692557,8,200,2.3010299956639813,Cad_EM_200ppm_35.xlsx
10.431027154482287,1.259582244599437,30.138557633116843,-0.6125754999999999,2.135303627938532,8,200,2.3010299956639813,Cad_EM_200ppm_36.xlsx
10.163362049305562,0.35181716967968796,29.271423686958876,-0.52125475,2.0395850148222614,8,200,2.3010299956639813,Cad_EM_200ppm_37.xlsx
10.020874090449105,0.6751566135920072,29.385360873376587,-0.5913095,2.0999640418540526,8,200,2.3010299956639813,Cad_EM_200ppm_38.xlsx
10.571420786066021,0.3788668765366332,29.62438976010101,-0.508745,2.043891737984884,8,200,2.3010299956639813,Cad_EM_200ppm_39.xlsx
9.713812560750348,0.3375628220414421,28.876251927128408,-0.5362665,2.0015331777281946,8,200,2.3010299956639813,Cad_EM_200ppm_40.xlsx
10.897349227507224,0.30825897187418044,29.840140760101015,-0.508745,2.0492811987778956,8,200,2.3010299956639813,Cad_EM_200ppm_41.xlsx
11.416038036787526,0.2929175793105891,30.354840575757578,-0.508745,2.0508756366356886,8,200,2.3010299956639813,Cad_EM_200ppm_42.xlsx
14.386645364799733,3.3301167345597995,34.7827112002164,-0.6476029999999999,2.551851048942102,8,200,2.3010299956639813,Cad_EM_200ppm_43.xlsx
10.493048608657977,0.958145378963267,30.165176782467494,-0.6200813749999999,2.1373307565220885,8,200,2.3010299956639813,Cad_EM_200ppm_44.xlsx
11.117529797249237,1.457958024352969,30.93604184307355,-0.6363439999999999,2.186231940736973,8,200,2.3010299956639813,Cad_EM_200ppm_45.xlsx
9.650721404870104,0.6253195593236951,29.049326195526664,-0.595062125,2.0249657514005124,8,200,2.3010299956639813,Cad_EM_200ppm_46.xlsx
9.695268289799767,0.3112620893100753,28.90356015187588,-0.54627425,2.0127346720243855,8,200,2.3010299956639813,Cad_EM_200ppm_47.xlsx
10.216815973800468,0.972500583793084,29.94175447835493,-0.6400969999999999,2.065815777092619,8,200,2.3010299956639813,Cad_EM_200ppm_48.xlsx
9.37319745492422,0.2819559234368924,28.883851047979775,-0.5700425,1.9591133104694793,8,200,2.3010299956639813,Cad_EM_200ppm_49.xlsx
10.049835145580806,0.3623771694988536,29.398378618686863,-0.508745,1.9385183875256378,8,200,2.3010299956639813,Cad_EM_200ppm_50.xlsx
10.858109170075718,1.7572014147753443,32.336993189393894,-0.6501049999999999,1.8018708242452595,8,400,2.6020599913279625,Cad_EM_400ppm_01.xlsx
8.099626453400036,0.8538616743108544,28.96250421536792,-0.6400969999999999,1.5608703694881356,8,400,2.6020599913279625,Cad_EM_400ppm_02.xlsx
7.104129245048666,0.4010052045775592,27.695896077922036,-0.630089,1.4682295630448072,8,400,2.6020599913279625,Cad_EM_400ppm_03.xlsx
12.847578844074633,3.6875981809976826,34.48287296428566,-0.6463519999999999,2.1102909387046678,8,400,2.6020599913279625,Cad_EM_400ppm_04.xlsx
8.409198108116843,1.018748243565035,29.4947574415584,-0.6363439999999999,1.6124633902923202,8,400,2.6020599913279625,Cad_EM_400ppm_05.xlsx
7.151720755411223,0.3971553280310806,27.88589860930732,-0.626336375,1.482560039970466,8,400,2.6020599913279625,Cad_EM_400ppm_06.xlsx
8.088498356664829,0.20248054011609948,28.811263334415543,-0.6375949999999999,1.551229123264838,8,400,2.6020599913279625,Cad_EM_400ppm_07.xlsx
8.088498356664829,0.20248054011609948,28.811263334415543,-0.6375949999999999,1.551229123264838,8,400,2.6020599913279625,Cad_EM_400ppm_08.xlsx
9.458246275486974,1.652749765115045,30.62982898376619,-0.6413479999999999,1.7035061844384103,8,400,2.6020599913279625,Cad_EM_400ppm_09.xlsx
8.090476134235175,0.8707166980566993,29.076075846320304,-0.6388459999999999,1.5506614655986433,8,400,2.6020599913279625,Cad_EM_400ppm_10.xlsx
8.002078542532429,0.8179108076305279,28.823565497835457,-0.6400969999999999,1.5280968487020283,8,400,2.6020599913279625,Cad_EM_400ppm_11.xlsx
8.527744879392095,0.8462449916613457,29.293235120129825,-0.6400969999999999,1.5853779193751776,8,400,2.6020599913279625,Cad_EM_400ppm_12.xlsx
14.119295751839777,4.416674528665453,35.911514534631976,-0.6413479999999999,2.3325726015546056,8,400,2.6020599913279625,Cad_EM_400ppm_13.xlsx
14.231878663915897,4.735066788627748,35.59130115584411,-0.6375949999999999,2.450901772138455,8,400,2.6020599913279625,Cad_EM_400ppm_14.xlsx
12.220911625036027,3.0836607565997993,33.373539746753195,-0.6388459999999999,2.1743030036934767,8,400,2.6020599913279625,Cad_EM_400ppm_15.xlsx
10.419424375649307,1.8866548061827393,31.562681514069215,-0.6388459999999999,1.9551288793682597,8,400,2.6020599913279625,Cad_EM_400ppm_16.xlsx
8.282950473412662,0.4649732159027521,28.94798055411251,-0.630089,1.685523018124036,8,400,2.6020599913279625,Cad_EM_400ppm_17.xlsx
7.721098438113236,0.2814144085794161,28.20669655519476,-0.630089,1.6333063277393083,8,400,2.6020599913279625,Cad_EM_400ppm_18.xlsx
7.933310451866845,0.045255154406889896,28.36634040259736,-0.630089,1.655538249810752,8,400,2.6020599913279625,Cad_EM_400ppm_19.xlsx
8.248101017135605,0.18526138927252986,28.78951602380948,-0.630089,1.6703455471274382,8,400,2.6020599913279625,Cad_EM_400ppm_20.xlsx
9.440829393380191,1.1162856979784377,30.315105816017272,-0.6388459999999999,1.7687880171729637,8,400,2.6020599913279625,Cad_EM_400ppm_21.xlsx
8.773478630312011,0.23294743587887215,29.42838665259736,-0.6400969999999999,1.6788731614770196,8,400,2.6020599913279625,Cad_EM_400ppm_22.xlsx
8.281879416810929,0.30305851534841144,28.696959869047575,-0.6400969999999999,1.6679041643350405,8,400,2.6020599913279625,Cad_EM_400ppm_23.xlsx
8.286407041206669,0.10190257328399947,28.661959296536757,-0.6400969999999999,1.6756473731109136,8,400,2.6020599913279625,Cad_EM_400ppm_24.xlsx
8.422784462887769,0.3501784037629629,28.81575199350645,-0.6400969999999999,1.6608349256677408,8,400,2.6020599913279625,Cad_EM_400ppm_25.xlsx
8.282544346924567,0.12846308112083993,28.67858765584411,-0.6375949999999999,1.6668391485896423,8,400,2.6020599913279625,Cad_EM_400ppm_26.xlsx
8.767555573926732,0.1891709743674422,29.190089853896062,-0.6463519999999999,1.6903016576876992,8,400,2.6020599913279625,Cad_EM_400ppm_27.xlsx
8.83891326071425,0.3213957538985043,29.333095377705583,-0.6400969999999999,1.7226091150474003,8,400,2.6020599913279625,Cad_EM_400ppm_28.xlsx
8.555566535894624,0.5091920243981641,28.845424720779178,-0.6476029999999999,1.6694950141387315,8,400,2.6020599913279625,Cad_EM_400ppm_29.xlsx
9.08784999762803,0.3492151212381554,29.51552915476186,-0.6400969999999999,1.7225946924400588,8,400,2.6020599913279625,Cad_EM_400ppm_30.xlsx
9.973310443362152,0.600062468871173,30.628807045454497,-0.6501049999999999,1.793984009449722,8,400,2.6020599913279625,Cad_EM_400ppm_31.xlsx
9.200239160903639,0.41887346972713696,29.791545478354934,-0.6501049999999999,1.7169210734919425,8,400,2.6020599913279625,Cad_EM_400ppm_32.xlsx
8.614228532323198,0.20375310789018194,28.978848180735888,-0.6451009999999999,1.691180977340733,8,400,2.6020599913279625,Cad_EM_400ppm_33.xlsx
14.827333261156149,4.031152495648298,36.672858224025916,-0.6400969999999999,2.498215395347173,8,400,2.6020599913279625,Cad_EM_400ppm_34.xlsx
9.290863481204866,0.5933340652046712,30.457267530302985,-0.6400969999999999,1.8407379327385236,8,400,2.6020599913279625,Cad_EM_400ppm_35.xlsx
9.291016595030626,0.7193157380444329,30.367258219696925,-0.6400969999999999,1.8344563662479367,8,400,2.6020599913279625,Cad_EM_400ppm_36.xlsx
8.94773817539679,0.48885380201469253,29.861490048701256,-0.6438499999999999,1.7810913441087401,8,400,2.6020599913279625,Cad_EM_400ppm_37.xlsx
12.951322908766185,2.5064706391029916,34.92566066017311,-0.6488539999999999,2.203730555890833,8,400,2.6020599913279625,Cad_EM_400ppm_38.xlsx
9.895349009244187,0.6399890794834905,31.366725481601684,-0.6438499999999999,1.8559096701146087,8,400,2.6020599913279625,Cad_EM_400ppm_39.xlsx
11.903528763131268,1.8751025876953011,33.544367865800815,-0.6488539999999999,2.066227264844815,8,400,2.6020599913279625,Cad_EM_400ppm_40.xlsx
11.903528763131268,1.8751025876953011,33.544367865800815,-0.6488539999999999,2.066227264844815,8,400,2.6020599913279625,Cad_EM_400ppm_41.xlsx
11.903528763131268,1.8751025876953011,33.544367865800815,-0.6488539999999999,2.066227264844815,8,400,2.6020599913279625,Cad_EM_400ppm_42.xlsx
13.984624500532055,2.7569421085418915,35.73639169588739,-0.6488539999999999,2.299925139279896,8,400,2.6020599913279625,Cad_EM_400ppm_43.xlsx
9.818621645292168,0.7656638516224299,31.145459124458828,-0.6488539999999999,1.8678520283896973,8,400,2.6020599913279625,Cad_EM_400ppm_44.xlsx
10.258384824296494,0.9010447657079043,31.351607038960992,-0.6488539999999999,1.8879022530617444,8,400,2.6020599913279625,Cad_EM_400ppm_45.xlsx
10.892735914700534,1.2330544588508519,32.05927364393934,-0.6488539999999999,1.9214828800339054,8,400,2.6020599913279625,Cad_EM_400ppm_46.xlsx
10.430948276370813,0.975905133572043,31.42830281601727,-0.6488539999999999,1.8741941396104993,8,400,2.6020599913279625,Cad_EM_400ppm_47.xlsx
9.341820963464968,0.5303342188290294,30.20755815151511,-0.6501049999999999,1.7718565799693757,8,400,2.6020599913279625,Cad_EM_400ppm_48.xlsx
9.505037435173119,0.6205179043015467,30.26832699783545,-0.6501049999999999,1.7715763937498994,8,400,2.6020599913279625,Cad_EM_400ppm_49.xlsx
9.452475898574997,0.6903888683275224,30.227633055194758,-0.6501049999999999,1.7762568093182445,8,400,2.6020599913279625,Cad_EM_400ppm_50.xlsx
9.733909247736253,4.573502115883505,30.044030374458828,-0.683881,1.8323124086215663,8,600,2.7781512503836434,Cad_600ppm_1.xlsx
5.571899007318724,0.4947025581390007,23.051185189393934,-0.508745,1.0423368005749378,8,600,2.7781512503836434,Cad_600ppm_10.xlsx
5.124210738113259,0.17813358055487682,22.447820585565452,-0.56754075,1.1242929164716167,8,600,2.7781512503836434,Cad_600ppm_11.xlsx
26.729684596681032,27.381339992987826,44.55759366991335,-0.6513557499999999,3.4836335471232567,8,600,2.7781512503836434,Cad_600ppm_12.xlsx
7.898161077295251,2.944312320379304,25.450568503607478,-0.59005825,1.5194699064166985,8,600,2.7781512503836434,Cad_600ppm_13.xlsx
6.170980353422623,0.41107188035776154,23.146839189393937,-0.508745,0.9660918696235832,8,600,2.7781512503836434,Cad_600ppm_14.xlsx
5.615167741738813,0.07536313068620772,22.10609184848484,-0.508745,0.8865100384972461,8,600,2.7781512503836434,Cad_600ppm_15.xlsx
5.6938743493867285,0.19587958099226319,22.254901868686865,-0.508745,0.9089930843494012,8,600,2.7781512503836434,Cad_600ppm_16.xlsx
8.53817017501803,1.5027382510031977,26.330106455537504,-0.550027,1.8787914970936224,8,600,2.7781512503836434,Cad_600ppm_17.xlsx
6.822682049481418,0.45055087148375117,23.99215821969696,-0.508745,1.2599278821763331,8,600,2.7781512503836434,Cad_600ppm_18.xlsx
6.586089362139248,0.37219906081956344,23.37894059595959,-0.508745,1.2941794827185,8,600,2.7781512503836434,Cad_600ppm_19.xlsx
4.545706606872277,0.4143494412602607,23.780357351731578,-0.6125756250000001,0.960168607317903,8,600,2.7781512503836434,Cad_600ppm_2.xlsx
5.859832712220398,1.218360654609921,24.880740430014406,-0.631340375,1.1461627276778452,8,600,2.7781512503836434,Cad_600ppm_20.xlsx
5.4424626551587325,0.1648443879451123,23.848721618686866,-0.508745,0.9070091362441879,8,600,2.7781512503836434,Cad_600ppm_21.xlsx
8.018757916242789,0.9641119666497661,25.98477473232323,-0.508745,1.6219073107705761,8,600,2.7781512503836434,Cad_600ppm_22.xlsx
13.230955660687187,0.27573653520445013,34.92688578138523,-0.687634,2.5312824729421717,8,600,2.7781512503836434,Cad_600ppm_23.xlsx
6.77199752915765,0.5918015466334634,24.844460166666664,-0.508745,1.1998999789835971,8,600,2.7781512503836434,Cad_600ppm_24.xlsx
8.283077999891766,0.41534019176808246,26.614984547979788,-0.508745,1.60234892045471,8,600,2.7781512503836434,Cad_600ppm_25.xlsx
9.1020705426046,0.36434409801536505,29.520336136724367,-0.5813014999999999,1.8589922451487775,8,600,2.7781512503836434,Cad_600ppm_26.xlsx
8.73456341933622,0.6788185565471965,28.46893678535353,-0.508745,1.6899764537972828,8,600,2.7781512503836434,Cad_600ppm_27.xlsx
8.170601183630959,0.13931537445449022,27.029535060606058,-0.508745,1.6059290072413348,8,600,2.7781512503836434,Cad_600ppm_28.xlsx
9.17198014752886,0.4167747698960981,26.698741598484844,-0.508745,1.5673049591378743,8,600,2.7781512503836434,Cad_600ppm_29.xlsx
4.150540090313852,0.10763557321944284,22.831842840909083,-0.508745,0.6649351118944782,8,600,2.7781512503836434,Cad_600ppm_3.xlsx
8.161458327362913,0.16014624794502977,26.535766727272723,-0.508745,1.413501516141706,8,600,2.7781512503836434,Cad_600ppm_30.xlsx
8.02135496854256,0.39693868894127377,28.53555124999999,-0.508745,1.452021287339388,8,600,2.7781512503836434,Cad_600ppm_31.xlsx
7.992183096969697,0.29379918415774103,27.63597781565656,-0.508745,1.6147857066709461,8,600,2.7781512503836434,Cad_600ppm_32.xlsx
7.986049767352101,0.19375199221437084,29.027655047979803,-0.508745,1.5806627124836037,8,600,2.7781512503836434,Cad_600ppm_33.xlsx
9.420019546653993,0.4066121255591213,33.523986677489134,-0.708901,1.8218017578627976,8,600,2.7781512503836434,Cad_600ppm_34.xlsx
12.504203119381259,0.8883708606529028,40.82105399567094,-0.693889,2.1228925737320745,8,600,2.7781512503836434,Cad_600ppm_35.xlsx
10.444127056376225,0.7385200425357247,35.764691694444394,-0.6713715,1.9842957628673645,8,600,2.7781512503836434,Cad_600ppm_36.xlsx
11.703264396554776,0.24921755693438813,42.85497920129864,-0.706399,1.7664387197513454,8,600,2.7781512503836434,Cad_600ppm_37.xlsx
12.807617743416255,0.5286780313057737,39.449876961038896,-0.692638,2.365177626144577,8,600,2.7781512503836434,Cad_600ppm_38.xlsx
11.703264396554776,0.24921755693438813,42.85497920129864,-0.706399,1.7664387197513454,8,600,2.7781512503836434,Cad_600ppm_39.xlsx
4.202943582557711,0.3721321858361501,23.12100080447329,-0.588807125,0.8852793409336162,8,600,2.7781512503836434,Cad_600ppm_4.xlsx
12.807617743416255,0.5286780313057737,39.449876961038896,-0.692638,2.365177626144577,8,600,2.7781512503836434,Cad_600ppm_40.xlsx
11.158012159929601,1.2686359774084703,35.77799022510817,-0.690136,2.250709216267639,8,600,2.7781512503836434,Cad_600ppm_41.xlsx
10.498665935488784,1.0780103465939244,34.052899252164465,-0.6125754999999999,2.2069121202216744,8,600,2.7781512503836434,Cad_600ppm_42.xlsx
17.931754012761488,2.304435904352227,41.469618932900374,-0.6613636249999999,3.3940815147061234,8,600,2.7781512503836434,Cad_600ppm_43.xlsx
13.356492732999602,1.512313563362748,36.2336203398268,-0.6225835,2.719295345986052,8,600,2.7781512503836434,Cad_600ppm_44.xlsx
17.670738833694024,1.2736642282921533,44.126177538960974,-0.683881,3.175457913387988,8,600,2.7781512503836434,Cad_600ppm_45.xlsx
12.083475342703794,0.5445524541462448,34.425244277056244,-0.5900581249999999,2.525770885094941,8,600,2.7781512503836434,Cad_600ppm_46.xlsx
12.206446381141742,1.5236454202381229,33.82567485245306,-0.606320875,2.548339759752233,8,600,2.7781512503836434,Cad_600ppm_47.xlsx
23.778177297952674,0.6159799300857162,50.89087409956702,-0.6788771249999999,4.720884181928781,8,600,2.7781512503836434,Cad_600ppm_48.xlsx
16.33606659371392,0.4493195089918573,37.87860272979797,-0.508745,3.3645522850971106,8,600,2.7781512503836434,Cad_600ppm_49.xlsx
4.639165148989896,0.5352523452589971,23.749370406565646,-0.508745,0.9673178517257062,8,600,2.7781512503836434,Cad_600ppm_5.xlsx
22.33122143221495,7.982169689979821,43.76874776839821,-0.6538578749999999,4.281087113774676,8,600,2.7781512503836434,Cad_600ppm_50.xlsx
4.152897033089831,0.15752417176967523,22.240219527777775,-0.508745,0.5989040444113194,8,600,2.7781512503836434,Cad_600ppm_6.xlsx
6.192560784036778,1.784026291279569,25.55249340656563,-0.56128575,1.3474340259412343,8,600,2.7781512503836434,Cad_600ppm_7.xlsx
5.917908097285352,1.1227252176282496,24.47935852164501,-0.516250875,1.251958510288754,8,600,2.7781512503836434,Cad_600ppm_8.xlsx
4.890004335475292,0.1083204160671439,22.29456992171717,-0.508745,0.8730304394091494,8,600,2.7781512503836434,Cad_600ppm_9.xlsx
14.359752921617925,2.5919498040929,28.601106211038918,-0.6350929999999999,2.5983652641446993,8,800,2.9030899869919438,Cad_800ppm_1.xlsx
9.04479644523807,1.223119048695896,23.659971245670967,-0.6238343749999999,1.8223622367011254,8,800,2.9030899869919438,Cad_800ppm_10.xlsx
12.694994309135968,2.848408534757563,26.61405407900429,-0.6413479999999999,2.3145432988365275,8,800,2.9030899869919438,Cad_800ppm_11.xlsx
8.047321081470933,0.4449828334291308,21.717746541125507,-0.63134,1.6378344839078651,8,800,2.9030899869919438,Cad_800ppm_12.xlsx
7.648232337139221,0.059290631094916786,21.2666987337662,-0.630089,1.568917177762351,8,800,2.9030899869919438,Cad_800ppm_13.xlsx
8.669760366558418,0.3597880393486511,22.205846223665194,-0.6213323749999999,1.7437437899097232,8,800,2.9030899869919438,Cad_800ppm_14.xlsx
8.391514526005562,0.2261736523412786,21.912582266233734,-0.6363441249999999,1.6913515519750768,8,800,2.9030899869919438,Cad_800ppm_15.xlsx
8.395902486864163,1.064944631795306,22.112592330808063,-0.5850541250000001,1.688607230807876,8,800,2.9030899869919438,Cad_800ppm_16.xlsx
7.533492326952535,0.19253297701706504,21.122824575757544,-0.630089,1.5722985944204968,8,800,2.9030899869919438,Cad_800ppm_17.xlsx
7.693512529599538,0.12451339695020676,21.229463114718584,-0.630089,1.5854962029405228,8,800,2.9030899869919438,Cad_800ppm_18.xlsx
8.060163484239695,0.3306424186859497,21.531700588383806,-0.6163283749999999,1.6589432040681826,8,800,2.9030899869919438,Cad_800ppm_19.xlsx
8.080094654450729,0.43979795813041334,22.040499478354945,-0.61758,1.6944604545391102,8,800,2.9030899869919438,Cad_800ppm_2.xlsx
7.762257917978868,0.15933096156561388,21.214554478354945,-0.630089,1.6006977264800446,8,800,2.9030899869919438,Cad_800ppm_20.xlsx
7.901613245666458,0.1502516316741319,21.365783717532434,-0.630089,1.6281409347481721,8,800,2.9030899869919438,Cad_800ppm_21.xlsx
7.740974402236625,0.17877661311674484,21.212147635281354,-0.630089,1.6016492810332952,8,800,2.9030899869919438,Cad_800ppm_22.xlsx
7.583649536900227,0.11011534231011857,21.05741623051945,-0.630089,1.573955987379076,8,800,2.9030899869919438,Cad_800ppm_23.xlsx
7.772027885917181,0.03850282835455191,21.139950464285683,-0.63134,1.5976898593139688,8,800,2.9030899869919438,Cad_800ppm_24.xlsx
9.040035835371569,0.9245915686064864,23.086420964646457,-0.508745,1.5218432152219994,8,800,2.9030899869919438,Cad_800ppm_25.xlsx
7.047345012811126,0.08618817097332723,20.66819237590185,-0.60507025,1.5056652490306321,8,800,2.9030899869919438,Cad_800ppm_26.xlsx
7.106971660759356,0.03943730325056681,20.608787139610364,-0.606321125,1.5121091188436848,8,800,2.9030899869919438,Cad_800ppm_27.xlsx
7.707821607278111,0.07897857479166172,21.055682024891745,-0.630089,1.599005794767722,8,800,2.9030899869919438,Cad_800ppm_28.xlsx
7.816395895675477,0.115066348917533,21.077373478354943,-0.630089,1.6087867937482034,8,800,2.9030899869919438,Cad_800ppm_29.xlsx
7.298461803251238,0.13213435388913003,20.989159482683952,-0.603819,1.5672849371142519,8,800,2.9030899869919438,Cad_800ppm_3.xlsx
10.728106258161947,1.6770417650488356,24.30652457792204,-0.636344,2.013900338003632,8,800,2.9030899869919438,Cad_800ppm_30.xlsx
7.981400789466068,0.24278069070015423,21.183342770923495,-0.607572,1.6581972524452984,8,800,2.9030899869919438,Cad_800ppm_31.xlsx
8.8291497333243,0.9605212723950622,22.177598325757554,-0.552529125,1.6420406171383606,8,800,2.9030899869919438,Cad_800ppm_32.xlsx
8.513427954265847,0.23096971797488147,21.646898293650764,-0.6138265,1.7215148242125864,8,800,2.9030899869919438,Cad_800ppm_33.xlsx
9.337936139254143,1.072202018499626,22.738697283189023,-0.552529125,1.6864784572921532,8,800,2.9030899869919438,Cad_800ppm_34.xlsx
9.337936139254143,1.072202018499626,22.738697283189023,-0.552529125,1.6864784572921532,8,800,2.9030899869919438,Cad_800ppm_35.xlsx
9.059155440354434,1.0120862927519514,22.466344871212115,-0.508745,1.6059851691997382,8,800,2.9030899869919438,Cad_800ppm_36.xlsx
7.450927012378224,0.09007093378988552,20.56640014610387,-0.60507025,1.57428249012104,8,800,2.9030899869919438,Cad_800ppm_37.xlsx
8.003594077471112,0.08932589410622087,20.940428357142824,-0.630089,1.6589294808311288,8,800,2.9030899869919438,Cad_800ppm_38.xlsx
8.607598736323027,0.19020044617244736,21.53330793722941,-0.6200813749999999,1.7424012387443595,8,800,2.9030899869919438,Cad_800ppm_39.xlsx
7.579330311129123,0.09956284171019417,20.973523991341963,-0.607572,1.6119668542923247,8,800,2.9030899869919438,Cad_800ppm_4.xlsx
8.194181582769632,0.1760846009833465,21.10946559199131,-0.6288381249999999,1.6883487222555893,8,800,2.9030899869919438,Cad_800ppm_40.xlsx
8.194181582769632,0.1760846009833465,21.10946559199131,-0.6288381249999999,1.6883487222555893,8,800,2.9030899869919438,Cad_800ppm_41.xlsx
8.194181582769632,0.1760846009833465,21.10946559199131,-0.6288381249999999,1.6883487222555893,8,800,2.9030899869919438,Cad_800ppm_42.xlsx
9.290568258928566,0.5346687417089933,22.758652280303025,-0.508745,1.483609608072721,8,800,2.9030899869919438,Cad_800ppm_43.xlsx
7.514814281484462,0.06844468762234665,20.52952139971137,-0.60507025,1.593690240626887,8,800,2.9030899869919438,Cad_800ppm_44.xlsx
8.224324410533882,0.15028099962860775,21.089619293290014,-0.630089,1.694356076066947,8,800,2.9030899869919438,Cad_800ppm_45.xlsx
8.612284881322122,0.029521332460045475,21.473879383116852,-0.6350929999999999,1.7407728762733774,8,800,2.9030899869919438,Cad_800ppm_46.xlsx
9.222098194985573,0.8382052665349699,23.151718179292928,-0.508745,1.5802818301599988,8,800,2.9030899869919438,Cad_800ppm_47.xlsx
7.4807197148583775,0.05492710278331001,20.736287829004297,-0.620082,1.595640062079306,8,800,2.9030899869919438,Cad_800ppm_48.xlsx
9.065009096487191,0.7964488711158777,22.662823497474747,-0.508745,1.5307381782421254,8,800,2.9030899869919438,Cad_800ppm_49.xlsx
7.778501944101704,0.18226059587838073,21.528189151515118,-0.6363441249999999,1.5609573495039382,8,800,2.9030899869919438,Cad_800ppm_5.xlsx
9.002244454743867,1.0708050304115648,22.395379388888884,-0.508745,1.676577909430081,8,800,2.9030899869919438,Cad_800ppm_50.xlsx
9.96528441718974,1.0273630329352725,23.575751429292907,-0.5813015,1.932246271216175,8,800,2.9030899869919438,Cad_800ppm_6.xlsx
11.847225591941713,1.95051341458692,24.19919004761902,-0.59381125,2.436770186048606,8,800,2.9030899869919438,Cad_800ppm_7.xlsx
8.88594587357952,1.0433910618050424,23.51979280303027,-0.6238343749999999,1.7672179403252763,8,800,2.9030899869919438,Cad_800ppm_8.xlsx
7.417117393100627,0.6907742589254242,21.427929761904736,-0.60006575,1.513911116103497,8,800,2.9030899869919438,Cad_800ppm_9.xlsx
93.66853046444788,26.99192501336258,101.38890690043274,-0.705148,10.300421766212574,8,1000,3.0,Cad_1000ppm_1.xlsx
12.199007440584378,0.36624982873465245,26.047346422077883,-0.700144,2.2153455484501317,8,1000,3.0,Cad_1000ppm_10.xlsx
11.460125697501766,0.14101808545954886,25.08693347619044,-0.708901,2.0701588556338484,8,1000,3.0,Cad_1000ppm_11.xlsx
12.201536518772514,0.35968507133603295,26.497122617965328,-0.701395,2.236662618387669,8,1000,3.0,Cad_1000ppm_12.xlsx
11.277465713086183,0.23246806294218628,25.399563783549745,-0.70765,2.041474297757355,8,1000,3.0,Cad_1000ppm_13.xlsx
12.037726379360535,0.28591430660636186,26.068330489177452,-0.703897,2.1255297490171126,8,1000,3.0,Cad_1000ppm_14.xlsx
13.321616724990943,0.5710454340447705,28.11072281277052,-0.698893,2.400691878385554,8,1000,3.0,Cad_1000ppm_15.xlsx
13.84699461982319,0.6963539002828857,28.941739323593026,-0.696391,2.6332128773094317,8,1000,3.0,Cad_1000ppm_16.xlsx
15.604212261922758,0.7553938519648821,31.726866691558392,-0.686383,3.101322747159581,8,1000,3.0,Cad_1000ppm_17.xlsx
17.421081713857276,0.9370544669332888,34.32622404761899,-0.6738731249999999,3.6240921390844822,8,1000,3.0,Cad_1000ppm_18.xlsx
18.85721404553116,1.081850849676633,36.01434482215002,-0.6451009999999999,3.975292499367872,8,1000,3.0,Cad_1000ppm_19.xlsx
27.30671988676491,8.931247006184568,39.23999338095232,-0.690136375,3.7381382787433433,8,1000,3.0,Cad_1000ppm_2.xlsx
17.565614297113992,0.7045854587362333,33.9470983611111,-0.508745,3.6083776849874436,8,1000,3.0,Cad_1000ppm_20.xlsx
18.28518318074944,0.6503758711856863,34.56461699819622,-0.56754075,3.788485501256244,8,1000,3.0,Cad_1000ppm_21.xlsx
15.682194199833155,0.8070449333986041,31.553078083333332,-0.508745,3.1830782848802217,8,1000,3.0,Cad_1000ppm_22.xlsx
14.010899842081498,0.44763883306897406,29.800084056637772,-0.64385,2.9175818435717877,8,1000,3.0,Cad_1000ppm_23.xlsx
16.91787481720774,1.357106640764512,33.84254853571423,-0.6738731249999999,3.6236619160603025,8,1000,3.0,Cad_1000ppm_24.xlsx
21.106528421978663,1.8353409194815578,38.5445365627705,-0.6488539999999999,4.339891326592305,8,1000,3.0,Cad_1000ppm_25.xlsx
28.008411119164798,2.0575532822463516,45.9817360714285,-0.6350929999999999,5.372443354939426,8,1000,3.0,Cad_1000ppm_26.xlsx
33.233633958874385,2.0116903160076576,51.54171115367958,-0.6250855,6.121715541044164,8,1000,3.0,Cad_1000ppm_27.xlsx
22.59570198669727,1.2763335346671925,40.7261894545454,-0.67387325,4.2666557085498455,8,1000,3.0,Cad_1000ppm_28.xlsx
24.624692487968915,1.6014938099964466,44.876205090909025,-0.67637525,4.795412556569319,8,1000,3.0,Cad_1000ppm_29.xlsx
27.198672571324792,3.7932578897157785,40.31758251839821,-0.702646,3.7259443414778852,8,1000,3.0,Cad_1000ppm_3.xlsx
39.4026493828823,5.862980126652529,63.62881686363627,-0.593811,7.771572118546205,8,1000,3.0,Cad_1000ppm_30.xlsx
27.497585516828934,1.5584830455152336,48.03601553679646,-0.607571625,5.660367869511434,8,1000,3.0,Cad_1000ppm_31.xlsx
25.567402386111045,1.3407619926371441,46.38883699567093,-0.597563875,5.2419465958834355,8,1000,3.0,Cad_1000ppm_32.xlsx
23.98859419926948,1.5027106233116199,44.33845412662336,-0.541270125,4.86591999235506,8,1000,3.0,Cad_1000ppm_33.xlsx
31.294627246690112,2.7962666954556368,54.44362932070706,-0.509996,5.742291568891877,8,1000,3.0,Cad_1000ppm_34.xlsx
41.673355100965,3.6469721576513567,65.15397269191918,-0.508745,7.003116379296089,8,1000,3.0,Cad_1000ppm_35.xlsx
26.65969433095236,1.145189282981496,45.01399260245307,-0.547525125,5.143570416329059,8,1000,3.0,Cad_1000ppm_36.xlsx
27.48333175364354,0.9878672147674122,46.076341516594475,-0.5687917499999999,5.166882305927238,8,1000,3.0,Cad_1000ppm_37.xlsx
30.090333151957058,1.2817879526502642,51.74630077272725,-0.508745,5.164807763997386,8,1000,3.0,Cad_1000ppm_38.xlsx
36.96669801042569,2.4995403642522245,59.987213085858585,-0.508745,6.1277482658916735,8,1000,3.0,Cad_1000ppm_39.xlsx
19.441502546672027,1.3126161309163868,32.73896024134194,-0.700144,2.997692906879501,8,1000,3.0,Cad_1000ppm_4.xlsx
47.54641094873738,3.565634720239047,70.19289800505051,-0.508745,7.529378632444004,8,1000,3.0,Cad_1000ppm_40.xlsx
59.286264189484115,3.2816389748031365,81.37523394444443,-0.508745,8.816184554789174,8,1000,3.0,Cad_1000ppm_41.xlsx
67.46080076062408,3.742828189357809,88.72970408080806,-0.508745,9.346899730965424,8,1000,3.0,Cad_1000ppm_42.xlsx
73.79333284112552,3.0840639738620683,94.1005171313131,-0.508745,9.549565383673796,8,1000,3.0,Cad_1000ppm_43.xlsx
80.04272774999096,1.9447234267255171,99.64251895959595,-0.508745,9.75270092341475,8,1000,3.0,Cad_1000ppm_44.xlsx
80.04272774999096,1.9447234267255171,99.64251895959595,-0.508745,9.75270092341475,8,1000,3.0,Cad_1000ppm_45.xlsx
81.92685520441917,1.9863461001713913,100.93482040404038,-0.508745,9.667928744371546,8,1000,3.0,Cad_1000ppm_46.xlsx
86.07374756521462,2.40076669151135,104.52208331313128,-0.508745,9.810105694485044,8,1000,3.0,Cad_1000ppm_47.xlsx
87.62236450441917,2.115148438820259,105.61859511111108,-0.508745,9.812107547135053,8,1000,3.0,Cad_1000ppm_48.xlsx
91.78081991464643,2.2226326993017484,109.3276083434343,-0.508745,9.98933140966213,8,1000,3.0,Cad_1000ppm_49.xlsx
16.678757612784047,0.8236556382241775,29.904314508657965,-0.700144,2.7601129178183053,8,1000,3.0,Cad_1000ppm_5.xlsx
94.9600374037563,2.0885490142396166,112.26831899999999,-0.508745,10.24739079321004,8,1000,3.0,Cad_1000ppm_50.xlsx
14.803954629626583,0.6388817555341907,27.97096866125537,-0.700144,2.584644170254057,8,1000,3.0,Cad_1000ppm_6.xlsx
13.273617775234449,0.18291580355884393,26.54251505952377,-0.700144,2.4307232888797032,8,1000,3.0,Cad_1000ppm_7.xlsx
12.941469558004108,0.1152466657713423,26.116264324675285,-0.700144,2.3648449546158004,8,1000,3.0,Cad_1000ppm_8.xlsx
11.59397467159989,0.19103259915429247,24.948240713203425,-0.706399,2.1187228406429313,8,1000,3.0,Cad_1000ppm_9.xlsx
