Ip_mean,Ip_std,Ip_raw_mean,Ep_mean,Area_mean,n_valid,ppm,log_ppm,filename
3.50889193777056,0.879283784111244,38.062256685606044,-0.6174999999999999,0.18333667901515013,8,0,,KCL_LECSENS_01.xlsx
3.369446454653693,0.4190363166549475,34.75701864646465,-0.51875,0.2022665856576466,8,0,,KCL_LECSENS_010.xlsx
3.5555629510822624,0.3075237363475305,34.672927588383835,-0.51875,0.21711119089556113,8,0,,KCL_LECSENS_011.xlsx
3.6646510362193463,0.466182854808673,34.72070773448773,-0.52,0.2254054478232307,8,0,,KCL_LECSENS_012.xlsx
3.56903259898991,0.4806553239317256,34.47352770580808,-0.51875,0.2340198775705253,8,0,,KCL_LECSENS_013.xlsx
3.726410985714299,0.4186341149496384,34.93011279960317,-0.51875,0.2270804855445515,8,0,,KCL_LECSENS_014.xlsx
3.5697525695526817,0.31376718370472284,34.86946625162338,-0.5162500000000001,0.21660268103156444,8,0,,KCL_LECSENS_015.xlsx
3.7249452821789446,0.4551502188714945,34.8919819549062,-0.5162500000000001,0.23022728434812273,8,0,,KCL_LECSENS_016.xlsx
3.0957881878427154,0.3110593985526834,33.613068222763346,-0.51875,0.18957962573845416,8,0,,KCL_LECSENS_017.xlsx
3.567685207323242,0.4030189525232721,34.55517557323232,-0.52,0.22808095359704023,8,0,,KCL_LECSENS_018.xlsx
3.627875249855702,0.44199235467062464,34.79054802074313,-0.52,0.22748266925486854,8,0,,KCL_LECSENS_019.xlsx
3.714450591125558,0.2673452149268999,35.322371412698416,-0.51625,0.22072997466756722,8,0,,KCL_LECSENS_02.xlsx
3.799866027056297,0.3755116822583933,34.79729010281386,-0.5175000000000001,0.22905528380807974,8,0,,KCL_LECSENS_020.xlsx
4.628611059307367,0.3050857031298807,30.29874634830447,-0.5175000000000001,0.28541493303968135,8,0,,KCL_LECSENS_021.xlsx
4.66417268964647,0.326061675720255,30.769859165764785,-0.5175000000000001,0.28353195897240135,8,0,,KCL_LECSENS_022.xlsx
4.385610103174612,0.22794181792937984,31.913473558982684,-0.5175000000000001,0.25930006440818765,8,0,,KCL_LECSENS_023.xlsx
4.546694051226558,0.32770513185184086,31.94542718957431,-0.51625,0.2833153316937216,8,0,,KCL_LECSENS_024.xlsx
4.387428300252539,0.5497910504307727,31.66560541901155,-0.5175000000000001,0.2679875032597391,8,0,,KCL_LECSENS_025.xlsx
4.269763457972595,0.4607651983195759,31.520170372655123,-0.51875,0.2673525472572137,8,0,,KCL_LECSENS_026.xlsx
4.36891743809524,0.4937124546679318,31.597757586760455,-0.5175000000000001,0.2774057296388874,8,0,,KCL_LECSENS_027.xlsx
4.3844875176767815,0.37785684508756695,31.811293504509386,-0.5175000000000001,0.27174396930357014,8,0,,KCL_LECSENS_028.xlsx
4.339042190331902,0.5618227197738114,31.736344475108226,-0.51875,0.2798325277941906,8,0,,KCL_LECSENS_029.xlsx
2.8696120863636407,0.35244093080488326,31.810389283369403,-0.5225,0.17692168601442837,8,0,,KCL_LECSENS_03.xlsx
4.561916105699872,0.45769535156400776,31.97677116901155,-0.5175000000000001,0.297536745542387,8,0,,KCL_LECSENS_030.xlsx
4.530419635966817,0.3550303663424434,31.89743441323954,-0.51875,0.2890797610490603,8,0,,KCL_LECSENS_031.xlsx
4.401430275793665,0.3546871711949777,31.732409818001443,-0.5175000000000001,0.2821109777260089,8,0,,KCL_LECSENS_032.xlsx
4.456922356890335,0.439309734779101,31.78078204238816,-0.5175000000000001,0.28663135880212676,8,0,,KCL_LECSENS_033.xlsx
4.4364091613636365,0.567046134168879,31.82207885028859,-0.515,0.2852301009370474,8,0,,KCL_LECSENS_034.xlsx
4.552374231565664,0.3448520776629711,32.11853271049783,-0.51875,0.28642664270652807,8,0,,KCL_LECSENS_035.xlsx
4.472592611544021,0.5087480058021463,32.130577475108225,-0.5175000000000001,0.2801860878547967,8,0,,KCL_LECSENS_036.xlsx
4.438650044877356,0.2788573802841994,31.829507813492064,-0.5175000000000001,0.2851606395012614,8,0,,KCL_LECSENS_037.xlsx
4.235340231746035,0.3758161169263027,31.92137989736652,-0.515,0.2727590276877689,8,0,,KCL_LECSENS_038.xlsx
4.448997051262639,0.5299465045249279,32.19251269191919,-0.5175000000000001,0.28087670607521514,8,0,,KCL_LECSENS_039.xlsx
3.1144719882395497,0.42498876417667153,32.54470110696248,-0.51875,0.1850164068457781,8,0,,KCL_LECSENS_04.xlsx
4.392573145490635,0.48314221707518495,32.11522982756133,-0.51625,0.28754315491179566,8,0,,KCL_LECSENS_040.xlsx
4.6334716049422955,0.44178489170344587,32.45576593813132,-0.51875,0.3012871542388156,8,0,,KCL_LECSENS_041.xlsx
4.35767366118327,0.346271352539466,32.40727494733044,-0.5175000000000001,0.2781925933450564,8,0,,KCL_LECSENS_042.xlsx
4.6925543490981365,0.42038014887858594,32.49647459920635,-0.5175000000000001,0.2944003986516945,8,0,,KCL_LECSENS_043.xlsx
4.486669825180382,0.38469118948046405,32.236141329725825,-0.5162500000000001,0.29168293178426974,8,0,,KCL_LECSENS_044.xlsx
4.484347885497845,0.6985093002796668,32.27861761832612,-0.5175000000000001,0.2945447388005037,8,0,,KCL_LECSENS_045.xlsx
4.547734106782116,0.3421825135853044,32.4223301156205,-0.5162500000000001,0.2853311727422425,8,0,,KCL_LECSENS_046.xlsx
4.67543999779943,0.4984814653397867,32.486402421717166,-0.5175000000000001,0.3044277299043998,8,0,,KCL_LECSENS_047.xlsx
4.3847683524891865,0.3058692061168815,32.14530864592352,-0.52,0.28645271547474593,8,0,,KCL_LECSENS_048.xlsx
4.494916105808092,0.409357482810412,32.3304517231241,-0.5175000000000001,0.28914435614790623,8,0,,KCL_LECSENS_049.xlsx
3.4701804418109736,0.4467241512036428,34.159862313672434,-0.52,0.20974738646049637,8,0,,KCL_LECSENS_05.xlsx
4.48014372846321,0.5415067267111523,32.336953737193355,-0.51875,0.2895318206329349,8,0,,KCL_LECSENS_050.xlsx
3.393511997402612,0.5716716111097101,34.205098421717175,-0.52,0.2071902933513697,8,0,,KCL_LECSENS_06.xlsx
3.5186338313131404,0.39073028266827553,34.5023097005772,-0.52,0.21263387894696803,8,0,,KCL_LECSENS_07.xlsx
3.5444465271645176,0.36348518280354297,34.882585109848485,-0.51875,0.20099822793776972,8,0,,KCL_LECSENS_08.xlsx
3.5157805726190543,0.5377688172476425,34.74259283838384,-0.52,0.2118542358057342,8,0,,KCL_LECSENS_09.xlsx
3.0138363115079394,0.302652304165296,21.588922999458873,-0.5125,0.19228934096717054,8,2,0.3010299956639812,Cad_2ppm_1.xlsx
2.7506289813852853,0.35516774173572163,25.493403221681092,-0.5125,0.15796267997636965,8,2,0.3010299956639812,Cad_2ppm_10.xlsx
2.598383252417036,0.2917166640069203,25.575971818722945,-0.5137499999999999,0.15612477784830345,8,2,0.3010299956639812,Cad_2ppm_11.xlsx
2.8008045247114057,0.4583073088741267,25.830355042388167,-0.51125,0.1664774470600638,8,2,0.3010299956639812,Cad_2ppm_12.xlsx
2.720009010101013,0.169328769021328,25.86458229130591,-0.50875,0.16001264778841884,8,2,0.3010299956639812,Cad_2ppm_13.xlsx
2.643610669155849,0.3432914388108147,25.965493464466086,-0.51,0.15463707046139857,8,2,0.3010299956639812,Cad_2ppm_14.xlsx
2.6130673739538337,0.3064777575855816,26.03136767117605,-0.51125,0.16143799606601617,8,2,0.3010299956639812,Cad_2ppm_15.xlsx
2.4529303207792226,0.21607151689689988,26.269100218614714,-0.5075,0.13172680655320948,8,2,0.3010299956639812,Cad_2ppm_16.xlsx
2.5847243051587423,0.31189210466797057,26.340315548881676,-0.51,0.14978716503192546,8,2,0.3010299956639812,Cad_2ppm_17.xlsx
2.3264359155483536,0.2993208641065385,26.41609663221501,-0.51,0.125422998465187,8,2,0.3010299956639812,Cad_2ppm_18.xlsx
2.4260607217893297,0.16359969490129608,26.618631582611833,-0.51125,0.13360899417784888,8,2,0.3010299956639812,Cad_2ppm_19.xlsx
2.7774282152958247,0.38417041571479404,23.302348463924965,-0.515,0.17621405288906827,8,2,0.3010299956639812,Cad_2ppm_2.xlsx
2.4763930014069273,0.27385550485008525,26.738623777958153,-0.5137499999999999,0.139968193975828,8,2,0.3010299956639812,Cad_2ppm_20.xlsx
2.200353213924977,0.32662285900875193,26.573677987914863,-0.50875,0.12088180979689703,8,2,0.3010299956639812,Cad_2ppm_21.xlsx
2.2480452416305954,0.25014273073087956,26.724379232323226,-0.51125,0.12058160875757463,8,2,0.3010299956639812,Cad_2ppm_22.xlsx
2.202402220490633,0.17279924125126195,26.92368456601732,-0.515,0.11305478807683886,8,2,0.3010299956639812,Cad_2ppm_23.xlsx
2.256929639177487,0.2492388161711601,26.972369798520916,-0.51125,0.11660371710046746,8,2,0.3010299956639812,Cad_2ppm_24.xlsx
2.015886285750369,0.2895614423757131,27.016530727272723,-0.51125,0.10578128411868615,8,2,0.3010299956639812,Cad_2ppm_25.xlsx
1.9496567586219502,0.2777228518828556,27.090891896645026,-0.51,0.0933966848465005,8,2,0.3010299956639812,Cad_2ppm_26.xlsx
1.943828592821065,0.3568082602375711,27.091048895202007,-0.5075000000000001,0.09827132946626854,8,2,0.3010299956639812,Cad_2ppm_27.xlsx
2.0447379075396914,0.24146735298487884,27.201074796536794,-0.50875,0.10584453174891698,8,2,0.3010299956639812,Cad_2ppm_28.xlsx
1.9717840193001543,0.21462720481652642,27.221641626262624,-0.51125,0.09863084642243797,8,2,0.3010299956639812,Cad_2ppm_29.xlsx
2.610293506313128,0.4844917159505108,23.92798897005771,-0.5137499999999999,0.15956771439862769,8,2,0.3010299956639812,Cad_2ppm_3.xlsx
2.406499870526699,0.2311521314323975,26.1038074062049,-0.5125,0.13991323865638403,8,2,0.3010299956639812,Cad_2ppm_30.xlsx
2.2862390734848606,0.29106394344145586,26.4788578255772,-0.50875,0.1265544958093428,8,2,0.3010299956639812,Cad_2ppm_31.xlsx
2.1734432888167503,0.31137552606462077,26.633744369227998,-0.51,0.11939028553932085,8,2,0.3010299956639812,Cad_2ppm_32.xlsx
2.0493953494949535,0.1723970687246152,26.83497626497114,-0.5125,0.10957751404437067,8,2,0.3010299956639812,Cad_2ppm_33.xlsx
1.7753959527417176,0.2214680733726947,26.792587966089467,-0.5125,0.08923512341450181,8,2,0.3010299956639812,Cad_2ppm_34.xlsx
1.925273156818195,0.20319811553136796,27.013016360209235,-0.5125000000000001,0.10360835608946553,8,2,0.3010299956639812,Cad_2ppm_35.xlsx
1.8397922922077976,0.20505577288463253,27.174967996572867,-0.51125,0.09096124983098763,8,2,0.3010299956639812,Cad_2ppm_36.xlsx
1.9071238642496526,0.34985819852171773,27.26007254076479,-0.51125,0.09273316570869378,8,2,0.3010299956639812,Cad_2ppm_37.xlsx
1.8519105442640829,0.21319200720937906,27.34609929816017,-0.50875,0.0814826861984123,8,2,0.3010299956639812,Cad_2ppm_38.xlsx
1.7118311577922278,0.287666268311526,27.38927146933622,-0.51,0.07730386450505083,8,2,0.3010299956639812,Cad_2ppm_39.xlsx
2.7831154414862995,0.39777540324819805,24.30317502489178,-0.51,0.16912126951749537,8,2,0.3010299956639812,Cad_2ppm_4.xlsx
1.6548652253607572,0.21105973241033,27.47501298881673,-0.5075000000000001,0.07220167862247437,8,2,0.3010299956639812,Cad_2ppm_40.xlsx
1.7101959561688505,0.31271323172741883,27.532295656926408,-0.515,0.08258768442207794,8,2,0.3010299956639812,Cad_2ppm_41.xlsx
1.561845946464663,0.3001317837239746,27.55393098611111,-0.50875,0.06912713740981259,8,2,0.3010299956639812,Cad_2ppm_42.xlsx
1.670570339357878,0.19507811700370695,27.66333580321068,-0.5375,0.07915521467243804,8,2,0.3010299956639812,Cad_2ppm_43.xlsx
1.545307016378084,0.1957502855336258,27.664140306457426,-0.50875,0.0668593668109673,8,2,0.3010299956639812,Cad_2ppm_44.xlsx
1.5504125829004511,0.2523588942397123,27.728462220779214,-0.5237499999999999,0.07326452027633534,8,2,0.3010299956639812,Cad_2ppm_45.xlsx
1.3876227161616508,0.22824108682707064,27.678282134920636,-0.5075000000000001,0.0652574657904059,8,2,0.3010299956639812,Cad_2ppm_46.xlsx
1.43277372297982,0.23167509561276564,27.823981340007208,-0.5075,0.06494158560966923,8,2,0.3010299956639812,Cad_2ppm_47.xlsx
1.4114838472583329,0.22726007167578438,27.813338472763352,-0.52375,0.06307013444516754,8,2,0.3010299956639812,Cad_2ppm_48.xlsx
1.4118266727994495,0.39113637355421693,27.788436460678206,-0.5237499999999999,0.0686186597510837,8,2,0.3010299956639812,Cad_2ppm_49.xlsx
2.7224302124098196,0.4086741598916294,24.456033547799425,-0.51125,0.1645198927323221,8,2,0.3010299956639812,Cad_2ppm_5.xlsx
1.5563780450938203,0.228496697497938,28.01075984686147,-0.5375,0.0741375729062061,8,2,0.3010299956639812,Cad_2ppm_50.xlsx
2.859578759523818,0.32086703737547767,24.730964086580087,-0.50875,0.17687661035822416,8,2,0.3010299956639812,Cad_2ppm_6.xlsx
2.6970832939394,0.2576649655912465,24.850743319805197,-0.5125,0.16449615165854858,8,2,0.3010299956639812,Cad_2ppm_7.xlsx
2.762098698557009,0.20358072280804,25.16198049819625,-0.51125,0.16351373743885195,8,2,0.3010299956639812,Cad_2ppm_8.xlsx
2.813281162157296,0.4412861895584852,25.344644969696972,-0.5125000000000001,0.16985815426857767,8,2,0.3010299956639812,Cad_2ppm_9.xlsx
2.6454131996753296,0.4326895032910652,23.578001596139973,-0.5237499999999999,0.17405985622312284,8,4,0.6020599913279624,Cad_4ppm_1.xlsx
1.335588657395384,0.5676939495627744,28.850093477633465,-0.5762499999999999,0.09007605094805118,8,4,0.6020599913279624,Cad_4ppm_10.xlsx
1.5158286780303172,0.6965090892764355,27.556433557720055,-0.5662499999999999,0.09520797631277059,8,4,0.6020599913279624,Cad_4ppm_11.xlsx
1.494240016089471,0.42894521045543565,28.408112286976902,-0.58375,0.09644663283243077,8,4,0.6020599913279624,Cad_4ppm_12.xlsx
1.382420311616157,0.554152837372527,28.25969127182539,-0.55,0.09439820059325213,8,4,0.6020599913279624,Cad_4ppm_13.xlsx
1.478046208946608,0.5318567182760288,28.32267033477632,-0.575,0.10304029894047535,8,4,0.6020599913279624,Cad_4ppm_14.xlsx
1.4649326794732969,0.4560856148888961,28.462869166847025,-0.57625,0.09607756295815173,8,4,0.6020599913279624,Cad_4ppm_15.xlsx
1.5388728254329087,0.6791145267988972,28.69039101623376,-0.585,0.09416079104310901,8,4,0.6020599913279624,Cad_4ppm_16.xlsx
2.1705511537157287,0.8079420096431966,30.837533471139963,-0.605,0.13411881991215535,8,4,0.6020599913279624,Cad_4ppm_17.xlsx
2.313164196248185,0.6999191828819571,30.994048792207778,-0.6075,0.14902090057719863,8,4,0.6020599913279624,Cad_4ppm_18.xlsx
2.2976685379870037,0.8587056627163656,31.161396112914847,-0.60625,0.13548402777038063,8,4,0.6020599913279624,Cad_4ppm_19.xlsx
2.0445999074314685,0.2951275066633795,25.381635357683983,-0.52625,0.13535796258784183,8,4,0.6020599913279624,Cad_4ppm_2.xlsx
2.39473277121211,0.6300594340145501,31.282198525793643,-0.61625,0.14536054504671458,8,4,0.6020599913279624,Cad_4ppm_20.xlsx
2.4115220806277033,0.7098670205983373,31.418589259920623,-0.6112500000000001,0.15198787663780514,8,4,0.6020599913279624,Cad_4ppm_21.xlsx
2.5031492791846954,0.827968839424515,31.620076220779207,-0.615,0.15426740802254502,8,4,0.6020599913279624,Cad_4ppm_22.xlsx
2.44151129999998,0.7736808634050424,31.636201848484834,-0.615,0.15485273192423935,8,4,0.6020599913279624,Cad_4ppm_23.xlsx
2.6977321353535277,0.8367937798164745,31.929611671717154,-0.6187499999999999,0.15089497579292754,8,4,0.6020599913279624,Cad_4ppm_24.xlsx
2.8865182659090816,0.7091087572161937,32.02749083080807,-0.6187499999999999,0.17159480873574795,8,4,0.6020599913279624,Cad_4ppm_25.xlsx
1.817121123340541,0.7304133241909231,29.488980007575744,-0.59875,0.11572709215674429,8,4,0.6020599913279624,Cad_4ppm_26.xlsx
1.9412377330086534,0.5731075751048981,29.88822109523808,-0.6012500000000001,0.12075506264916896,8,4,0.6020599913279624,Cad_4ppm_27.xlsx
2.0079582602092367,0.8635708269494141,30.179990419552663,-0.615,0.11695603403841827,8,4,0.6020599913279624,Cad_4ppm_28.xlsx
2.1836813645382365,0.6566515498070826,30.18688610317459,-0.615,0.1466686488915932,8,4,0.6020599913279624,Cad_4ppm_29.xlsx
1.8179815120851472,0.3192003388451428,26.39790904978355,-0.525,0.11358897570183883,8,4,0.6020599913279624,Cad_4ppm_3.xlsx
2.392837459415572,0.6789475431545917,30.58587038131312,-0.61125,0.14424958675053895,8,4,0.6020599913279624,Cad_4ppm_30.xlsx
2.1607643124458837,0.584469302618915,30.36814194264068,-0.61375,0.1349501173057343,8,4,0.6020599913279624,Cad_4ppm_31.xlsx
2.2687432150793514,0.711252844748055,30.49278162788599,-0.615,0.14501267274873475,8,4,0.6020599913279624,Cad_4ppm_32.xlsx
2.3159158415945127,1.050757233139095,30.70485342839104,-0.6174999999999999,0.1308087746053374,8,4,0.6020599913279624,Cad_4ppm_33.xlsx
1.9409056506854303,0.6923629104818335,30.547122300865794,-0.61,0.1269198263998906,8,4,0.6020599913279624,Cad_4ppm_34.xlsx
2.2494223982323143,0.7390482704782831,30.783189666125523,-0.615,0.13972407291702543,8,4,0.6020599913279624,Cad_4ppm_35.xlsx
2.13551179516594,0.8611224843550102,30.662546113455974,-0.6124999999999999,0.14256292785732183,8,4,0.6020599913279624,Cad_4ppm_36.xlsx
1.7860152602453168,0.608020113046692,27.882696482864347,-0.605,0.10853150519390291,8,4,0.6020599913279624,Cad_4ppm_37.xlsx
1.6952152142857222,0.5751302590594465,28.71293056331168,-0.5925,0.10187274896915548,8,4,0.6020599913279624,Cad_4ppm_38.xlsx
1.6808729049783504,0.5658363142381244,28.89873392207791,-0.59125,0.11412559255374999,8,4,0.6020599913279624,Cad_4ppm_39.xlsx
1.5486689986291595,0.33638974111213926,26.88378750324675,-0.5375000000000001,0.10149517272835441,8,4,0.6020599913279624,Cad_4ppm_4.xlsx
1.7364048354978325,0.7113069185520005,29.37597538564213,-0.5962500000000001,0.11489628845237912,8,4,0.6020599913279624,Cad_4ppm_40.xlsx
1.7288397756493517,0.9091635593298106,29.452930869949483,-0.5925,0.10144853884343333,8,4,0.6020599913279624,Cad_4ppm_41.xlsx
1.7782097061688407,0.7994423117850261,30.39279484613996,-0.60375,0.09738606893398248,8,4,0.6020599913279624,Cad_4ppm_42.xlsx
1.629871096717185,0.5358536537051171,29.953779516774883,-0.58875,0.11716841470923506,8,4,0.6020599913279624,Cad_4ppm_43.xlsx
1.7556141228355013,0.7090894848190449,30.242354888528126,-0.60625,0.10506567190205562,8,4,0.6020599913279624,Cad_4ppm_44.xlsx
1.7091630691558564,0.7110713614983168,30.388287752164494,-0.61375,0.11189308001280662,8,4,0.6020599913279624,Cad_4ppm_45.xlsx
1.9078637048340554,0.6956216558088114,30.600928397907637,-0.6,0.12933915429545328,8,4,0.6020599913279624,Cad_4ppm_46.xlsx
1.9614586005411025,0.7803599816219964,30.85184959181094,-0.605,0.12786608320815052,8,4,0.6020599913279624,Cad_4ppm_47.xlsx
2.001647363672432,0.701078794787967,30.79618977272726,-0.61375,0.13284524973033743,8,4,0.6020599913279624,Cad_4ppm_48.xlsx
2.157626203643576,0.71677173610545,31.07020717586579,-0.6125,0.12947534682719924,8,4,0.6020599913279624,Cad_4ppm_49.xlsx
1.4289963565295891,0.5400278654088833,27.55986435046897,-0.5562499999999999,0.09731990005898233,8,4,0.6020599913279624,Cad_4ppm_5.xlsx
2.0532170961399654,0.7082809194996313,30.324738075216437,-0.615,0.1330085052615423,8,4,0.6020599913279624,Cad_4ppm_50.xlsx
1.4627588240620506,0.467299750138432,28.15202904888166,-0.58875,0.10253065437842697,8,4,0.6020599913279624,Cad_4ppm_6.xlsx
1.5816590308802345,0.6291482393051957,28.8070325856782,-0.585,0.10203403029310895,8,4,0.6020599913279624,Cad_4ppm_7.xlsx
1.5975869034271377,0.5971849073064154,28.853274421536792,-0.585,0.10382827323665166,8,4,0.6020599913279624,Cad_4ppm_8.xlsx
1.337072125396816,0.6465970003119943,28.740529781746005,-0.57375,0.09105820954797936,8,4,0.6020599913279624,Cad_4ppm_9.xlsx
3.354390587409811,0.4919467323632755,20.117700688672436,-0.50875,0.21263428513365665,8,6,0.7781512503836436,Cad_6ppm_1.xlsx
1.270135838311703,0.23804615340744192,28.497751686868682,-0.54,0.0651407828632756,8,6,0.7781512503836436,Cad_6ppm_10.xlsx
1.1173054378427287,0.33560122519566365,29.057041148088018,-0.5537500000000001,0.05263547180483431,8,6,0.7781512503836436,Cad_6ppm_11.xlsx
1.0254344302309102,0.20599387984144965,29.249184405122655,-0.5549999999999999,0.051634250350289956,8,6,0.7781512503836436,Cad_6ppm_12.xlsx
1.1105652375541388,0.5168484521435517,29.42790909054834,-0.5437500000000001,0.05520112567514491,8,6,0.7781512503836436,Cad_6ppm_13.xlsx
1.1160157861832842,0.44189991871335915,29.614065178932172,-0.55375,0.05217378381944529,8,6,0.7781512503836436,Cad_6ppm_14.xlsx
0.9150033019841546,0.24992918330197103,29.751569628246745,-0.5425,0.04826669995238238,8,6,0.7781512503836436,Cad_6ppm_15.xlsx
1.0999708493867506,0.7409990016778657,30.18114513023087,-0.5775,0.0480958589159471,8,6,0.7781512503836436,Cad_6ppm_16.xlsx
0.9922737834415987,0.3004305781291396,29.92508945941558,-0.56625,0.049381792648631795,8,6,0.7781512503836436,Cad_6ppm_17.xlsx
1.1069421451659642,0.26036959908467977,29.951433733225095,-0.55125,0.0559730248019492,8,6,0.7781512503836436,Cad_6ppm_18.xlsx
1.1698786303751945,0.4730289955617101,30.04229448791485,-0.54375,0.05444116740566397,8,6,0.7781512503836436,Cad_6ppm_19.xlsx
3.3803416774531123,0.25667742630976725,22.192325626443004,-0.5125000000000001,0.21445187626731527,8,6,0.7781512503836436,Cad_6ppm_2.xlsx
1.2132077608946945,0.45057125278178706,29.9361904738456,-0.55375,0.06094758755339276,8,6,0.7781512503836436,Cad_6ppm_20.xlsx
1.0521422339827047,0.2881526640030087,30.23224641432178,-0.5700000000000001,0.04918065441522504,8,6,0.7781512503836436,Cad_6ppm_21.xlsx
1.2147320899711658,0.582861048571418,30.571157839466082,-0.5912499999999999,0.05469556770400594,8,6,0.7781512503836436,Cad_6ppm_22.xlsx
1.237200484235239,0.4528891372882505,30.52658007160894,-0.5675,0.04801860067388349,8,6,0.7781512503836436,Cad_6ppm_23.xlsx
1.1104729727633722,0.4937808224700805,30.290082676046175,-0.5525,0.048201867462122086,8,6,0.7781512503836436,Cad_6ppm_24.xlsx
1.4209167652236965,0.46397804270132936,30.49576273124098,-0.56875,0.060128561300145836,8,6,0.7781512503836436,Cad_6ppm_25.xlsx
1.1546551650793915,0.4985154511641263,30.191873034090907,-0.565,0.05720362464141526,8,6,0.7781512503836436,Cad_6ppm_26.xlsx
1.1604572915945428,0.43298962278551256,30.492741131313124,-0.58125,0.04607927687698568,8,6,0.7781512503836436,Cad_6ppm_27.xlsx
1.1454554430014698,0.26369368940668686,30.677046153499276,-0.5874999999999999,0.05226536679257002,8,6,0.7781512503836436,Cad_6ppm_28.xlsx
1.1939944973304781,0.3933384696041998,30.559491579365073,-0.565,0.05306855894552893,8,6,0.7781512503836436,Cad_6ppm_29.xlsx
2.9995026672799425,0.23535329576845646,23.865681316197687,-0.51125,0.18053439747691058,8,6,0.7781512503836436,Cad_6ppm_3.xlsx
1.2764785186508276,0.2881205108261482,30.466233832611834,-0.5537500000000001,0.05873032441089661,8,6,0.7781512503836436,Cad_6ppm_30.xlsx
1.152797137770592,0.36621894783211806,30.462367724206345,-0.58125,0.05482722190115583,8,6,0.7781512503836436,Cad_6ppm_31.xlsx
1.2250349273088288,0.45797154504837095,30.649790716630584,-0.58,0.05303963134379679,8,6,0.7781512503836436,Cad_6ppm_32.xlsx
1.1605653823232611,0.5401703559742876,30.474200882034623,-0.5525,0.052746605044374076,8,6,0.7781512503836436,Cad_6ppm_33.xlsx
1.2994310174603485,0.38706554568398127,30.317470404040407,-0.55375,0.05784139585173284,8,6,0.7781512503836436,Cad_6ppm_34.xlsx
1.1803503687590426,0.3320351399512167,30.22109647546897,-0.55125,0.05369220140945277,8,6,0.7781512503836436,Cad_6ppm_35.xlsx
1.1402319572150263,0.2462408579573253,30.16824549999999,-0.59125,0.054501844617064685,8,6,0.7781512503836436,Cad_6ppm_36.xlsx
1.1628333364358094,0.428385238928792,30.222045130230867,-0.58,0.057209365375903494,8,6,0.7781512503836436,Cad_6ppm_37.xlsx
1.1788125473665412,0.5750078658950737,30.240307348124094,-0.56375,0.04943755925974098,8,6,0.7781512503836436,Cad_6ppm_38.xlsx
1.0639993259740543,0.33737966618886933,30.16231639574314,-0.58125,0.04570927931168993,8,6,0.7781512503836436,Cad_6ppm_39.xlsx
2.447347927200587,0.23453290110367744,25.23906678860029,-0.5125,0.14458943886670184,8,6,0.7781512503836436,Cad_6ppm_4.xlsx
1.23876288557,0.6453141033168049,30.298322868326103,-0.5700000000000001,0.054511981635643324,8,6,0.7781512503836436,Cad_6ppm_40.xlsx
1.1936922951659774,0.478017504655905,30.39130096230159,-0.5525,0.05654116670995814,8,6,0.7781512503836436,Cad_6ppm_41.xlsx
1.0253604703463486,0.4207823874979732,30.368215505050497,-0.60625,0.04313682424783734,8,6,0.7781512503836436,Cad_6ppm_42.xlsx
1.186369250144327,0.42775555156020606,30.582294532106772,-0.56875,0.055344416664864574,8,6,0.7781512503836436,Cad_6ppm_43.xlsx
1.2133132275252754,0.5257595433490863,30.462906835858576,-0.57875,0.05500579866522519,8,6,0.7781512503836436,Cad_6ppm_44.xlsx
1.245608172655151,0.4965490780190071,30.362488289682535,-0.56625,0.05564241862229611,8,6,0.7781512503836436,Cad_6ppm_45.xlsx
1.0684861340548606,0.5035224190393245,30.50733718326118,-0.5537500000000001,0.04628475928427268,8,6,0.7781512503836436,Cad_6ppm_46.xlsx
1.217976426623406,0.29885895626103776,30.847915825757568,-0.5925,0.05520144370202198,8,6,0.7781512503836436,Cad_6ppm_47.xlsx
1.2895958845599105,0.4792593763533542,31.09802004040403,-0.5925,0.05692071613780822,8,6,0.7781512503836436,Cad_6ppm_48.xlsx
1.3712746943723197,0.6246299116707194,31.123207074494943,-0.5912499999999999,0.05926511643723115,8,6,0.7781512503836436,Cad_6ppm_49.xlsx
2.2655459745310353,0.3875265110584613,26.17718312157287,-0.51125,0.1269629616587295,8,6,0.7781512503836436,Cad_6ppm_5.xlsx
1.2018321230519784,0.32514088031753297,30.787529766414135,-0.565,0.05416863475036292,8,6,0.7781512503836436,Cad_6ppm_50.xlsx
2.1854592943362317,0.39711829625339345,26.854849697510822,-0.51125,0.11296981095616787,8,6,0.7781512503836436,Cad_6ppm_6.xlsx
1.9995586353174768,0.3236096891376579,27.253088097402603,-0.5162500000000001,0.10605540704725754,8,6,0.7781512503836436,Cad_6ppm_7.xlsx
1.6386681803030383,0.1592877117610897,27.55572835119047,-0.51125,0.08363899335479703,8,6,0.7781512503836436,Cad_6ppm_8.xlsx
1.595631313708521,0.15243305797911333,28.013639504148628,-0.5125,0.07963205851875799,8,6,0.7781512503836436,Cad_6ppm_9.xlsx
13.015999037481981,7.0564561156859025,69.63415516666664,-0.605,0.40140441029617535,8,8,0.9030899869919435,Cad_8ppm_1.xlsx
4.952361859307425,1.620851025288284,71.29325643939391,-0.62,0.1820030034740317,8,8,0.9030899869919435,Cad_8ppm_10.xlsx
4.641162354725898,1.3634370944974723,71.13826131565654,-0.62,0.16834343420924086,8,8,0.9030899869919435,Cad_8ppm_11.xlsx
4.518520138636418,1.0161889034874978,70.99954904545453,-0.62,0.14968585563636697,8,8,0.9030899869919435,Cad_8ppm_12.xlsx
4.595849832539738,0.8216375125299047,70.23162785606058,-0.62,0.15543533090657013,8,8,0.9030899869919435,Cad_8ppm_13.xlsx
4.751807427417082,0.690093897295488,68.910795520202,-0.62,0.13821914503355334,8,8,0.9030899869919435,Cad_8ppm_14.xlsx
5.6348611103175195,0.4698719640625171,68.47960434090906,-0.62,0.13532125893867752,8,8,0.9030899869919435,Cad_8ppm_15.xlsx
5.997312828427189,0.4667510418844862,68.64357804292926,-0.62,0.15143180615765336,8,8,0.9030899869919435,Cad_8ppm_16.xlsx
6.1576984344156465,0.36498856829396825,68.28810875757573,-0.62,0.15653339833586394,8,8,0.9030899869919435,Cad_8ppm_17.xlsx
7.519295623737428,1.0854990331811503,67.82131511616159,-0.62,0.19016198329546002,8,8,0.9030899869919435,Cad_8ppm_18.xlsx
7.640621804329057,0.9237837731523731,66.11407221212119,-0.62,0.21966045716306448,8,8,0.9030899869919435,Cad_8ppm_19.xlsx
9.2322400470058,4.533802788615803,68.72130430050504,-0.605,0.29310777554383166,8,8,0.9030899869919435,Cad_8ppm_2.xlsx
6.784692973448836,1.9941783705630023,63.4926729141414,-0.62,0.22601402686472377,8,8,0.9030899869919435,Cad_8ppm_20.xlsx
5.4721933861472465,1.431224357319082,61.997844484848464,-0.62,0.19254981991126074,8,8,0.9030899869919435,Cad_8ppm_21.xlsx
5.678507269119843,1.4703786110761505,62.553480527777765,-0.62,0.18132557948773964,8,8,0.9030899869919435,Cad_8ppm_22.xlsx
4.633220333838443,1.0139193985908916,59.77100091666665,-0.62,0.16868429437302035,8,8,0.9030899869919435,Cad_8ppm_23.xlsx
4.059067606132818,0.7812959252429852,56.869830345959585,-0.605,0.15655835371284726,8,8,0.9030899869919435,Cad_8ppm_24.xlsx
3.5595861185426196,0.4672023030334469,54.63805847979796,-0.605,0.1624570421143622,8,8,0.9030899869919435,Cad_8ppm_25.xlsx
3.325640322438729,0.4331704546652505,54.17214755555554,-0.5750000000000001,0.14443293022294834,8,8,0.9030899869919435,Cad_8ppm_26.xlsx
3.793481538383907,0.6019621340418402,56.285574535353526,-0.62,0.1391132344855749,8,8,0.9030899869919435,Cad_8ppm_27.xlsx
3.6093275515873495,0.5369109051890232,54.49850003914139,-0.60625,0.14752088201479469,8,8,0.9030899869919435,Cad_8ppm_28.xlsx
6.182018733333392,1.6836464623690446,60.55023403030302,-0.62,0.19436435651804218,8,8,0.9030899869919435,Cad_8ppm_29.xlsx
10.031151941955322,7.184329704654215,79.48463974999999,-0.605,0.30200880961021265,8,8,0.9030899869919435,Cad_8ppm_3.xlsx
4.088930252525303,0.6927443998153077,55.51405469191917,-0.62,0.14244466378968718,8,8,0.9030899869919435,Cad_8ppm_30.xlsx
3.9685883369408934,0.41965069418940876,54.84257897979796,-0.62,0.14048422735750854,8,8,0.9030899869919435,Cad_8ppm_31.xlsx
3.9207620411977375,0.5831783345991939,54.43362793686866,-0.62,0.13606997219949918,8,8,0.9030899869919435,Cad_8ppm_32.xlsx
3.3457355107504085,0.6771305606597725,52.64244758585856,-0.62,0.1258840971619813,8,8,0.9030899869919435,Cad_8ppm_33.xlsx
2.9246546828283346,0.6472693379631689,50.99110310858585,-0.57625,0.12127806303860436,8,8,0.9030899869919435,Cad_8ppm_34.xlsx
2.900229653607565,0.6046593995732881,50.20495069191919,-0.5475,0.12545206571537196,8,8,0.9030899869919435,Cad_8ppm_35.xlsx
2.7054012870130473,0.5986997483893567,50.5719103560606,-0.57625,0.12114644239214047,8,8,0.9030899869919435,Cad_8ppm_36.xlsx
3.0286428424964456,0.6960307275172,51.08358124747473,-0.605,0.12347884736436267,8,8,0.9030899869919435,Cad_8ppm_37.xlsx
2.9370972368687385,0.5102242151765555,50.41415229292928,-0.5900000000000001,0.12781283545310668,8,8,0.9030899869919435,Cad_8ppm_38.xlsx
2.7887593251804477,0.3382272017603792,49.37394949747475,-0.57625,0.12234363148773947,8,8,0.9030899869919435,Cad_8ppm_39.xlsx
7.704900158585939,0.9651763056866575,82.22290808585856,-0.62,0.21455824087518732,8,8,0.9030899869919435,Cad_8ppm_4.xlsx
2.9577209740260297,0.5581593367386627,49.38251349999999,-0.56125,0.13253669564214013,8,8,0.9030899869919435,Cad_8ppm_40.xlsx
3.0933014195527155,0.6088485682808832,49.68548524747473,-0.5750000000000001,0.13050568092893627,8,8,0.9030899869919435,Cad_8ppm_41.xlsx
3.137792213708572,0.44589059291502064,51.19811498232322,-0.62,0.130408696655488,8,8,0.9030899869919435,Cad_8ppm_42.xlsx
4.2522095629870575,0.6521459009652393,53.34776445454543,-0.62,0.13390014129365502,8,8,0.9030899869919435,Cad_8ppm_43.xlsx
3.193511650360805,0.6551075923191501,49.90407076767676,-0.5900000000000001,0.13315285524459258,8,8,0.9030899869919435,Cad_8ppm_44.xlsx
2.962535091919243,0.28811569799751907,48.59572213131312,-0.5750000000000001,0.1306836130836983,8,8,0.9030899869919435,Cad_8ppm_45.xlsx
3.117822240187637,0.5678402777546692,49.08756554797978,-0.605,0.12611950034379965,8,8,0.9030899869919435,Cad_8ppm_46.xlsx
3.251855474242472,0.7214504442126777,49.82397641666665,-0.605,0.12802594431493902,8,8,0.9030899869919435,Cad_8ppm_47.xlsx
3.192824714141463,0.5465839385346023,49.72374304292927,-0.605,0.1311153299877386,8,8,0.9030899869919435,Cad_8ppm_48.xlsx
3.369265805772052,0.5121300596664627,50.43405353282826,-0.62,0.1391882961547662,8,8,0.9030899869919435,Cad_8ppm_49.xlsx
8.743197997258362,1.9761907717628564,81.0003692373737,-0.62,0.23686638465440712,8,8,0.9030899869919435,Cad_8ppm_5.xlsx
2.888894798484891,0.5240998740457232,48.3487956212121,-0.54625,0.1303182441302351,8,8,0.9030899869919435,Cad_8ppm_50.xlsx
8.816405416450303,2.736679621315657,80.45138005303028,-0.62,0.23497237131458146,8,8,0.9030899869919435,Cad_8ppm_6.xlsx
8.358552696031804,2.042192378734956,77.0519321313131,-0.62,0.22089778681963107,8,8,0.9030899869919435,Cad_8ppm_7.xlsx
6.904009341702821,1.368337653428737,74.41381938888887,-0.62,0.19515966909344076,8,8,0.9030899869919435,Cad_8ppm_8.xlsx
5.631117647041911,1.6344702552963,72.36247381565653,-0.62,0.18788672780520027,8,8,0.9030899869919435,Cad_8ppm_9.xlsx
2.471198982539689,0.3459205091981708,27.646681510281383,-0.5125,0.12914473074043908,8,10,1.0,Cad_10ppm_1.xlsx
1.9022323690837104,0.2541708909804803,34.08857520634921,-0.51125,0.09147148528896044,8,10,1.0,Cad_10ppm_10.xlsx
1.832732766089479,0.23161566471149944,34.110558988636356,-0.51125,0.08550228030375137,8,10,1.0,Cad_10ppm_11.xlsx
1.7496887874819738,0.210337625393533,34.08418282269119,-0.51125,0.08381674749855672,8,10,1.0,Cad_10ppm_12.xlsx
1.8553145262626378,0.27379856157458454,34.254512580447326,-0.51125,0.08816999301695438,8,10,1.0,Cad_10ppm_13.xlsx
1.867638559595993,0.24170803501259033,34.40189638690477,-0.515,0.08439322245923628,8,10,1.0,Cad_10ppm_14.xlsx
1.7593252700216588,0.25963093841427504,34.50250929419192,-0.51375,0.08266048052867916,8,10,1.0,Cad_10ppm_15.xlsx
1.6097779860750565,0.29162566082055996,34.597963367784985,-0.52375,0.06810484278643648,8,10,1.0,Cad_10ppm_16.xlsx
1.7572801603535675,0.20602765818584576,34.7505249491342,-0.5275000000000001,0.0851673066720789,8,10,1.0,Cad_10ppm_17.xlsx
1.6246930225829894,0.20960224730510332,34.751642410894654,-0.525,0.07215158101262617,8,10,1.0,Cad_10ppm_18.xlsx
1.7575411710678424,0.27235062841742813,34.687389339826844,-0.52125,0.08513077554184698,8,10,1.0,Cad_10ppm_19.xlsx
1.6343379234127355,0.2605346982770044,31.34370414375902,-0.5237499999999999,0.07676242572763478,8,10,1.0,Cad_10ppm_2.xlsx
1.7701222047980076,0.21020062586501861,34.70033508405484,-0.51125,0.08265526652669596,8,10,1.0,Cad_10ppm_20.xlsx
1.8746519756133058,0.1894104950257076,34.78734949476912,-0.51125,0.09090362137229527,8,10,1.0,Cad_10ppm_21.xlsx
1.65382946699137,0.15376472265962857,34.841356925324675,-0.525,0.07837483273809615,8,10,1.0,Cad_10ppm_22.xlsx
1.6964332256133021,0.2363991918842137,34.93989770652958,-0.51125,0.07961783045418497,8,10,1.0,Cad_10ppm_23.xlsx
1.5418623488095475,0.17791870692053752,34.86297339538239,-0.54125,0.0731841869350658,8,10,1.0,Cad_10ppm_24.xlsx
1.7645818922799652,0.19191263456496277,35.04230699458874,-0.5225000000000001,0.08057646173665267,8,10,1.0,Cad_10ppm_25.xlsx
1.7519479345959894,0.26062049339359933,34.8326724172078,-0.51125,0.08739023233874514,8,10,1.0,Cad_10ppm_26.xlsx
1.8328390055555754,0.35001029931202216,34.87938613762626,-0.51125,0.08639000082936502,8,10,1.0,Cad_10ppm_27.xlsx
2.000898653427144,0.3554033343059715,34.974329385642136,-0.50875,0.09153592000468931,8,10,1.0,Cad_10ppm_28.xlsx
1.8344571231241265,0.26117037179410585,34.759937943903324,-0.51125,0.08313817692027475,8,10,1.0,Cad_10ppm_29.xlsx
1.5026192263708942,0.2924338256933854,32.690023758838386,-0.5375000000000001,0.07068313667568796,8,10,1.0,Cad_10ppm_3.xlsx
1.8300977991702894,0.12386016220198899,34.65853091396103,-0.50875,0.08912014808676019,8,10,1.0,Cad_10ppm_30.xlsx
1.8753611216450468,0.24751285432866316,34.66036524386725,-0.51125,0.08630643642857148,8,10,1.0,Cad_10ppm_31.xlsx
1.7125050275613427,0.18802916695370558,34.35084456295093,-0.5125000000000001,0.08272302072474706,8,10,1.0,Cad_10ppm_32.xlsx
1.9004713658369736,0.330492665126338,34.348314647005786,-0.5125000000000001,0.09452685334199176,8,10,1.0,Cad_10ppm_33.xlsx
1.9027018835137346,0.24852619752689656,34.19187817658731,-0.5125000000000001,0.09179643804581505,8,10,1.0,Cad_10ppm_34.xlsx
1.9648101282828403,0.2912616143283912,34.13890614718614,-0.5225,0.09997022974873661,8,10,1.0,Cad_10ppm_35.xlsx
1.8583483008658264,0.2727858092007724,34.10203218813132,-0.51,0.0889126776235575,8,10,1.0,Cad_10ppm_36.xlsx
1.779912223051971,0.1003732142491629,34.14832232810245,-0.51,0.0823029228488451,8,10,1.0,Cad_10ppm_37.xlsx
1.6556489756493704,0.2424241110640842,34.15537343163781,-0.51,0.08045877537752501,8,10,1.0,Cad_10ppm_38.xlsx
1.8057998635281667,0.2699948443483216,34.161466202922085,-0.5125,0.09147807933658031,8,10,1.0,Cad_10ppm_39.xlsx
1.503713233405516,0.21559795487508887,33.107811455808076,-0.55125,0.07210431951659646,8,10,1.0,Cad_10ppm_4.xlsx
1.6855803123376765,0.2816597100656717,34.09056952813852,-0.5137499999999999,0.08107577685407591,8,10,1.0,Cad_10ppm_40.xlsx
1.9949624925324825,0.2832792952367614,34.179292254509384,-0.5125,0.1001760644484119,8,10,1.0,Cad_10ppm_41.xlsx
1.7517224249639436,0.29622295320333664,33.86453680411255,-0.52625,0.0851860216764069,8,10,1.0,Cad_10ppm_42.xlsx
1.8303808364718832,0.2700084958019276,33.73018269155844,-0.5125000000000001,0.09766790274368684,8,10,1.0,Cad_10ppm_43.xlsx
1.5382017701659745,0.19103089484717328,33.74725142027417,-0.5075,0.07029834731818281,8,10,1.0,Cad_10ppm_44.xlsx
1.3943775997835735,0.3198992073437177,34.22528631709956,-0.52625,0.06586326594552724,8,10,1.0,Cad_10ppm_45.xlsx
1.255280928210718,0.18872616771183653,34.30154233838384,-0.52625,0.05889314651515366,8,10,1.0,Cad_10ppm_46.xlsx
1.4170142088384257,0.27912003390845014,34.49775938383838,-0.5275000000000001,0.0652809629595986,8,10,1.0,Cad_10ppm_47.xlsx
1.275841881241015,0.24511873880074114,34.33913664411976,-0.52125,0.05881681362121448,8,10,1.0,Cad_10ppm_48.xlsx
1.3695005074314954,0.3758363540123377,34.401541360750365,-0.53625,0.06146577116847171,8,10,1.0,Cad_10ppm_49.xlsx
1.5242546971501052,0.1481402604440666,33.41664387247474,-0.52,0.06905366077741881,8,10,1.0,Cad_10ppm_5.xlsx
1.2388123254690147,0.32246611414350307,34.33063893001443,-0.55,0.0596282424087324,8,10,1.0,Cad_10ppm_50.xlsx
1.7042392722583224,0.21358897379677827,33.581521975288595,-0.52375,0.07877483119480637,8,10,1.0,Cad_10ppm_6.xlsx
1.5292719386724691,0.2586088977860983,33.5300655544733,-0.5125,0.06883550092352186,8,10,1.0,Cad_10ppm_7.xlsx
1.7103146796897777,0.14388997814766252,33.7292232187951,-0.5125,0.08295419923376618,8,10,1.0,Cad_10ppm_8.xlsx
1.8404142602092626,0.16542934358317696,33.95194738997114,-0.51125,0.08565590371897605,8,10,1.0,Cad_10ppm_9.xlsx
2.2947523436508277,0.47092947653492173,32.9544203661616,-0.62,0.07846217250036375,8,20,1.3010299956639813,Cad_20ppm_1.xlsx
2.1029075717171875,0.19305327580769957,34.37909985768398,-0.51375,0.10740924979274805,8,20,1.3010299956639813,Cad_20ppm_10.xlsx
2.2192396986652367,0.4668406834469332,34.2147385878427,-0.51125,0.10999441806908301,8,20,1.3010299956639813,Cad_20ppm_11.xlsx
2.414223718217906,0.24855433546903466,34.09136403336941,-0.51125,0.12995603598610977,8,20,1.3010299956639813,Cad_20ppm_12.xlsx
2.3074268023809696,0.24693490641953034,33.854950232683976,-0.515,0.12724707398232243,8,20,1.3010299956639813,Cad_20ppm_13.xlsx
2.605631469805199,0.2796555550327954,33.93667416071428,-0.51,0.134178144176766,8,20,1.3010299956639813,Cad_20ppm_14.xlsx
2.620827055772011,0.19364715642888156,33.81989548088023,-0.51125,0.13769866397438515,8,20,1.3010299956639813,Cad_20ppm_15.xlsx
2.5030056430736045,0.2707917964244237,33.59045008026696,-0.51,0.1419178549089092,8,20,1.3010299956639813,Cad_20ppm_16.xlsx
2.738649600685435,0.3744759159220149,33.645522095779214,-0.50875,0.146025007426586,8,20,1.3010299956639813,Cad_20ppm_17.xlsx
2.917287710642135,0.45599936213810005,33.66549790349927,-0.50875,0.1620380828764413,8,20,1.3010299956639813,Cad_20ppm_18.xlsx
2.6707863886724503,0.2714841831783321,33.38464386958874,-0.51125,0.14698963027561213,8,20,1.3010299956639813,Cad_20ppm_19.xlsx
2.933201983261216,0.496580446581522,36.58159798737372,-0.62,0.08883106679509653,8,20,1.3010299956639813,Cad_20ppm_2.xlsx
2.658880068686873,0.24306021877015804,33.315292492784984,-0.51125,0.1506412603057346,8,20,1.3010299956639813,Cad_20ppm_20.xlsx
2.7192498361111177,0.4112960545545827,33.37689989087301,-0.50875,0.1508584823470404,8,20,1.3010299956639813,Cad_20ppm_21.xlsx
2.8062842397186243,0.3462581257832808,33.41784210696248,-0.51375,0.15590028746392345,8,20,1.3010299956639813,Cad_20ppm_22.xlsx
2.865826536002892,0.42590226752942834,33.330497780303034,-0.5062500000000001,0.1618286031199478,8,20,1.3010299956639813,Cad_20ppm_23.xlsx
2.8719710640692733,0.24144902047042205,33.37164541396103,-0.51,0.1605166145557349,8,20,1.3010299956639813,Cad_20ppm_24.xlsx
2.5460005549783697,0.1908779893466486,33.287756077741705,-0.51,0.13732528720346202,8,20,1.3010299956639813,Cad_20ppm_25.xlsx
2.781980501370857,0.31822621776319443,33.42109575108225,-0.51125,0.1570638785131658,8,20,1.3010299956639813,Cad_20ppm_26.xlsx
2.8371001715007367,0.3436928220219624,33.393427346320344,-0.5125000000000001,0.16074813462301515,8,20,1.3010299956639813,Cad_20ppm_27.xlsx
2.6256109027777845,0.27664129002889115,33.38053554581529,-0.50875,0.14105940472673043,8,20,1.3010299956639813,Cad_20ppm_28.xlsx
2.7188678314935184,0.36358819887597804,33.55167908513709,-0.51,0.14608966670815143,8,20,1.3010299956639813,Cad_20ppm_29.xlsx
2.6674991139971453,0.42516139363541267,37.111938722222206,-0.62,0.08704209168290297,8,20,1.3010299956639813,Cad_20ppm_3.xlsx
2.5788875378787925,0.28654755952089433,33.5000205340909,-0.51125,0.14102524928733637,8,20,1.3010299956639813,Cad_20ppm_30.xlsx
2.3971135797619074,0.28388800436065215,33.394751520743135,-0.51,0.13193596295165771,8,20,1.3010299956639813,Cad_20ppm_31.xlsx
2.528151704761914,0.22633090576793471,33.677475334595954,-0.51375,0.13664783992081386,8,20,1.3010299956639813,Cad_20ppm_32.xlsx
2.5009028976551355,0.22882229616344363,33.87023678138528,-0.51,0.1321974655799052,8,20,1.3010299956639813,Cad_20ppm_33.xlsx
2.4411746049422924,0.25696618455200143,33.96395211598124,-0.51,0.1331061809837649,8,20,1.3010299956639813,Cad_20ppm_34.xlsx
2.336417125108241,0.3064381752336074,33.88835144642857,-0.51125,0.12383074686994827,8,20,1.3010299956639813,Cad_20ppm_35.xlsx
2.325866476046191,0.2620194695895613,33.9637188169192,-0.51,0.11505925770400302,8,20,1.3010299956639813,Cad_20ppm_36.xlsx
2.3389173662698597,0.348006483610027,34.12871419859307,-0.51125,0.1206218030308436,8,20,1.3010299956639813,Cad_20ppm_37.xlsx
2.232271978138536,0.25581129991695056,34.273669341089466,-0.51125,0.11743830673683125,8,20,1.3010299956639813,Cad_20ppm_38.xlsx
2.267531449386738,0.22196210186231172,34.42540878192641,-0.51,0.11624786399729317,8,20,1.3010299956639813,Cad_20ppm_39.xlsx
1.6056463142136046,0.4148470565610234,35.77246961616161,-0.60625,0.0676800544779968,8,20,1.3010299956639813,Cad_20ppm_4.xlsx
2.1436598986291653,0.10856230592768824,34.432950953463205,-0.5125000000000001,0.1146359346933612,8,20,1.3010299956639813,Cad_20ppm_40.xlsx
2.006941761652252,0.29499242488599187,34.53282383044733,-0.5125,0.10188963326803654,8,20,1.3010299956639813,Cad_20ppm_41.xlsx
2.182888294913437,0.36456819631592774,34.89439340674603,-0.5125,0.10914892184902514,8,20,1.3010299956639813,Cad_20ppm_42.xlsx
2.0445832929292953,0.19846281286046405,34.827257998556995,-0.5125,0.10582828190403865,8,20,1.3010299956639813,Cad_20ppm_43.xlsx
2.1140006651154595,0.15567266774667643,34.85369650974026,-0.51,0.10458610706673821,8,20,1.3010299956639813,Cad_20ppm_44.xlsx
2.0047634084415797,0.08630962688233224,34.881313342532465,-0.51125,0.09857885080248906,8,20,1.3010299956639813,Cad_20ppm_45.xlsx
2.0532142458153038,0.11133125891853941,34.932006605880225,-0.51125,0.09907341595905353,8,20,1.3010299956639813,Cad_20ppm_46.xlsx
2.03249818896105,0.14997461780830432,34.938312020382384,-0.50875,0.09929855517640632,8,20,1.3010299956639813,Cad_20ppm_47.xlsx
1.949460617496415,0.289549305519387,34.86196788906926,-0.51,0.09307571293596667,8,20,1.3010299956639813,Cad_20ppm_48.xlsx
2.0603510701298857,0.1877012543437742,34.84302951046176,-0.50875,0.09973463258964577,8,20,1.3010299956639813,Cad_20ppm_49.xlsx
1.3614120497114346,0.4871192678714199,35.16735706583694,-0.5375000000000001,0.06296134691486512,8,20,1.3010299956639813,Cad_20ppm_5.xlsx
1.9228849380231043,0.15901101492581715,34.69225608658009,-0.5137499999999999,0.09362368581204816,8,20,1.3010299956639813,Cad_20ppm_50.xlsx
1.382502159199177,0.24953172631423412,34.848655768398274,-0.5125,0.06491915556926628,8,20,1.3010299956639813,Cad_20ppm_6.xlsx
1.4945256786436083,0.17390207237382782,34.660713229617606,-0.5162500000000001,0.07550642994733112,8,20,1.3010299956639813,Cad_20ppm_7.xlsx
1.7807986430375369,0.18159438139920564,34.648694864718614,-0.5125000000000001,0.08826221921031714,8,20,1.3010299956639813,Cad_20ppm_8.xlsx
1.9464983632395567,0.23373680472978223,34.43298145364358,-0.51375,0.10260604343921273,8,20,1.3010299956639813,Cad_20ppm_9.xlsx
2.345300236038991,0.6198383068756625,32.54110738149349,-0.5925,0.094889678624822,8,40,1.6020599913279623,Cad_40ppm_1.xlsx
2.8796710766594567,0.28326903560241007,30.04083969173881,-0.51,0.16646230805681686,8,40,1.6020599913279623,Cad_40ppm_10.xlsx
2.81127954574315,0.23896362021406106,29.863735613816736,-0.50875,0.16448495751208364,8,40,1.6020599913279623,Cad_40ppm_11.xlsx
2.850162029437239,0.4608811268413103,29.857118585497837,-0.51125,0.16394899051244466,8,40,1.6020599913279623,Cad_40ppm_12.xlsx
2.8498100520202154,0.4460549485314829,29.738872685425683,-0.5125,0.16736132954924174,8,40,1.6020599913279623,Cad_40ppm_13.xlsx
2.810998014971153,0.5209049984167591,30.14004092334055,-0.51,0.16004441146392395,8,40,1.6020599913279623,Cad_40ppm_14.xlsx
2.8940166221500836,0.3069305959087622,29.75402622763348,-0.5125,0.16580809482088618,8,40,1.6020599913279623,Cad_40ppm_15.xlsx
2.9998740146825447,0.3474029299621011,29.878062502525253,-0.5062500000000001,0.16424503001172316,8,40,1.6020599913279623,Cad_40ppm_16.xlsx
2.8973475905122754,0.3886294250237041,29.720896616883117,-0.5075000000000001,0.16138960349693277,8,40,1.6020599913279623,Cad_40ppm_17.xlsx
2.8553557991342084,0.2388365224931879,29.71081513059163,-0.50875,0.16169657026569173,8,40,1.6020599913279623,Cad_40ppm_18.xlsx
2.796234258658018,0.4145505175851389,29.592649531926405,-0.51125,0.1596296758782456,8,40,1.6020599913279623,Cad_40ppm_19.xlsx
1.9606402116161892,0.35098440664903024,32.69285913474026,-0.50875,0.09271546644228074,8,40,1.6020599913279623,Cad_40ppm_2.xlsx
2.8191562966089525,0.3446686419094078,29.68742596049783,-0.51375,0.15875281780122535,8,40,1.6020599913279623,Cad_40ppm_20.xlsx
2.7876270817460456,0.3805300317295067,29.579323763167395,-0.51125,0.16062025547853448,8,40,1.6020599913279623,Cad_40ppm_21.xlsx
2.7778566132756204,0.36371235643125877,29.691201068181815,-0.51375,0.15600044880609545,8,40,1.6020599913279623,Cad_40ppm_22.xlsx
2.8101237033910573,0.4013892473608065,29.719409170274165,-0.51,0.16082725090458017,8,40,1.6020599913279623,Cad_40ppm_23.xlsx
2.5939271061327673,0.250675182400358,29.69942276370851,-0.50875,0.1429476703335127,8,40,1.6020599913279623,Cad_40ppm_24.xlsx
2.7135389388528215,0.21012907409663867,29.63832946212121,-0.5125,0.1551938879556265,8,40,1.6020599913279623,Cad_40ppm_25.xlsx
2.726645855772011,0.3291841678694319,29.51681468704906,-0.5125,0.1570932307020188,8,40,1.6020599913279623,Cad_40ppm_26.xlsx
2.721954158080817,0.34045949232658484,29.4329727027417,-0.51,0.1553481303024879,8,40,1.6020599913279623,Cad_40ppm_27.xlsx
2.687178497582977,0.38210300712741796,29.537591242243863,-0.51125,0.15373989289971027,8,40,1.6020599913279623,Cad_40ppm_28.xlsx
2.471932784090922,0.36642792640241617,29.42555851749639,-0.51125,0.1324229365304826,8,40,1.6020599913279623,Cad_40ppm_29.xlsx
2.2387482458874515,0.30211641737799316,31.93242303878066,-0.5075000000000001,0.11336513359217035,8,40,1.6020599913279623,Cad_40ppm_3.xlsx
2.6317072153318954,0.3054679271595576,29.349948886904762,-0.51125,0.14672233612860602,8,40,1.6020599913279623,Cad_40ppm_30.xlsx
2.548371461219345,0.24655584149378668,29.229043679653678,-0.51,0.14023780088455878,8,40,1.6020599913279623,Cad_40ppm_31.xlsx
2.375025606998572,0.3190297995057247,29.064935744769127,-0.5125,0.13349497581367128,8,40,1.6020599913279623,Cad_40ppm_32.xlsx
2.349960006565661,0.2905111316724164,29.310793155844152,-0.5137499999999999,0.13313126827651375,8,40,1.6020599913279623,Cad_40ppm_33.xlsx
2.174092397438681,0.24162385186743776,29.48682104473305,-0.51625,0.12190744943993363,8,40,1.6020599913279623,Cad_40ppm_34.xlsx
2.140208672294382,0.30024824806258826,29.393441925685423,-0.5125,0.11153253732431398,8,40,1.6020599913279623,Cad_40ppm_35.xlsx
2.1329520286075185,0.23646786048621682,29.205053031565654,-0.51125,0.1163172314339821,8,40,1.6020599913279623,Cad_40ppm_36.xlsx
2.204279185317477,0.33890930788148077,30.01820909217172,-0.5225000000000001,0.10823184880717848,8,40,1.6020599913279623,Cad_40ppm_37.xlsx
1.2632484301226672,0.35639749436392104,32.57738979148629,-0.54125,0.06045652363077096,8,40,1.6020599913279623,Cad_40ppm_38.xlsx
1.516513523412716,0.13279256358866037,30.107779679473307,-0.515,0.08148452554743815,8,40,1.6020599913279623,Cad_40ppm_39.xlsx
2.434753160281401,0.18462945296042413,31.515806174242428,-0.50875,0.12525568162644207,8,40,1.6020599913279623,Cad_40ppm_4.xlsx
1.4507891800866015,0.27699738383464306,30.30545120779221,-0.5175000000000001,0.07205581092063487,8,40,1.6020599913279623,Cad_40ppm_40.xlsx
1.5473049330447446,0.1779669764609032,30.134317724386715,-0.5137499999999999,0.0830426551592707,8,40,1.6020599913279623,Cad_40ppm_41.xlsx
1.4301313029942402,0.33666972290368263,30.291477467352088,-0.51125,0.07344308563311644,8,40,1.6020599913279623,Cad_40ppm_42.xlsx
1.5361876895382438,0.36682330079000314,30.362367395562764,-0.5275000000000001,0.07565267162770453,8,40,1.6020599913279623,Cad_40ppm_43.xlsx
1.334102740728731,0.17845657154116282,30.192532561868685,-0.5125,0.06539824101695488,8,40,1.6020599913279623,Cad_40ppm_44.xlsx
1.4307516806277358,0.2706175326870753,29.90668356746032,-0.5262500000000001,0.07431150801605428,8,40,1.6020599913279623,Cad_40ppm_45.xlsx
1.6142670493867368,0.3166756105031999,29.94423070544733,-0.52625,0.07988936690548289,8,40,1.6020599913279623,Cad_40ppm_46.xlsx
1.4113455589466284,0.11271868316142335,29.816430186327565,-0.51375,0.07409475737878753,8,40,1.6020599913279623,Cad_40ppm_47.xlsx
1.2407789560606193,0.398496631826636,30.27577527579364,-0.5225,0.06012287331493511,8,40,1.6020599913279623,Cad_40ppm_48.xlsx
1.1573537755411403,0.23732307312489853,30.241115451298697,-0.54125,0.05518182785407614,8,40,1.6020599913279623,Cad_40ppm_49.xlsx
2.4622317017676987,0.23221558233416378,30.99864824747475,-0.5137499999999999,0.13236643221284247,8,40,1.6020599913279623,Cad_40ppm_5.xlsx
1.3337578997474906,0.34072301018620055,30.14039105212843,-0.5237499999999999,0.06663021137626231,8,40,1.6020599913279623,Cad_40ppm_50.xlsx
2.5818124430375313,0.30024779131055523,30.778857276695526,-0.51125,0.1423687006863268,8,40,1.6020599913279623,Cad_40ppm_6.xlsx
2.604673926118339,0.32815853092787184,30.67209562842713,-0.5125,0.14339506158441462,8,40,1.6020599913279623,Cad_40ppm_7.xlsx
2.746893955230887,0.35157001607006705,30.30007364231602,-0.5125000000000001,0.16126681322456554,8,40,1.6020599913279623,Cad_40ppm_8.xlsx
3.0364945544372373,0.2710558991184311,30.30786417965368,-0.5075000000000001,0.1688772895741329,8,40,1.6020599913279623,Cad_40ppm_9.xlsx
4.208350205303021,0.7516621333942646,35.71340267424242,-0.61375,0.283722024399889,8,60,1.7781512503836436,Cad_60ppm_1.xlsx
6.5624572909090775,0.813091276204668,34.496781765151496,-0.62,0.24434343659740024,8,60,1.7781512503836436,Cad_60ppm_10.xlsx
7.234993847979794,0.6828276216029735,35.38432863636362,-0.62,0.28021956549747307,8,60,1.7781512503836436,Cad_60ppm_11.xlsx
6.989991090187582,0.6332582940752829,35.430355310606046,-0.62,0.26168805851226334,8,60,1.7781512503836436,Cad_60ppm_12.xlsx
6.564980519444443,0.7360612654599863,35.06708029292928,-0.62,0.22453091684577794,8,60,1.7781512503836436,Cad_60ppm_13.xlsx
6.485651081818177,0.7614633488234531,34.80789201262625,-0.62,0.23991994561940694,8,60,1.7781512503836436,Cad_60ppm_14.xlsx
6.0874085857142735,0.8113181414838142,34.48579008838382,-0.62,0.22180812468217706,8,60,1.7781512503836436,Cad_60ppm_15.xlsx
5.656049266197687,0.6500856229217421,33.82038378535353,-0.62,0.2155322675770187,8,60,1.7781512503836436,Cad_60ppm_16.xlsx
5.477421238023072,0.7994304020892441,33.54538403282827,-0.62,0.20144522593325934,8,60,1.7781512503836436,Cad_60ppm_17.xlsx
5.442845666053387,0.6838114381660961,33.489883040404024,-0.62,0.19299939462103025,8,60,1.7781512503836436,Cad_60ppm_18.xlsx
5.2156530269119745,0.5406566007163901,33.04775329292927,-0.62,0.18791804393362097,8,60,1.7781512503836436,Cad_60ppm_19.xlsx
2.902979087950937,0.476149217822687,25.493691060606054,-0.51875,0.19323787606204765,8,60,1.7781512503836436,Cad_60ppm_2.xlsx
4.5039474814574145,0.7328078910334364,32.225350363636345,-0.62,0.16240377029779732,8,60,1.7781512503836436,Cad_60ppm_20.xlsx
4.266885390115425,0.8679447915425091,31.951105760101,-0.62,0.15811515983098617,8,60,1.7781512503836436,Cad_60ppm_21.xlsx
4.025066335678208,0.9736338717791708,31.54650677777776,-0.6187499999999999,0.1507186384940466,8,60,1.7781512503836436,Cad_60ppm_22.xlsx
4.291567713492073,0.7137523533540544,31.781740813131304,-0.62,0.14689166179401136,8,60,1.7781512503836436,Cad_60ppm_23.xlsx
4.603194479184705,0.9116780133659295,32.11250682323231,-0.62,0.1660190744089099,8,60,1.7781512503836436,Cad_60ppm_24.xlsx
4.042542314177492,0.5276540532975431,31.7176270530303,-0.62,0.1513317357638877,8,60,1.7781512503836436,Cad_60ppm_25.xlsx
4.2292895869408405,0.7727342003908887,31.877178017676755,-0.62,0.1475262563163774,8,60,1.7781512503836436,Cad_60ppm_26.xlsx
4.178613514502151,0.7253329699587451,31.751073813131296,-0.62,0.1475596010885623,8,60,1.7781512503836436,Cad_60ppm_27.xlsx
4.170654024062063,0.7377721418873363,31.810649239898982,-0.62,0.13340525427380961,8,60,1.7781512503836436,Cad_60ppm_28.xlsx
3.763415677128426,0.8506563493604564,31.42269066161615,-0.62,0.13635168891774777,8,60,1.7781512503836436,Cad_60ppm_29.xlsx
2.0844143072150154,0.31649599614460106,25.657083715548335,-0.52,0.12625312659054755,8,60,1.7781512503836436,Cad_60ppm_3.xlsx
3.8249955647546967,0.7847458160685338,31.346685563131302,-0.62,0.135499451420454,8,60,1.7781512503836436,Cad_60ppm_30.xlsx
3.9793031690836917,0.6159163359517733,31.291047333333317,-0.62,0.16063913483784134,8,60,1.7781512503836436,Cad_60ppm_31.xlsx
4.30280465919913,0.6710958798218722,31.731740055555544,-0.62,0.1658420853791471,8,60,1.7781512503836436,Cad_60ppm_32.xlsx
3.9241932363997045,0.6969731013778826,31.340428294191902,-0.6187499999999999,0.15652756370923396,8,60,1.7781512503836436,Cad_60ppm_33.xlsx
3.7051010341269937,0.9095805960926578,31.24120181060605,-0.62,0.13755117365512248,8,60,1.7781512503836436,Cad_60ppm_34.xlsx
3.351868579112566,0.6968398451071645,30.841399626262618,-0.62,0.11346052837247494,8,60,1.7781512503836436,Cad_60ppm_35.xlsx
3.4769982754689863,0.5683927159716812,30.73769647727272,-0.62,0.13357474585461737,8,60,1.7781512503836436,Cad_60ppm_36.xlsx
3.2517398364358034,0.9260275812271279,30.49009502020202,-0.62,0.11989631540620493,8,60,1.7781512503836436,Cad_60ppm_37.xlsx
3.321526268109677,0.6835121132975857,30.54321169444443,-0.62,0.12636523721356452,8,60,1.7781512503836436,Cad_60ppm_38.xlsx
3.4535342853896123,0.5611741525696065,30.527105075757557,-0.62,0.13097577294642837,8,60,1.7781512503836436,Cad_60ppm_39.xlsx
1.3361411040404216,0.2192340654089989,26.286405446969695,-0.535,0.07238940431764088,8,60,1.7781512503836436,Cad_60ppm_4.xlsx
2.8923984121572865,0.7411927748466258,30.026146520202005,-0.62,0.10916425444029518,8,60,1.7781512503836436,Cad_60ppm_40.xlsx
3.0507327293650848,0.47272716364474177,30.195390308080796,-0.62,0.10863170359704181,8,60,1.7781512503836436,Cad_60ppm_41.xlsx
3.6223225957431433,0.7118455746441358,30.94727491035352,-0.6187499999999999,0.13831665237247373,8,60,1.7781512503836436,Cad_60ppm_42.xlsx
4.085340963852822,0.7219874302598968,31.561233068181814,-0.62,0.14603226033982597,8,60,1.7781512503836436,Cad_60ppm_43.xlsx
3.4089304582611932,0.6777615889967343,30.919870431818175,-0.62,0.13384431456511497,8,60,1.7781512503836436,Cad_60ppm_44.xlsx
3.224512246645017,0.7072264447699564,30.64229428787877,-0.6187499999999999,0.13095942492694734,8,60,1.7781512503836436,Cad_60ppm_45.xlsx
2.990353975000001,0.8154415185292225,30.322857861111096,-0.62,0.10374652808676002,8,60,1.7781512503836436,Cad_60ppm_46.xlsx
2.852007289718626,0.6647307988167394,30.069730295454537,-0.62,0.10513343734866493,8,60,1.7781512503836436,Cad_60ppm_47.xlsx
2.8731816606421425,0.7527508982871058,29.976059037878777,-0.62,0.1014229054078279,8,60,1.7781512503836436,Cad_60ppm_48.xlsx
2.4920558218975577,0.4965208697647108,29.452140720959584,-0.6187499999999999,0.09225739415873077,8,60,1.7781512503836436,Cad_60ppm_49.xlsx
1.3266710509740438,0.38766820580625233,26.730745699494943,-0.54375,0.06631553175342789,8,60,1.7781512503836436,Cad_60ppm_5.xlsx
4.922725185245303,1.3095149673509363,32.095779883838375,-0.62,0.2133558752588364,8,60,1.7781512503836436,Cad_60ppm_50.xlsx
9.635577056818173,2.450057054743846,38.51449837878786,-0.62,0.46874409764880737,8,60,1.7781512503836436,Cad_60ppm_6.xlsx
4.434724129184696,0.893659576955836,30.879700987373717,-0.62,0.17862074107737946,8,60,1.7781512503836436,Cad_60ppm_7.xlsx
4.273412942027411,0.5908212142390805,30.68326671969696,-0.62,0.17446849475450774,8,60,1.7781512503836436,Cad_60ppm_8.xlsx
5.697784489862905,0.46613145815397644,33.1044340631313,-0.62,0.21998471161020713,8,60,1.7781512503836436,Cad_60ppm_9.xlsx
2.0260154518759155,0.18025783307753437,36.98231019282107,-0.51875,0.11110623929833938,8,80,1.9030899869919435,Cad_LS_80ppm_01.xlsx
3.1185890312770637,0.526427752783006,41.686715298520916,-0.5175000000000001,0.17854834125667202,8,80,1.9030899869919435,Cad_LS_80ppm_02.xlsx
3.8473287367965607,0.4502121166980148,42.133634337301594,-0.515,0.23669271408369294,8,80,1.9030899869919435,Cad_LS_80ppm_03.xlsx
4.047107377056281,0.8056807257272205,43.19053491450216,-0.5175000000000001,0.2607747066715344,8,80,1.9030899869919435,Cad_LS_80ppm_04.xlsx
4.426532867460329,0.4311147688153319,45.40500597907647,-0.5137499999999999,0.2643272432407993,8,80,1.9030899869919435,Cad_LS_80ppm_05.xlsx
4.161700954617626,0.5131838390429218,45.04238411580087,-0.5162500000000001,0.2569221184381293,8,80,1.9030899869919435,Cad_LS_80ppm_06.xlsx
4.365629768434357,1.09133395920887,46.272550128607506,-0.5162500000000001,0.26784719770977433,8,80,1.9030899869919435,Cad_LS_80ppm_07.xlsx
5.6001459469696995,0.6849519635928767,49.30434857449494,-0.50375,0.31277975999152063,8,80,1.9030899869919435,Cad_LS_80ppm_08.xlsx
5.969914127308811,0.383539754752796,48.11663487373737,-0.505,0.3273239218672419,8,80,1.9030899869919435,Cad_LS_80ppm_09.xlsx
6.116574298340571,0.6296112412360746,47.419454926767685,-0.5025,0.3461282569756477,8,80,1.9030899869919435,Cad_LS_80ppm_10.xlsx
5.710211602020212,0.30659346027215256,46.66118112590188,-0.50875,0.32969154979328785,8,80,1.9030899869919435,Cad_LS_80ppm_11.xlsx
5.968097710858602,0.3095105945909598,47.23539462121212,-0.5062500000000001,0.34794444775613065,8,80,1.9030899869919435,Cad_LS_80ppm_12.xlsx
6.100218348196268,0.5117251227523169,48.01398249621212,-0.5037499999999999,0.34173543744498414,8,80,1.9030899869919435,Cad_LS_80ppm_13.xlsx
8.7886104770202,1.3070912703582147,49.481900314393926,-0.50125,0.4647880134581508,8,80,1.9030899869919435,Cad_LS_80ppm_14.xlsx
7.029930502272734,0.2522862432137425,46.04042344191919,-0.505,0.40709243028048114,8,80,1.9030899869919435,Cad_LS_80ppm_15.xlsx
6.519015384090916,0.5632827712578611,45.147783522727266,-0.5062500000000001,0.38517835381980314,8,80,1.9030899869919435,Cad_LS_80ppm_16.xlsx
6.4440918196609145,0.45929272741677973,46.485731069444455,-0.5062500000000001,0.361140481988815,8,80,1.9030899869919435,Cad_LS_80ppm_17.xlsx
7.928484429292947,3.022603507979509,47.68579295580808,-0.505,0.4392095824677115,8,80,1.9030899869919435,Cad_LS_80ppm_18.xlsx
6.4135595552308935,0.642462115116165,44.141864238636366,-0.5075000000000001,0.36925984695742975,8,80,1.9030899869919435,Cad_LS_80ppm_19.xlsx
6.381231407034637,0.4845867631628108,44.06972151587301,-0.50625,0.37123575498033695,8,80,1.9030899869919435,Cad_LS_80ppm_20.xlsx
6.480462409054851,0.712002671642891,44.37442397492785,-0.50625,0.3799106546488083,8,80,1.9030899869919435,Cad_LS_80ppm_21.xlsx
6.092102956673886,0.45757836402751445,44.592332497474736,-0.5062500000000001,0.3579648907718234,8,80,1.9030899869919435,Cad_LS_80ppm_22.xlsx
7.768982283044749,1.5272976808355292,46.46316431421357,-0.505,0.42649374936399537,8,80,1.9030899869919435,Cad_LS_80ppm_23.xlsx
7.051904352525258,0.6174809987546309,44.403616820707065,-0.505,0.4084334100891036,8,80,1.9030899869919435,Cad_LS_80ppm_24.xlsx
6.715637742171734,0.6166144062297771,44.3710212943723,-0.51,0.3853791891919175,8,80,1.9030899869919435,Cad_LS_80ppm_25.xlsx
6.492990430050515,0.7802326339079807,45.14243567766954,-0.5062500000000001,0.3747878235131657,8,80,1.9030899869919435,Cad_LS_80ppm_26.xlsx
7.353432597474761,0.5922585337602255,45.88365332070707,-0.5037499999999999,0.4230896621168814,8,80,1.9030899869919435,Cad_LS_80ppm_27.xlsx
7.028156542424243,0.5628498474790796,45.78950146717171,-0.505,0.4098335559148608,8,80,1.9030899869919435,Cad_LS_80ppm_28.xlsx
7.2139925528138695,0.7091435848286479,46.93356714898991,-0.505,0.3944976810046878,8,80,1.9030899869919435,Cad_LS_80ppm_29.xlsx
8.94451712121213,2.42006003686817,48.822695760101,-0.5,0.43957649621825223,8,80,1.9030899869919435,Cad_LS_80ppm_30.xlsx
7.083491721969709,0.6867932803762911,45.15335451515151,-0.5025,0.37762262279924075,8,80,1.9030899869919435,Cad_LS_80ppm_31.xlsx
6.792921224206365,0.65002556246264,44.374047007575754,-0.505,0.38230795311940696,8,80,1.9030899869919435,Cad_LS_80ppm_32.xlsx
7.003890127020211,0.597143958199008,44.420610426767674,-0.50375,0.3936077081358208,8,80,1.9030899869919435,Cad_LS_80ppm_33.xlsx
6.754825664141409,0.6549929242265254,45.630882247474744,-0.505,0.36838013937084857,8,80,1.9030899869919435,Cad_LS_80ppm_34.xlsx
7.01654868308081,0.6575018818978643,45.81994388383838,-0.5037499999999999,0.38946959666684516,8,80,1.9030899869919435,Cad_LS_80ppm_35.xlsx
7.163807584090919,0.6147436009782322,46.217386364898985,-0.505,0.3991005862925671,8,80,1.9030899869919435,Cad_LS_80ppm_36.xlsx
7.033926738888907,0.776510817188469,46.20917310353536,-0.505,0.3829586435411237,8,80,1.9030899869919435,Cad_LS_80ppm_37.xlsx
7.8432386125902065,0.48719540411815937,48.00950018434344,-0.50125,0.4104401525339092,8,80,1.9030899869919435,Cad_LS_80ppm_38.xlsx
8.099844860173171,0.36864668944586315,48.39947400883838,-0.50125,0.40434651639808633,8,80,1.9030899869919435,Cad_LS_80ppm_39.xlsx
7.7468016532106985,0.6138579866282067,47.5155790479798,-0.50125,0.38198934709144866,8,80,1.9030899869919435,Cad_LS_80ppm_40.xlsx
7.256371501226571,0.7371820431799498,46.1173018888889,-0.505,0.3909291989375884,8,80,1.9030899869919435,Cad_LS_80ppm_41.xlsx
7.073480872691211,0.6610630193678007,45.9356605189394,-0.50375,0.3744022556729779,8,80,1.9030899869919435,Cad_LS_80ppm_42.xlsx
7.028203490404041,0.5255141690894705,45.98339541666665,-0.50375,0.38023427729725634,8,80,1.9030899869919435,Cad_LS_80ppm_43.xlsx
7.270813304798002,0.46713472250700555,47.22520826641414,-0.50125,0.3578684535162323,8,80,1.9030899869919435,Cad_LS_80ppm_44.xlsx
6.889352164213571,0.3479344340904431,46.31656709090909,-0.5025,0.34921176818957245,8,80,1.9030899869919435,Cad_LS_80ppm_45.xlsx
6.443364373015883,0.7420042095482692,44.64688396717172,-0.505,0.34214867928968073,8,80,1.9030899869919435,Cad_LS_80ppm_46.xlsx
6.449932667207808,0.4507051205844274,45.0512367790404,-0.505,0.3381874195012614,8,80,1.9030899869919435,Cad_LS_80ppm_47.xlsx
6.3891398328282945,0.5025579388633453,44.162543983585856,-0.5062500000000001,0.3584948119045798,8,80,1.9030899869919435,Cad_LS_80ppm_48.xlsx
6.3806597684343656,0.5917158686271264,45.0076680858586,-0.5037499999999999,0.3332007500928913,8,80,1.9030899869919435,Cad_LS_80ppm_49.xlsx
6.436829366883131,0.7227348987671425,44.52234975,-0.50625,0.33396851763582114,8,80,1.9030899869919435,Cad_LS_80ppm_50.xlsx
4.427296904437238,0.3673340587088616,40.8642552056277,-0.5162500000000001,0.26334013741991164,8,100,2.0,Cad_LS_100ppm_01.xlsx
4.468627838167403,0.6370603093949351,39.98808299440837,-0.51375,0.2649501929724011,8,100,2.0,Cad_LS_100ppm_02.xlsx
4.816771059884573,0.47448926905183375,40.98389456980519,-0.515,0.2909500514893564,8,100,2.0,Cad_LS_100ppm_03.xlsx
5.07304700555557,0.5931273094414038,41.768934892857146,-0.51375,0.30179143388708346,8,100,2.0,Cad_LS_100ppm_04.xlsx
5.467876686760472,0.43012081188970624,42.257576036976914,-0.51625,0.3326649822150051,8,100,2.0,Cad_LS_100ppm_05.xlsx
5.475904720707091,0.4608407322702583,42.4359308373016,-0.5162500000000001,0.32893681042802897,8,100,2.0,Cad_LS_100ppm_06.xlsx
5.544543853751819,0.441489109715873,42.2995939810606,-0.51625,0.3386321325950562,8,100,2.0,Cad_LS_100ppm_07.xlsx
5.41403880310246,0.5100749694218154,43.31829522745309,-0.51125,0.3273399000992048,8,100,2.0,Cad_LS_100ppm_08.xlsx
5.614301700144324,0.5082795925951133,43.53557671392497,-0.51375,0.33544123645292095,8,100,2.0,Cad_LS_100ppm_09.xlsx
5.538244541702749,0.6827727533840865,43.457111627705615,-0.5125000000000001,0.33581036661056807,8,100,2.0,Cad_LS_100ppm_10.xlsx
5.820566560425695,0.5091946155547021,44.118375158910524,-0.51125,0.34602748633044567,8,100,2.0,Cad_LS_100ppm_11.xlsx
5.417217008441571,0.5733717371151622,43.36268864430014,-0.51125,0.32792824348232186,8,100,2.0,Cad_LS_100ppm_12.xlsx
4.989953837229451,0.3535087226918762,41.93966083116884,-0.515,0.2963168845211022,8,100,2.0,Cad_LS_100ppm_13.xlsx
5.351818788961052,0.5011746212217988,41.486648995671004,-0.51625,0.3245916761661236,8,100,2.0,Cad_LS_100ppm_14.xlsx
5.23348823870852,0.5493535784652499,41.464929720418475,-0.51375,0.3139869948405457,8,100,2.0,Cad_LS_100ppm_15.xlsx
5.524278608152967,0.5375361537024779,41.85060591522367,-0.515,0.3363553690622276,8,100,2.0,Cad_LS_100ppm_16.xlsx
4.404494689466112,0.5753135276483298,40.504671825577205,-0.51625,0.2676659857656917,8,100,2.0,Cad_LS_100ppm_17.xlsx
4.2160884856421506,0.4239437354468161,39.09838389520202,-0.51625,0.25018913100162177,8,100,2.0,Cad_LS_100ppm_18.xlsx
4.370589517748921,0.4819374003218873,38.452611919552666,-0.5175000000000001,0.2744730951123717,8,100,2.0,Cad_LS_100ppm_19.xlsx
4.556815769913436,0.38593150949294835,38.77810155988456,-0.5162500000000001,0.2757981728400057,8,100,2.0,Cad_LS_100ppm_20.xlsx
4.440839947763355,0.5651826542855569,39.237704218795095,-0.515,0.26852715025216245,8,100,2.0,Cad_LS_100ppm_21.xlsx
4.873289798845617,0.4059966599564324,39.6129789157648,-0.51625,0.29080978628950094,8,100,2.0,Cad_LS_100ppm_22.xlsx
4.999744570707076,0.40145525157807943,39.675194081529575,-0.5162500000000001,0.2989915921805537,8,100,2.0,Cad_LS_100ppm_23.xlsx
4.8664783393939475,0.4121595668290027,39.50409179924242,-0.5175000000000001,0.2928276630968598,8,100,2.0,Cad_LS_100ppm_24.xlsx
4.986367154870144,0.45045127221366954,39.90541711237374,-0.5162500000000001,0.3018697809758283,8,100,2.0,Cad_LS_100ppm_25.xlsx
4.724035297077938,0.3858656751663448,40.023605531024536,-0.5162500000000001,0.28077666900414716,8,100,2.0,Cad_LS_100ppm_26.xlsx
4.858848259704196,0.6813075405102613,39.95275439466089,-0.515,0.29300237599963763,8,100,2.0,Cad_LS_100ppm_27.xlsx
5.0123697129509495,0.47121244302459236,39.853606098304475,-0.51875,0.29338798815692446,8,100,2.0,Cad_LS_100ppm_28.xlsx
4.795756270346342,0.5376329167890599,39.78441672402598,-0.5125,0.2876745338051936,8,100,2.0,Cad_LS_100ppm_29.xlsx
4.871749984668121,0.5385353508517744,39.57232762103175,-0.5125,0.28632333233423346,8,100,2.0,Cad_LS_100ppm_30.xlsx
4.951441368326123,0.560229932794626,39.28419342911255,-0.51375,0.2972588535532086,8,100,2.0,Cad_LS_100ppm_31.xlsx
4.833739535245334,0.5533478471081675,39.23870611958875,-0.51625,0.2930856679462472,8,100,2.0,Cad_LS_100ppm_32.xlsx
4.75928495400435,0.5823408496174663,39.594553159451664,-0.5125000000000001,0.27796002692225724,8,100,2.0,Cad_LS_100ppm_33.xlsx
4.805082189502166,0.3744986293737522,39.37559363347763,-0.51375,0.2837739855467151,8,100,2.0,Cad_LS_100ppm_34.xlsx
4.675150800072163,0.5437019758482307,39.85041598629148,-0.515,0.27305221908495536,8,100,2.0,Cad_LS_100ppm_35.xlsx
4.270313203679658,0.8126638575028683,40.085801958874455,-0.5125000000000001,0.2535373356385259,8,100,2.0,Cad_LS_100ppm_36.xlsx
3.5768142392135776,0.5314185282081454,39.10742276461038,-0.5162500000000001,0.20663661312121098,8,100,2.0,Cad_LS_100ppm_37.xlsx
2.996405528318916,0.6533692042173025,38.541374516414145,-0.5175000000000001,0.18439364884036608,8,100,2.0,Cad_LS_100ppm_38.xlsx
3.024297988239555,0.5819384890909916,37.54201332305195,-0.5175000000000001,0.17632773272474644,8,100,2.0,Cad_LS_100ppm_39.xlsx
2.8349802117604668,0.6418306551207041,37.19940895689032,-0.5175000000000001,0.16267302045328083,8,100,2.0,Cad_LS_100ppm_40.xlsx
3.0011253995671057,0.681643742535319,37.154077805555545,-0.5162500000000001,0.1771193957595581,8,100,2.0,Cad_LS_100ppm_41.xlsx
3.2965964682539797,0.6996684502401733,37.11786673611111,-0.51625,0.1956575961614345,8,100,2.0,Cad_LS_100ppm_42.xlsx
2.9383478084776424,0.44049063927749504,36.874010433261176,-0.515,0.17071665175053946,8,100,2.0,Cad_LS_100ppm_43.xlsx
3.011706083766251,0.6819176292936725,36.9692131780303,-0.5162500000000001,0.17011872714249573,8,100,2.0,Cad_LS_100ppm_44.xlsx
3.0046984237373833,0.5850052410404507,37.04069701388889,-0.51625,0.17296049291341842,8,100,2.0,Cad_LS_100ppm_45.xlsx
3.1337745695526804,0.4614851485449462,36.76688856331168,-0.515,0.17350890895057608,8,100,2.0,Cad_LS_100ppm_46.xlsx
2.9325426054112675,0.5425263327176946,37.0999102804834,-0.51375,0.15836867664934975,8,100,2.0,Cad_LS_100ppm_47.xlsx
2.332151962157309,0.6273274519053934,36.87923358152959,-0.53,0.13781820235335426,8,100,2.0,Cad_LS_100ppm_48.xlsx
2.6418019130231016,0.48772590945575395,36.06701420400432,-0.515,0.14367413021825276,8,100,2.0,Cad_LS_100ppm_49.xlsx
2.626237505375192,0.577163768343409,36.03834338311688,-0.52875,0.1553944295436498,8,100,2.0,Cad_LS_100ppm_50.xlsx
3.884950704256865,0.5994836685405195,43.13290043921357,-0.51875,0.23391357693975262,8,200,2.3010299956639813,Cad_LS_200ppm_01.xlsx
3.836120410930752,0.40032394922112013,44.07326147113997,-0.51875,0.23175269389249453,8,200,2.3010299956639813,Cad_LS_200ppm_02.xlsx
3.3580433442640842,0.39923383842249704,44.780833655844155,-0.51875,0.20038977941720582,8,200,2.3010299956639813,Cad_LS_200ppm_03.xlsx
2.97455105021648,0.1505570525894925,46.78901430844157,-0.5175000000000001,0.16894051005645622,8,200,2.3010299956639813,Cad_LS_200ppm_04.xlsx
4.156024350865817,0.4555425753201438,49.42570774549062,-0.515,0.2403094957956328,8,200,2.3010299956639813,Cad_LS_200ppm_05.xlsx
3.7785755119408604,1.29905522381203,44.01944511688312,-0.52,0.2383017967987003,8,200,2.3010299956639813,Cad_LS_200ppm_06.xlsx
3.6423171020202156,0.5601380502700325,44.071446060245314,-0.51875,0.2232204538827541,8,200,2.3010299956639813,Cad_LS_200ppm_07.xlsx
3.6952482835137426,0.5579313393539642,44.768910419552675,-0.5175000000000001,0.227567803794011,8,200,2.3010299956639813,Cad_LS_200ppm_08.xlsx
4.01100973297259,0.34311857495529074,45.19393763347763,-0.51875,0.2467040370075735,8,200,2.3010299956639813,Cad_LS_200ppm_09.xlsx
3.6387362793290174,0.4210213548596126,44.756323266233764,-0.51875,0.22235236293524321,8,200,2.3010299956639813,Cad_LS_200ppm_10.xlsx
3.554730032503631,0.2891958141297525,45.26074283784273,-0.51875,0.22174358157521487,8,200,2.3010299956639813,Cad_LS_200ppm_11.xlsx
3.423337172655139,0.32283070041600376,45.11582636129149,-0.5225000000000001,0.225362166905301,8,200,2.3010299956639813,Cad_LS_200ppm_12.xlsx
4.311327785497852,0.5399042255553816,43.94363317640692,-0.5162500000000001,0.2498532299356045,8,200,2.3010299956639813,Cad_LS_200ppm_13.xlsx
3.8821698839105414,0.45495578989097496,44.77108292604618,-0.5175000000000001,0.23141684735930484,8,200,2.3010299956639813,Cad_LS_200ppm_14.xlsx
4.040162678066407,0.4194151402271758,45.132359941197706,-0.5162500000000001,0.25050150954707656,8,200,2.3010299956639813,Cad_LS_200ppm_15.xlsx
3.429444505158747,0.3686089443109428,44.534462648088024,-0.52,0.20983995976064027,8,200,2.3010299956639813,Cad_LS_200ppm_16.xlsx
2.806470032034646,0.47624445043399527,44.28670234866522,-0.5225000000000001,0.17913189265962987,8,200,2.3010299956639813,Cad_LS_200ppm_17.xlsx
2.8333794988816727,0.782573638921525,44.92738894949494,-0.52875,0.20788302732340985,8,200,2.3010299956639813,Cad_LS_200ppm_18.xlsx
2.848723915981245,0.4999097344338342,43.866454608405476,-0.525,0.19372232231024328,8,200,2.3010299956639813,Cad_LS_200ppm_19.xlsx
3.402824544300154,0.525746996471876,43.08897605212843,-0.5175000000000001,0.20831471214934857,8,200,2.3010299956639813,Cad_LS_200ppm_20.xlsx
3.1819559298340607,0.4517538805972747,43.65169151154401,-0.51875,0.19213359598412466,8,200,2.3010299956639813,Cad_LS_200ppm_21.xlsx
2.76027939613999,0.5637713781124494,43.646867756493506,-0.52,0.1690597460376969,8,200,2.3010299956639813,Cad_LS_200ppm_22.xlsx
2.491762389754708,0.4784838902661758,43.39365620183983,-0.52375,0.1730083346065997,8,200,2.3010299956639813,Cad_LS_200ppm_23.xlsx
3.1553846533910725,0.4361650072308401,43.13834894029582,-0.51875,0.18944582324657122,8,200,2.3010299956639813,Cad_LS_200ppm_24.xlsx
2.218656045526692,0.5262459105426788,44.085118790404024,-0.5325,0.14865558724675143,8,200,2.3010299956639813,Cad_LS_200ppm_25.xlsx
3.6202533277777755,3.6518042431659725,45.082644372113975,-0.5475000000000001,0.2946023829235188,8,200,2.3010299956639813,Cad_LS_200ppm_26.xlsx
2.3777482327561206,1.1459172075017796,42.517819389069246,-0.5449999999999999,0.19299875549620904,8,200,2.3010299956639813,Cad_LS_200ppm_27.xlsx
2.3547543049422677,1.3193730150335286,42.97468565999277,-0.54625,0.18685023145273852,8,200,2.3010299956639813,Cad_LS_200ppm_28.xlsx
1.8991911731241045,0.2843995632745357,42.194414235028844,-0.52375,0.13754257279491136,8,200,2.3010299956639813,Cad_LS_200ppm_29.xlsx
3.5939121361110926,3.7075367462839046,43.99725297799421,-0.5587500000000001,0.28840227045075484,8,200,2.3010299956639813,Cad_LS_200ppm_30.xlsx
2.1072120006132886,0.35213615267359455,41.007241036255415,-0.5325,0.1432629706937211,8,200,2.3010299956639813,Cad_LS_200ppm_31.xlsx
2.2005821380591746,0.27915686710043625,41.12487555844155,-0.52125,0.1362890387122998,8,200,2.3010299956639813,Cad_LS_200ppm_32.xlsx
2.268546011111132,0.4221420103536668,41.42952284794372,-0.52,0.139728456939573,8,200,2.3010299956639813,Cad_LS_200ppm_33.xlsx
2.067937994047629,0.3430862802766478,42.09898061832611,-0.525,0.14758852711471718,8,200,2.3010299956639813,Cad_LS_200ppm_34.xlsx
2.5606415342712756,2.0797398797007745,42.443675730880216,-0.56,0.19678373950360512,8,200,2.3010299956639813,Cad_LS_200ppm_35.xlsx
1.8060560768037819,0.6064768529726126,41.1302596010101,-0.53625,0.11311696813365779,8,200,2.3010299956639813,Cad_LS_200ppm_36.xlsx
2.1237846533189186,0.44928061367092337,40.98436250721501,-0.52125,0.13559960236724278,8,200,2.3010299956639813,Cad_LS_200ppm_37.xlsx
3.1459205568903146,3.381939277422461,42.659487217352066,-0.58375,0.2508191805223643,8,200,2.3010299956639813,Cad_LS_200ppm_38.xlsx
1.6299323373015868,0.7754224849436421,40.49783629365078,-0.5525,0.11445965485948562,8,200,2.3010299956639813,Cad_LS_200ppm_39.xlsx
2.5455839046536735,2.0383759645130195,41.577435261544,-0.56125,0.20063934093921149,8,200,2.3010299956639813,Cad_LS_200ppm_40.xlsx
2.9679152091991163,2.674945915425305,41.760372120670965,-0.5974999999999999,0.2323187931857843,8,200,2.3010299956639813,Cad_LS_200ppm_41.xlsx
2.9658564481601797,2.0664678666076135,41.41550960281384,-0.60625,0.20031426110876488,8,200,2.3010299956639813,Cad_LS_200ppm_42.xlsx
1.751302916414133,1.2053559058170062,40.36963342875177,-0.595,0.12798516933693982,8,200,2.3010299956639813,Cad_LS_200ppm_43.xlsx
2.288837775505038,1.8516732340258337,41.255437498376594,-0.58125,0.17827980635569812,8,200,2.3010299956639813,Cad_LS_200ppm_44.xlsx
2.288837775505038,1.8516732340258337,41.255437498376594,-0.58125,0.17827980635569812,8,200,2.3010299956639813,Cad_LS_200ppm_45.xlsx
3.3844736308802306,2.7022494777375528,41.98032222402597,-0.60375,0.2470727506338361,8,200,2.3010299956639813,Cad_LS_200ppm_46.xlsx
2.0606227767676835,1.4588223144282209,40.339149621572865,-0.5549999999999999,0.14587075965151364,8,200,2.3010299956639813,Cad_LS_200ppm_47.xlsx
1.4996865211760557,0.8280086316706681,39.924418520382375,-0.575,0.1088532812023809,8,200,2.3010299956639813,Cad_LS_200ppm_48.xlsx
1.8253801791486426,0.5073879704156637,39.95785215638528,-0.5337500000000001,0.11949833443506348,8,200,2.3010299956639813,Cad_LS_200ppm_49.xlsx
1.8337797817460437,0.3299477501999198,40.07636882738095,-0.53375,0.12221196438185239,8,200,2.3010299956639813,Cad_LS_200ppm_50.xlsx
33.581479867352094,6.6283433331616575,65.01085932846321,-0.52375,2.613054158795811,8,400,2.6020599913279625,Cad_LS_400ppm_01.xlsx
38.83223888235932,3.4124440810763264,66.8109839550866,-0.51375,2.7548027915497793,8,400,2.6020599913279625,Cad_LS_400ppm_02.xlsx
37.87964008448773,3.5759080399070156,64.43368052489177,-0.51375,2.6582721244419156,8,400,2.6020599913279625,Cad_LS_400ppm_03.xlsx
37.87964008448773,3.5759080399070156,64.43368052489177,-0.51375,2.6582721244419156,8,400,2.6020599913279625,Cad_LS_400ppm_04.xlsx
39.024023250252526,2.9249002460147824,64.49501529671717,-0.5125,2.6319595726796505,8,400,2.6020599913279625,Cad_LS_400ppm_05.xlsx
46.34875480732323,1.9293184040848297,72.09734899621212,-0.51,3.0302299738910494,8,400,2.6020599913279625,Cad_LS_400ppm_06.xlsx
52.68893449419193,1.5598989779256343,78.90046325000002,-0.51,3.428886281786973,8,400,2.6020599913279625,Cad_LS_400ppm_07.xlsx
55.15310923383838,1.248397578404635,80.52602929545455,-0.51,3.536348883944079,8,400,2.6020599913279625,Cad_LS_400ppm_08.xlsx
10.607692498340544,6.3332487834573,74.3133678726551,-0.52125,0.6718921058410852,8,400,2.6020599913279625,Cad_LS_400ppm_09.xlsx
8.063707660642148,1.251850132510159,54.405935910353534,-0.505,0.4706373138657987,8,400,2.6020599913279625,Cad_LS_400ppm_10.xlsx
4.991107669985589,0.4076604249842103,45.78119030212844,-0.51625,0.30567961674693167,8,400,2.6020599913279625,Cad_LS_400ppm_11.xlsx
4.274246103282838,0.42562595866038133,43.868430465548336,-0.5137499999999999,0.2601769409172058,8,400,2.6020599913279625,Cad_LS_400ppm_12.xlsx
2.557263416558447,0.7194001275732798,42.34262941378066,-0.52875,0.17259322189411802,8,400,2.6020599913279625,Cad_LS_400ppm_13.xlsx
5.780488099639257,6.446935829220349,45.41222707539683,-0.59,0.4441868920279552,8,400,2.6020599913279625,Cad_LS_400ppm_14.xlsx
2.7214884011543967,2.0733976964487884,40.62670802867964,-0.54625,0.21906509875450747,8,400,2.6020599913279625,Cad_LS_400ppm_15.xlsx
2.408692956782108,0.42204813678593117,38.73399320021644,-0.5225000000000001,0.15826193302128255,8,400,2.6020599913279625,Cad_LS_400ppm_16.xlsx
4.426126553354971,3.87997244798425,41.554852995490606,-0.6,0.3354767910941535,8,400,2.6020599913279625,Cad_LS_400ppm_17.xlsx
2.0503292893217724,1.2861715683840604,38.61279637373735,-0.58625,0.15568096730194586,8,400,2.6020599913279625,Cad_LS_400ppm_18.xlsx
2.1072502054473237,0.5833806797362455,37.89120980988454,-0.53,0.15586908935010607,8,400,2.6020599913279625,Cad_LS_400ppm_19.xlsx
1.8325723951298842,0.5054878534919013,37.34908816197691,-0.52,0.12248782843794956,8,400,2.6020599913279625,Cad_LS_400ppm_20.xlsx
1.9421765998557108,0.3806167020580913,37.47057274873737,-0.5475,0.13222690660984696,8,400,2.6020599913279625,Cad_LS_400ppm_21.xlsx
2.2940447828282986,1.6740039303203094,37.67630389105339,-0.55625,0.1618743881540397,8,400,2.6020599913279625,Cad_LS_400ppm_22.xlsx
3.5676927208513494,3.0861567577761146,39.31069211580085,-0.5925,0.27217276329130285,8,400,2.6020599913279625,Cad_LS_400ppm_23.xlsx
3.7775590367965384,2.9674646883709794,39.02253280032467,-0.60375,0.26154450667478174,8,400,2.6020599913279625,Cad_LS_400ppm_24.xlsx
7.991111643037511,6.478787541335273,43.906124221139954,-0.6074999999999999,0.5224708020806251,8,400,2.6020599913279625,Cad_LS_400ppm_25.xlsx
3.7453770640331987,3.075194089458855,39.208931498917735,-0.6,0.2756327831545804,8,400,2.6020599913279625,Cad_LS_400ppm_26.xlsx
3.3892357671717104,2.826224364220299,38.10666433982682,-0.6074999999999999,0.23639265187734299,8,400,2.6020599913279625,Cad_LS_400ppm_27.xlsx
2.0047678437590193,1.3475025222728056,36.627184016774876,-0.60375,0.14410641791161508,8,400,2.6020599913279625,Cad_LS_400ppm_28.xlsx
1.9523945751442815,0.7318141053197167,36.75780905772004,-0.6025,0.14731428856042278,8,400,2.6020599913279625,Cad_LS_400ppm_29.xlsx
1.6435764009740002,0.6972027079160261,36.40188791756851,-0.5625,0.12716939170634695,8,400,2.6020599913279625,Cad_LS_400ppm_30.xlsx
1.4233275351370942,0.29197222884114904,36.22628529834054,-0.5387500000000001,0.10470029045310086,8,400,2.6020599913279625,Cad_LS_400ppm_31.xlsx
1.5307371234127114,0.2503104843140964,36.327034763347754,-0.525,0.10660118700270507,8,400,2.6020599913279625,Cad_LS_400ppm_32.xlsx
1.5376965694444396,0.3000070864986737,36.19339658766232,-0.5475000000000001,0.11410756297709025,8,400,2.6020599913279625,Cad_LS_400ppm_33.xlsx
4.693137147294362,2.7226804724435816,38.602310280303016,-0.61375,0.2674807530968594,8,400,2.6020599913279625,Cad_LS_400ppm_34.xlsx
2.787957114213551,1.6633775057486255,37.19219876244587,-0.6112500000000001,0.16648604137680134,8,400,2.6020599913279625,Cad_LS_400ppm_35.xlsx
1.5851780261544164,1.0433552124658365,36.16339329960317,-0.5700000000000001,0.12291890524891695,8,400,2.6020599913279625,Cad_LS_400ppm_36.xlsx
3.592495436868699,2.0751212497984755,37.472122463383826,-0.61625,0.18929964767009366,8,400,2.6020599913279625,Cad_LS_400ppm_37.xlsx
3.2174587909091015,1.9609805885951288,37.4254073575036,-0.6112500000000001,0.18494892052741618,8,400,2.6020599913279625,Cad_LS_400ppm_38.xlsx
2.0255003245670924,1.0323752471645795,36.424786752525236,-0.5975,0.14905835226496916,8,400,2.6020599913279625,Cad_LS_400ppm_39.xlsx
3.2449622746392315,1.3388044055794999,37.27072890151513,-0.61375,0.18436918256366988,8,400,2.6020599913279625,Cad_LS_400ppm_40.xlsx
7.252922227705617,4.195302233419634,41.06244886868685,-0.6174999999999999,0.3740551674343412,8,400,2.6020599913279625,Cad_LS_400ppm_41.xlsx
4.254515046933618,2.785700591955179,38.409390035714274,-0.6125,0.24466378742550304,8,400,2.6020599913279625,Cad_LS_400ppm_42.xlsx
7.701252436507922,4.667411061534557,41.54423118686867,-0.6174999999999999,0.3924043730422053,8,400,2.6020599913279625,Cad_LS_400ppm_43.xlsx
4.247614819408371,2.439324146466191,38.306912355880215,-0.6125,0.23860358070111673,8,400,2.6020599913279625,Cad_LS_400ppm_44.xlsx
1.9878341616161501,0.9734939058634974,36.41815070382393,-0.605,0.14259950985930525,8,400,2.6020599913279625,Cad_LS_400ppm_45.xlsx
2.084145935425683,0.5870559914138659,36.626601404581514,-0.6074999999999999,0.1415301586922786,8,400,2.6020599913279625,Cad_LS_400ppm_46.xlsx
2.876517261038969,1.566533043459776,36.7836750660173,-0.61,0.16843902939105276,8,400,2.6020599913279625,Cad_LS_400ppm_47.xlsx
3.0906791272366423,1.6548024499738327,37.31120934036795,-0.6112500000000001,0.17200263533369184,8,400,2.6020599913279625,Cad_LS_400ppm_48.xlsx
2.74032597528861,1.4899103781657,36.7319597142857,-0.6125,0.15649106621626951,8,400,2.6020599913279625,Cad_LS_400ppm_49.xlsx
2.8765404634559886,1.4543523529194926,37.088377676587285,-0.60625,0.17137024494083586,8,400,2.6020599913279625,Cad_LS_400ppm_50.xlsx
5.836724601190467,5.233520247735451,40.81481586688311,-0.53375,0.36901967231691635,8,600,2.7781512503836434,Cad_600ppm_1.xlsx
3.4650139479798057,0.2181288604755036,31.28477520707071,-0.51625,0.2045087497568528,8,600,2.7781512503836434,Cad_600ppm_10.xlsx
3.5983657135281466,0.3378020030373762,31.05316806277056,-0.515,0.2229027015297607,8,600,2.7781512503836434,Cad_600ppm_11.xlsx
3.549921347402606,0.31594541803805026,30.976363505230882,-0.515,0.21737676122799302,8,600,2.7781512503836434,Cad_600ppm_12.xlsx
3.383454263419929,0.20569382870984004,31.337467594696967,-0.5275000000000001,0.19558539218903254,8,600,2.7781512503836434,Cad_600ppm_13.xlsx
3.3796116809163173,0.5208325006850704,31.4427049237013,-0.5175000000000001,0.20882526620977518,8,600,2.7781512503836434,Cad_600ppm_14.xlsx
3.375803254797985,0.2698420466052189,31.203133835137084,-0.515,0.19377018832467358,8,600,2.7781512503836434,Cad_600ppm_15.xlsx
2.862818647943733,0.38671223702548474,30.80161094101732,-0.51875,0.1663652860054099,8,600,2.7781512503836434,Cad_600ppm_16.xlsx
3.4352685111111247,0.15515165028580463,31.26972651443002,-0.5137499999999999,0.21359400977921958,8,600,2.7781512503836434,Cad_600ppm_17.xlsx
2.8578637929292956,0.6137765210127785,31.53208271338383,-0.515,0.17425600910822364,8,600,2.7781512503836434,Cad_600ppm_18.xlsx
5.329387748448769,5.936798209143312,40.948509134740256,-0.5475,0.3416681733854594,8,600,2.7781512503836434,Cad_600ppm_19.xlsx
3.408556199531027,0.34299475162203086,32.5669988742785,-0.51625,0.19740383454328836,8,600,2.7781512503836434,Cad_600ppm_2.xlsx
3.4038799256854353,0.352645056348857,33.044699089646464,-0.51375,0.20957519048087894,8,600,2.7781512503836434,Cad_600ppm_20.xlsx
3.2187884192640848,0.22536626756791625,32.51911802759741,-0.5175000000000001,0.19527912454437096,8,600,2.7781512503836434,Cad_600ppm_21.xlsx
2.460567007431459,0.6990039406079465,33.119733484848474,-0.5387500000000001,0.171654924263707,8,600,2.7781512503836434,Cad_600ppm_22.xlsx
3.066591687301596,0.2530067589761369,31.801520631313135,-0.51625,0.18555568274945736,8,600,2.7781512503836434,Cad_600ppm_23.xlsx
3.088521940909101,0.3456994871030198,31.509748550865798,-0.51625,0.19395075147240134,8,600,2.7781512503836434,Cad_600ppm_24.xlsx
3.1812621812049207,0.4024186465848122,31.479385621392495,-0.5125,0.2010930757386356,8,600,2.7781512503836434,Cad_600ppm_25.xlsx
2.837772204761909,0.44574509987376715,31.743437120851368,-0.5175000000000001,0.18270397687806472,8,600,2.7781512503836434,Cad_600ppm_26.xlsx
3.162195495310257,0.237696699244522,31.857700661976914,-0.515,0.1934205289568891,8,600,2.7781512503836434,Cad_600ppm_27.xlsx
3.193940248809529,0.20569490370264965,30.953294725649346,-0.5137499999999999,0.2052200641969682,8,600,2.7781512503836434,Cad_600ppm_28.xlsx
3.1652279645743295,0.20801919509626482,31.028970123917752,-0.5137499999999999,0.19571759958098758,8,600,2.7781512503836434,Cad_600ppm_29.xlsx
3.4014422217532534,0.3861885891515887,32.11814360082972,-0.515,0.19435246432287034,8,600,2.7781512503836434,Cad_600ppm_3.xlsx
2.831033929040419,0.38718617948408385,31.070293483225115,-0.52,0.17726134491576365,8,600,2.7781512503836434,Cad_600ppm_30.xlsx
2.9902892684704327,0.24555712728821313,31.263082147546903,-0.51875,0.18857100391666531,8,600,2.7781512503836434,Cad_600ppm_31.xlsx
2.934015385714295,0.2679758918759954,30.84978045562771,-0.51625,0.19045949636904616,8,600,2.7781512503836434,Cad_600ppm_32.xlsx
2.7767840409812523,0.31280391938674246,30.48994921626985,-0.51125,0.17562382997943574,8,600,2.7781512503836434,Cad_600ppm_33.xlsx
2.770749602308811,0.3767343822840347,30.68793460804473,-0.51875,0.17839728797727156,8,600,2.7781512503836434,Cad_600ppm_34.xlsx
2.6230516177850047,0.26501411153753474,30.834574895021643,-0.5175000000000001,0.16004400392207696,8,600,2.7781512503836434,Cad_600ppm_35.xlsx
2.6359959375901982,0.33032563717250923,30.727413817279945,-0.52,0.16718496043578512,8,600,2.7781512503836434,Cad_600ppm_36.xlsx
2.979316585245323,0.22023071410911033,30.391352231962486,-0.5137499999999999,0.18560733312337513,8,600,2.7781512503836434,Cad_600ppm_37.xlsx
2.8416420730158762,0.3261487926066575,30.126741212301585,-0.5162500000000001,0.17635056004689603,8,600,2.7781512503836434,Cad_600ppm_38.xlsx
2.598569106818191,0.2960969649515333,30.204288368145747,-0.52,0.16287018752254556,8,600,2.7781512503836434,Cad_600ppm_39.xlsx
3.3883862460317555,0.21744307019307121,31.80195001605339,-0.51375,0.20697670195219903,8,600,2.7781512503836434,Cad_600ppm_4.xlsx
2.458256622222232,0.446824230124721,30.159757506854255,-0.5162500000000001,0.15791097590295688,8,600,2.7781512503836434,Cad_600ppm_40.xlsx
2.564188928102461,0.3954368151320078,30.251374980699854,-0.52125,0.16899212767622512,8,600,2.7781512503836434,Cad_600ppm_41.xlsx
2.5591169323953977,0.16817927610095856,30.065143012987015,-0.5175000000000001,0.15421344636453738,8,600,2.7781512503836434,Cad_600ppm_42.xlsx
2.856586324494964,0.4043813338648822,29.959397034451662,-0.5125000000000001,0.17961573964808702,8,600,2.7781512503836434,Cad_600ppm_43.xlsx
2.4116201314574406,0.22642411883582111,29.78758534613997,-0.52125,0.15326597975035944,8,600,2.7781512503836434,Cad_600ppm_44.xlsx
2.4472960473665335,0.292269672510983,29.98977182900433,-0.515,0.16138583473610996,8,600,2.7781512503836434,Cad_600ppm_45.xlsx
2.483442324386729,0.3720947111250091,29.757685138528135,-0.5137499999999999,0.1569397064547245,8,600,2.7781512503836434,Cad_600ppm_46.xlsx
2.5554811920634997,0.29896838212955956,29.612879627164503,-0.5162500000000001,0.161452475162697,8,600,2.7781512503836434,Cad_600ppm_47.xlsx
2.663114420093796,0.23601637147740462,29.52494451966089,-0.5175000000000001,0.17105386262355532,8,600,2.7781512503836434,Cad_600ppm_48.xlsx
2.382364066847041,0.31564004193511713,29.55518810714285,-0.5237499999999999,0.15800504430050338,8,600,2.7781512503836434,Cad_600ppm_49.xlsx
3.544072836652243,0.3286838507380187,31.59042781150794,-0.515,0.2093349884242408,8,600,2.7781512503836434,Cad_600ppm_5.xlsx
2.2076515616522423,0.36704922176074145,29.562186112373738,-0.5175,0.14002808774548897,8,600,2.7781512503836434,Cad_600ppm_50.xlsx
3.363773193578657,0.4306888807131314,31.37999181619769,-0.51375,0.20331878375667287,8,600,2.7781512503836434,Cad_600ppm_6.xlsx
3.236911321645032,0.6952341475170108,31.088286440836942,-0.51625,0.19965437466468133,8,600,2.7781512503836434,Cad_600ppm_7.xlsx
3.5212721046897655,0.37362447461578396,31.45456581655844,-0.51125,0.2179082618584045,8,600,2.7781512503836434,Cad_600ppm_8.xlsx
3.355206637662347,0.7562195719419261,31.462422522186145,-0.515,0.20354119212662203,8,600,2.7781512503836434,Cad_600ppm_9.xlsx
1.000105607575768,0.49122977749863517,36.261704540223654,-0.5825,0.06069000773538893,8,800,2.9030899869919438,Cad_800ppm_1.xlsx
0.8678794494227895,0.2572775689853,31.186391419552645,-0.56375,0.05060730703553308,8,800,2.9030899869919438,Cad_800ppm_10.xlsx
1.0711084232323134,0.43888670115075346,30.80171073033909,-0.54625,0.06966946424512835,8,800,2.9030899869919438,Cad_800ppm_11.xlsx
0.927964224098111,0.3010938403460377,30.496494163780643,-0.54375,0.06978977946157863,8,800,2.9030899869919438,Cad_800ppm_12.xlsx
1.0682761540764738,0.2722102468555081,30.734288117965356,-0.5275000000000001,0.07437591402651342,8,800,2.9030899869919438,Cad_800ppm_13.xlsx
1.0152547264790703,0.3262106842349509,30.446986434343415,-0.54,0.07029300117965248,8,800,2.9030899869919438,Cad_800ppm_14.xlsx
1.2383104512987062,0.3256172810482564,30.456363334415574,-0.53,0.08644651109776245,8,800,2.9030899869919438,Cad_800ppm_15.xlsx
1.2160296829365076,0.3393943802532986,30.733930404401143,-0.5775,0.07686129440115297,8,800,2.9030899869919438,Cad_800ppm_16.xlsx
1.4752873040404029,0.5425368355286337,31.12926492550504,-0.58125,0.08611979077308679,8,800,2.9030899869919438,Cad_800ppm_17.xlsx
0.9957144989538138,0.4055520558526602,30.541473979076464,-0.5712499999999999,0.06770297825306508,8,800,2.9030899869919438,Cad_800ppm_18.xlsx
1.0427085270923384,0.4292695363750896,30.21843428354976,-0.54125,0.07743145703048183,8,800,2.9030899869919438,Cad_800ppm_19.xlsx
0.8149095057720182,0.20695043196990764,32.27818116341991,-0.535,0.05313067610245255,8,800,2.9030899869919438,Cad_800ppm_2.xlsx
1.0874401983766253,0.402009853553819,30.12792997943722,-0.5587500000000001,0.08116113986056916,8,800,2.9030899869919438,Cad_800ppm_20.xlsx
3.9924424112554107,3.2468515659856583,37.94717189357863,-0.58875,0.23101424583170846,8,800,2.9030899869919438,Cad_800ppm_21.xlsx
1.4958948792929365,0.5019694408635098,31.874946209054826,-0.59375,0.09286935406944341,8,800,2.9030899869919438,Cad_800ppm_22.xlsx
0.933620406132762,0.325903642440538,30.567143166486282,-0.52875,0.06231532272528738,8,800,2.9030899869919438,Cad_800ppm_23.xlsx
1.0852032679653578,0.39049254797770716,30.18257715764789,-0.5375000000000001,0.07802966795093645,8,800,2.9030899869919438,Cad_800ppm_24.xlsx
1.1787301133116856,0.34167986972195746,30.157935805735924,-0.5275000000000001,0.08192454187553938,8,800,2.9030899869919438,Cad_800ppm_25.xlsx
1.0760409400072186,0.3511482727172812,30.154747972582967,-0.565,0.08131303146879372,8,800,2.9030899869919438,Cad_800ppm_26.xlsx
1.1065052542207665,0.32191946407160044,30.21566783423519,-0.56375,0.07466655702038069,8,800,2.9030899869919438,Cad_800ppm_27.xlsx
1.294617480447314,0.407911016229251,30.122103554112527,-0.565,0.09349464906962363,8,800,2.9030899869919438,Cad_800ppm_28.xlsx
1.150673146897542,0.2938938170895181,29.753173696428554,-0.53,0.08810689985371456,8,800,2.9030899869919438,Cad_800ppm_29.xlsx
1.0401877532467663,0.3891584669302901,32.019581773268385,-0.6025,0.05481187182305233,8,800,2.9030899869919438,Cad_800ppm_3.xlsx
1.0211027740981287,0.29109610245123774,29.710985723845596,-0.525,0.0683036505321056,8,800,2.9030899869919438,Cad_800ppm_30.xlsx
3.9430522835858497,2.142562252423655,38.013707808080795,-0.6012500000000001,0.22810868541179358,8,800,2.9030899869919438,Cad_800ppm_31.xlsx
1.0259575409090806,0.2032869032267365,30.845491270923503,-0.575,0.07089686553336752,8,800,2.9030899869919438,Cad_800ppm_32.xlsx
0.9699363796897273,0.30860432589984316,30.145863347763317,-0.56875,0.06999173419372096,8,800,2.9030899869919438,Cad_800ppm_33.xlsx
0.7982811400793541,0.13757333538208746,29.95857404184702,-0.5387500000000001,0.05077526174765378,8,800,2.9030899869919438,Cad_800ppm_34.xlsx
0.9583875324314439,0.2751364676828454,29.810083488455966,-0.55,0.06977846901515006,8,800,2.9030899869919438,Cad_800ppm_35.xlsx
1.228551630483393,0.3649931800628571,29.888965644300118,-0.56125,0.0850428169583324,8,800,2.9030899869919438,Cad_800ppm_36.xlsx
0.9846937632034547,0.2280855992599,29.859621918831145,-0.575,0.06734575838528074,8,800,2.9030899869919438,Cad_800ppm_37.xlsx
0.900750961796537,0.21405881973510374,29.808400771825386,-0.59375,0.05720603997420506,8,800,2.9030899869919438,Cad_800ppm_38.xlsx
0.8445939068181731,0.2934790175173804,29.66496075829724,-0.5574999999999999,0.05217942060605943,8,800,2.9030899869919438,Cad_800ppm_39.xlsx
1.0903874670634988,0.2564335530040591,32.083081336399694,-0.61375,0.060920776067099336,8,800,2.9030899869919438,Cad_800ppm_4.xlsx
0.8886211044732852,0.2842667381389722,29.468866487554088,-0.56,0.06813067026569107,8,800,2.9030899869919438,Cad_800ppm_40.xlsx
0.9259281563852841,0.2783060193485912,29.363983479437216,-0.54875,0.06734411965638454,8,800,2.9030899869919438,Cad_800ppm_41.xlsx
0.9283970813492006,0.1641673099562767,29.34624543939392,-0.57125,0.06700930012409713,8,800,2.9030899869919438,Cad_800ppm_42.xlsx
0.7275571401515166,0.2896112207251424,29.23006037157285,-0.5800000000000001,0.051069037439033065,8,800,2.9030899869919438,Cad_800ppm_43.xlsx
0.8630979135641978,0.1972330770404409,29.315637307900403,-0.5549999999999999,0.05671261463077091,8,800,2.9030899869919438,Cad_800ppm_44.xlsx
0.8139414129869968,0.26263389515876107,29.080683809704155,-0.55,0.05631747667730769,8,800,2.9030899869919438,Cad_800ppm_45.xlsx
0.8765646550144104,0.31209397427986857,29.145649837842694,-0.5599999999999999,0.06593578898917514,8,800,2.9030899869919438,Cad_800ppm_46.xlsx
0.7723166098484682,0.1542323230552622,28.953998728535325,-0.5487500000000001,0.057683382940114214,8,800,2.9030899869919438,Cad_800ppm_47.xlsx
0.860916269841272,0.30942263171664647,29.026120309884547,-0.5762499999999999,0.06406047413672376,8,800,2.9030899869919438,Cad_800ppm_48.xlsx
0.9396138809163133,0.2041283293418685,29.13723169967532,-0.56125,0.0621736533629143,8,800,2.9030899869919438,Cad_800ppm_49.xlsx
1.2053853088023048,0.37563008387759295,31.819346420995657,-0.595,0.07842902166107364,8,800,2.9030899869919438,Cad_800ppm_5.xlsx
1.0170750101370922,0.2440199681387326,29.048316254870123,-0.5562499999999999,0.06301403797168045,8,800,2.9030899869919438,Cad_800ppm_50.xlsx
0.7097488042929192,0.3247883853724849,30.95366480194803,-0.5625,0.04812362889123232,8,800,2.9030899869919438,Cad_800ppm_6.xlsx
0.8300299735570058,0.2907129219951045,31.243939404040393,-0.5525,0.05593976698250333,8,800,2.9030899869919438,Cad_800ppm_7.xlsx
0.9487356505050499,0.2743984531750992,31.271427994949487,-0.55125,0.05678215035948614,8,800,2.9030899869919438,Cad_800ppm_8.xlsx
1.002133407900446,0.2721055820863776,31.230581374639243,-0.56,0.06071547749837635,8,800,2.9030899869919438,Cad_800ppm_9.xlsx
63.814751345454575,2.1976933923532855,126.48660721717172,-0.5,3.8535714368196206,8,1000,3.0,Cad_1000ppm_1.xlsx
84.82515763080806,2.2928506662223467,148.65831252525248,-0.5,5.326648494711032,8,1000,3.0,Cad_1000ppm_10.xlsx
85.06585603383837,2.035985860161135,148.57869777272725,-0.5,5.365021011999271,8,1000,3.0,Cad_1000ppm_11.xlsx
85.76901765126262,2.267933783152211,148.87175091919187,-0.5,5.438314188935599,8,1000,3.0,Cad_1000ppm_12.xlsx
86.23299215454541,2.153645162798156,149.1625476515151,-0.5,5.487348309033543,8,1000,3.0,Cad_1000ppm_13.xlsx
86.96887177373736,1.9422330150156855,149.07139658080808,-0.5,5.544394685604971,8,1000,3.0,Cad_1000ppm_14.xlsx
87.36199098712116,1.950154273385899,148.5270906515151,-0.5,5.591388595261355,8,1000,3.0,Cad_1000ppm_15.xlsx
87.16648168636362,2.031916160825197,147.9287286085858,-0.5,5.600630832559157,8,1000,3.0,Cad_1000ppm_16.xlsx
87.58383565757572,1.8089664860004433,147.84559449494944,-0.5,5.6231320188535285,8,1000,3.0,Cad_1000ppm_17.xlsx
88.3419845353535,1.7382476992647158,148.29655868686865,-0.5,5.6351126518470345,8,1000,3.0,Cad_1000ppm_18.xlsx
87.98288542626258,2.2833244941371476,147.3939627853535,-0.5,5.6048312535602385,8,1000,3.0,Cad_1000ppm_19.xlsx
67.44791373510098,1.8900487930417873,130.79159161111107,-0.5,4.114236171134735,8,1000,3.0,Cad_1000ppm_2.xlsx
88.17027329191916,1.984293565549084,146.8979469343434,-0.5,5.607201986784984,8,1000,3.0,Cad_1000ppm_20.xlsx
88.76963877626261,2.2935497292234737,147.23482826767673,-0.5,5.62638362318614,8,1000,3.0,Cad_1000ppm_21.xlsx
87.80928307070701,2.2339694232587384,145.92389251010096,-0.5,5.560968345934334,8,1000,3.0,Cad_1000ppm_22.xlsx
87.43993947323233,1.8547672944177642,144.7605707222222,-0.5,5.527251447774885,8,1000,3.0,Cad_1000ppm_23.xlsx
87.17383377550502,2.1362029272558383,144.02255388383833,-0.5,5.4984754327761465,8,1000,3.0,Cad_1000ppm_24.xlsx
86.78684349797977,2.179445076518326,142.81449997222217,-0.5,5.47114374273845,8,1000,3.0,Cad_1000ppm_25.xlsx
86.03441430757576,1.9890969499618045,142.0309790353535,-0.5,5.42318917760425,8,1000,3.0,Cad_1000ppm_26.xlsx
85.7750076103535,2.133504064756101,141.46637618181813,-0.5,5.396160807346134,8,1000,3.0,Cad_1000ppm_27.xlsx
85.55854046742421,2.10083324353356,140.7747303434343,-0.5,5.368861671499091,8,1000,3.0,Cad_1000ppm_28.xlsx
85.26943103358585,2.0288380549625056,139.80388994444445,-0.5,5.333987864426942,8,1000,3.0,Cad_1000ppm_29.xlsx
70.07574198964649,1.5800077425479706,134.98182908333334,-0.5,4.328115512314028,8,1000,3.0,Cad_1000ppm_3.xlsx
84.88255284469693,2.1612130494848323,138.6205491994949,-0.5,5.286533415789135,8,1000,3.0,Cad_1000ppm_30.xlsx
84.40696151085855,2.0141261367672585,137.76057135606058,-0.5,5.246861546890866,8,1000,3.0,Cad_1000ppm_31.xlsx
84.3480848050505,2.1878027293836486,137.13726018686867,-0.5,5.2353305657572085,8,1000,3.0,Cad_1000ppm_32.xlsx
83.78158654267673,2.1552957934581416,135.75307377777776,-0.5,5.2066782523014,8,1000,3.0,Cad_1000ppm_33.xlsx
83.55554287499999,2.0371524473135616,135.35424869696965,-0.5,5.147311851139063,8,1000,3.0,Cad_1000ppm_34.xlsx
83.96420029343432,2.2127490276083677,135.50969005050501,-0.5,5.135147921977265,8,1000,3.0,Cad_1000ppm_35.xlsx
83.77335788939394,2.289933474263817,134.71160259595956,-0.5,5.1019292408391,8,1000,3.0,Cad_1000ppm_36.xlsx
83.27809932247476,2.254217362838474,133.56011983333332,-0.5,5.053503758677304,8,1000,3.0,Cad_1000ppm_37.xlsx
82.80039370959592,2.5874329174507773,132.13861793686863,-0.5,5.009396212799416,8,1000,3.0,Cad_1000ppm_38.xlsx
81.68626014444443,2.617752636362199,130.85535182828278,-0.5,4.932619084709952,8,1000,3.0,Cad_1000ppm_39.xlsx
72.9135214063131,1.4786335920844904,138.69932756060604,-0.5,4.532258287010996,8,1000,3.0,Cad_1000ppm_4.xlsx
81.59931601439392,2.4132924709912214,130.6646221843434,-0.5,4.932685865298875,8,1000,3.0,Cad_1000ppm_40.xlsx
81.04248140833329,2.50878473096973,129.79754357070703,-0.5,4.878427143891949,8,1000,3.0,Cad_1000ppm_41.xlsx
80.1371141641414,2.594984108231039,128.51417515909088,-0.5,4.828308138731957,8,1000,3.0,Cad_1000ppm_42.xlsx
79.1247941247475,2.5185090640132173,127.20024610353536,-0.5,4.763706461948768,8,1000,3.0,Cad_1000ppm_43.xlsx
78.03728376136362,2.7085524228163487,125.6974794722222,-0.5,4.708495844625714,8,1000,3.0,Cad_1000ppm_44.xlsx
77.34371682070704,2.4459306131052823,124.62335005555553,-0.5,4.663240026567454,8,1000,3.0,Cad_1000ppm_45.xlsx
76.79740300101004,2.4287162497054378,123.92993455303024,-0.5,4.615501043436862,8,1000,3.0,Cad_1000ppm_46.xlsx
76.15442458383835,2.631104080437662,123.03922427777775,-0.5,4.574907259657642,8,1000,3.0,Cad_1000ppm_47.xlsx
75.80830634898989,2.7406721139996555,122.40070085353534,-0.5,4.566268208634916,8,1000,3.0,Cad_1000ppm_48.xlsx
75.26032149191914,2.61421565478223,121.64955195959593,-0.5,4.522957361242418,8,1000,3.0,Cad_1000ppm_49.xlsx
75.5101451729798,1.90463822229944,141.51998744444444,-0.5,4.727104552562223,8,1000,3.0,Cad_1000ppm_5.xlsx
74.76035391843432,2.412680909078675,120.95590578787875,-0.5,4.489748272441733,8,1000,3.0,Cad_1000ppm_50.xlsx
76.52074942550502,1.8706891518610913,142.0410060782828,-0.5,4.8154193659659015,8,1000,3.0,Cad_1000ppm_6.xlsx
78.65787613080803,1.8597264563321618,143.5051474772727,-0.5,4.970857625006849,8,1000,3.0,Cad_1000ppm_7.xlsx
79.87643120883833,1.9205755870738632,144.22159609595954,-0.5,5.04485735265277,8,1000,3.0,Cad_1000ppm_8.xlsx
83.5373489242424,1.6330610461644608,145.8007188762626,-0.5,5.159755359862908,8,1000,3.0,Cad_1000ppm_9.xlsx
